年度,醫事機構代碼,院所名稱,特約類別,人工膝關節置換後90天內發生手術傷口感染之案件數,人工膝關節置換案件數,人工膝關節置換病人數,傷口感染率,人工膝關節置換醫師數,病患平均年齡,病患重大傷病比率,分母重大傷病人數,縣市別,鄉鎮別
2014年全年度,0101090517,臺北市立聯合醫院,2,3.0000,140.0000,134,2.14%,19,71.6567,8.96%,12,63000,63000060
2015年上半年度,0101090517,臺北市立聯合醫院,2,0.0000,69.0000,68,0%,17,72.8529,8.82%,6,63000,63000060
2015年全年度,0101090517,臺北市立聯合醫院,2,3.0000,161.0000,155,1.86%,20,73.1161,7.74%,12,63000,63000060
2016年上半年度,0101090517,臺北市立聯合醫院,2,3.0000,79.0000,79,3.8%,19,71.7594,13.92%,11,63000,63000060
2016年全年度,0101090517,臺北市立聯合醫院,2,4.0000,182.0000,175,2.2%,23,71.7257,9.71%,17,63000,63000060
2017年上半年度,0101090517,臺北市立聯合醫院,2,2.0000,96.0000,93,2.08%,23,70.2688,13.98%,13,63000,63000060
2017年全年度,0101090517,臺北市立聯合醫院,2,2.0000,231.0000,218,0.87%,26,71.9174,17.43%,38,63000,63000060
2018年上半年度,0101090517,臺北市立聯合醫院,2,0.0000,106.0000,104,0%,20,72.2596,15.38%,16,63000,63000060
2018年全年度,0101090517,臺北市立聯合醫院,2,3.0000,247.0000,235,1.21%,26,72.2808,13.62%,32,63000,63000060
2019年上半年度,0101090517,臺北市立聯合醫院,2,2.0000,111.0000,109,1.8%,24,72.8165,12.84%,14,63000,63000060
2019年全年度,0101090517,臺北市立聯合醫院,2,3.0000,228.0000,217,1.32%,29,72.7373,12.44%,27,63000,63000060
2020年上半年度,0101090517,臺北市立聯合醫院,2,0.0000,92.0000,88,0%,20,72.8295,9.09%,8,63000,63000060
2020年全年度,0101090517,臺北市立聯合醫院,2,2.0000,235.0000,221,0.85%,28,73.0452,12.67%,28,63000,63000060
2021年上半年度,0101090517,臺北市立聯合醫院,2,0.0000,106.0000,106,0%,23,73.3018,14.15%,15,63000,63000060
2021年全年度,0101090517,臺北市立聯合醫院,2,0.0000,205.0000,200,0%,27,72.2600,13.5%,27,63000,63000060
2022年上半年度,0101090517,臺北市立聯合醫院,2,2.0000,86.0000,86,2.33%,19,73.6395,16.28%,14,63000,63000060
2022年全年度,0101090517,臺北市立聯合醫院,2,2.0000,210.0000,197,0.95%,30,72.4720,16.75%,33,63000,63000060
2023年上半年度,0101090517,臺北市立聯合醫院,2,2.0000,159.0000,154,1.26%,23,73.4155,10.39%,16,63000,63000060
2023年全年度,0101090517,臺北市立聯合醫院,2,4.0000,321.0000,296,1.25%,26,73.1587,14.19%,42,63000,63000060
2024年上半年度,0101090517,臺北市立聯合醫院,2,2.0000,176.0000,172,1.14%,30,72.9418,17.44%,30,63000,63000060
2024年全年度,0101090517,臺北市立聯合醫院,2,4.0000,386.0000,366,1.04%,32,73.1284,15.3%,56,63000,63000060
2025年上半年度,0101090517,臺北市立聯合醫院,2,0.0000,182.0000,178,0%,26,72.3707,11.8%,21,63000,63000060
2014年全年度,0102020011,高雄市立聯合醫院,2,0.0000,22.0000,18,0%,5,73.3888,22.22%,4,64000,64000020
2015年上半年度,0102020011,高雄市立聯合醫院,2,0.0000,8.0000,8,0%,4,73.6250,0%,0,64000,64000020
2015年全年度,0102020011,高雄市立聯合醫院,2,0.0000,20.0000,19,0%,4,69.5263,0%,0,64000,64000020
2016年上半年度,0102020011,高雄市立聯合醫院,2,0.0000,14.0000,14,0%,2,68.1428,7.14%,1,64000,64000020
2016年全年度,0102020011,高雄市立聯合醫院,2,0.0000,22.0000,21,0%,2,68.3333,9.52%,2,64000,64000020
2017年全年度,0102020011,高雄市立聯合醫院,2,0.0000,10.0000,9,0%,2,72.4444,11.11%,1,64000,64000020
2018年上半年度,0102020011,高雄市立聯合醫院,2,0.0000,7.0000,7,0%,2,71.1428,14.29%,1,64000,64000020
2018年全年度,0102020011,高雄市立聯合醫院,2,0.0000,11.0000,10,0%,2,72.7000,10%,1,64000,64000020
2019年上半年度,0102020011,高雄市立聯合醫院,2,0.0000,4.0000,4,0%,2,79.7500,25%,1,64000,64000020
2019年全年度,0102020011,高雄市立聯合醫院,2,0.0000,9.0000,9,0%,3,76.2222,33.33%,3,64000,64000020
2020年上半年度,0102020011,高雄市立聯合醫院,2,0.0000,1.0000,1,0%,1,80.0000,100%,1,64000,64000020
2020年全年度,0102020011,高雄市立聯合醫院,2,0.0000,7.0000,7,0%,3,67.8571,42.86%,3,64000,64000020
2021年上半年度,0102020011,高雄市立聯合醫院,2,0.0000,6.0000,6,0%,2,68.6666,16.67%,1,64000,64000020
2021年全年度,0102020011,高雄市立聯合醫院,2,0.0000,13.0000,13,0%,3,70.6923,15.38%,2,64000,64000020
2022年上半年度,0102020011,高雄市立聯合醫院,2,0.0000,1.0000,1,0%,1,75.0000,0%,0,64000,64000020
2022年全年度,0102020011,高雄市立聯合醫院,2,0.0000,9.0000,9,0%,2,74.4444,11.11%,1,64000,64000020
2023年上半年度,0102020011,高雄市立聯合醫院,2,0.0000,11.0000,10,0%,3,76.0000,10%,1,64000,64000020
2023年全年度,0102020011,高雄市立聯合醫院,2,0.0000,16.0000,15,0%,3,75.2000,6.67%,1,64000,64000020
2024年上半年度,0102020011,高雄市立聯合醫院,2,0.0000,8.0000,8,0%,3,72.6250,0%,0,64000,64000020
2024年全年度,0102020011,高雄市立聯合醫院,2,0.0000,32.0000,32,0%,4,70.3750,9.38%,3,64000,64000020
2025年上半年度,0102020011,高雄市立聯合醫院,2,0.0000,30.0000,30,0%,2,71.6333,16.67%,5,64000,64000020
2014年全年度,0102080017,高雄市立民生醫院,3,1.0000,131.0000,122,0.76%,4,71.4344,13.11%,16,64000,64000080
2015年上半年度,0102080017,高雄市立民生醫院,3,0.0000,98.0000,93,0%,4,71.3010,5.38%,5,64000,64000080
2015年全年度,0102080017,高雄市立民生醫院,3,0.0000,181.0000,168,0%,4,70.9107,5.36%,9,64000,64000080
2016年上半年度,0102080017,高雄市立民生醫院,3,0.0000,87.0000,84,0%,4,72.2738,8.33%,7,64000,64000080
2016年全年度,0102080017,高雄市立民生醫院,3,0.0000,158.0000,149,0%,4,72.4362,12.75%,19,64000,64000080
2017年上半年度,0102080017,高雄市立民生醫院,3,0.0000,77.0000,77,0%,4,74.8701,11.69%,9,64000,64000080
2017年全年度,0102080017,高雄市立民生醫院,3,2.0000,209.0000,197,0.96%,4,73.4314,12.69%,25,64000,64000080
2018年上半年度,0102080017,高雄市立民生醫院,3,0.0000,132.0000,127,0%,4,73.4881,11.81%,15,64000,64000080
2018年全年度,0102080017,高雄市立民生醫院,3,1.0000,270.0000,256,0.37%,4,72.8398,13.67%,35,64000,64000080
2019年上半年度,0102080017,高雄市立民生醫院,3,0.0000,124.0000,122,0%,4,72.8360,16.39%,20,64000,64000080
2019年全年度,0102080017,高雄市立民生醫院,3,0.0000,215.0000,204,0%,4,72.8333,15.2%,31,64000,64000080
2020年上半年度,0102080017,高雄市立民生醫院,3,0.0000,86.0000,80,0%,6,70.9500,11.25%,9,64000,64000080
2020年全年度,0102080017,高雄市立民生醫院,3,0.0000,198.0000,185,0%,7,71.8756,10.81%,20,64000,64000080
2021年上半年度,0102080017,高雄市立民生醫院,3,0.0000,84.0000,84,0%,6,74.0714,14.29%,12,64000,64000080
2021年全年度,0102080017,高雄市立民生醫院,3,0.0000,176.0000,172,0%,6,74.3081,13.37%,23,64000,64000080
2022年上半年度,0102080017,高雄市立民生醫院,3,0.0000,72.0000,72,0%,5,73.4722,15.28%,11,64000,64000080
2022年全年度,0102080017,高雄市立民生醫院,3,0.0000,176.0000,171,0%,7,73.3918,17.54%,30,64000,64000080
2023年上半年度,0102080017,高雄市立民生醫院,3,3.0000,103.0000,100,2.91%,6,73.0400,16%,16,64000,64000080
2023年全年度,0102080017,高雄市立民生醫院,3,3.0000,182.0000,176,1.65%,6,73.5795,15.91%,28,64000,64000080
2024年上半年度,0102080017,高雄市立民生醫院,3,0.0000,85.0000,83,0%,7,73.8795,14.46%,12,64000,64000080
2024年全年度,0102080017,高雄市立民生醫院,3,1.0000,150.0000,146,.67%,7,73.8972,13.7%,20,64000,64000080
2025年上半年度,0102080017,高雄市立民生醫院,3,1.0000,71.0000,70,1.41%,6,73.1714,20%,14,64000,64000080
2025年上半年度,0107340027,高雄市立大同醫院,2,0.0000,15.0000,15,0%,3,74.4666,20%,3,64000,64000070
2014年全年度,0111070010,衛生福利部基隆醫院,2,0.0000,18.0000,18,0%,4,70.0000,11.11%,2,10017,10017070
2015年上半年度,0111070010,衛生福利部基隆醫院,2,0.0000,13.0000,13,0%,4,70.5384,0%,0,10017,10017070
2015年全年度,0111070010,衛生福利部基隆醫院,2,0.0000,23.0000,22,0%,4,71.5909,4.55%,1,10017,10017070
2016年上半年度,0111070010,衛生福利部基隆醫院,2,0.0000,7.0000,7,0%,3,73.8571,0%,0,10017,10017070
2016年全年度,0111070010,衛生福利部基隆醫院,2,0.0000,24.0000,24,0%,4,74.0000,4.17%,1,10017,10017070
2017年上半年度,0111070010,衛生福利部基隆醫院,2,0.0000,12.0000,12,0%,5,73.9166,16.67%,2,10017,10017070
2017年全年度,0111070010,衛生福利部基隆醫院,2,0.0000,32.0000,31,0%,5,71.5161,6.45%,2,10017,10017070
2018年上半年度,0111070010,衛生福利部基隆醫院,2,0.0000,16.0000,16,0%,5,73.3750,0%,0,10017,10017070
2018年全年度,0111070010,衛生福利部基隆醫院,2,0.0000,36.0000,36,0%,5,72.9166,5.56%,2,10017,10017070
2019年上半年度,0111070010,衛生福利部基隆醫院,2,0.0000,18.0000,17,0%,4,74.8235,11.76%,2,10017,10017070
2019年全年度,0111070010,衛生福利部基隆醫院,2,0.0000,35.0000,33,0%,4,73.2424,12.12%,4,10017,10017070
2020年上半年度,0111070010,衛生福利部基隆醫院,2,0.0000,13.0000,13,0%,5,71.3846,0%,0,10017,10017070
2020年全年度,0111070010,衛生福利部基隆醫院,2,0.0000,32.0000,31,0%,5,72.9354,3.23%,1,10017,10017070
2021年上半年度,0111070010,衛生福利部基隆醫院,2,0.0000,15.0000,15,0%,5,72.6000,6.67%,1,10017,10017070
2021年全年度,0111070010,衛生福利部基隆醫院,2,0.0000,36.0000,36,0%,5,72.3611,11.11%,4,10017,10017070
2022年上半年度,0111070010,衛生福利部基隆醫院,2,0.0000,15.0000,15,0%,4,70.9333,20%,3,10017,10017070
2022年全年度,0111070010,衛生福利部基隆醫院,2,0.0000,34.0000,33,0%,5,70.6363,15.15%,5,10017,10017070
2023年上半年度,0111070010,衛生福利部基隆醫院,2,0.0000,22.0000,22,0%,5,71.4090,9.09%,2,10017,10017070
2023年全年度,0111070010,衛生福利部基隆醫院,2,0.0000,47.0000,47,0%,5,71.3404,8.51%,4,10017,10017070
2024年上半年度,0111070010,衛生福利部基隆醫院,2,0.0000,30.0000,30,0%,5,73.0000,13.33%,4,10017,10017070
2024年全年度,0111070010,衛生福利部基隆醫院,2,0.0000,61.0000,60,0%,5,72.0500,11.67%,7,10017,10017070
2025年上半年度,0111070010,衛生福利部基隆醫院,2,1.0000,21.0000,21,4.76%,4,70.2857,14.29%,3,10017,10017070
2014年全年度,0117030010,衛生福利部臺中醫院,2,0.0000,33.0000,30,0%,4,69.8000,16.67%,5,66000,66000030
2015年上半年度,0117030010,衛生福利部臺中醫院,2,0.0000,14.0000,14,0%,4,78.0000,7.14%,1,66000,66000030
2015年全年度,0117030010,衛生福利部臺中醫院,2,0.0000,34.0000,32,0%,4,75.4062,9.38%,3,66000,66000030
2016年上半年度,0117030010,衛生福利部臺中醫院,2,0.0000,12.0000,12,0%,3,74.0000,25%,3,66000,66000030
2016年全年度,0117030010,衛生福利部臺中醫院,2,0.0000,27.0000,27,0%,4,76.1851,25.93%,7,66000,66000030
2017年上半年度,0117030010,衛生福利部臺中醫院,2,0.0000,10.0000,10,0%,4,73.2000,50%,5,66000,66000030
2017年全年度,0117030010,衛生福利部臺中醫院,2,0.0000,21.0000,20,0%,5,73.1000,40%,8,66000,66000030
2018年上半年度,0117030010,衛生福利部臺中醫院,2,0.0000,14.0000,13,0%,3,75.6923,30.77%,4,66000,66000030
2018年全年度,0117030010,衛生福利部臺中醫院,2,0.0000,19.0000,18,0%,3,76.0555,33.33%,6,66000,66000030
2019年上半年度,0117030010,衛生福利部臺中醫院,2,1.0000,9.0000,9,11.11%,2,68.3333,33.33%,3,66000,66000030
2019年全年度,0117030010,衛生福利部臺中醫院,2,1.0000,20.0000,20,5%,3,71.5000,30%,6,66000,66000030
2020年上半年度,0117030010,衛生福利部臺中醫院,2,0.0000,7.0000,7,0%,3,71.5714,14.29%,1,66000,66000030
2020年全年度,0117030010,衛生福利部臺中醫院,2,0.0000,20.0000,20,0%,4,70.3000,20%,4,66000,66000030
2021年上半年度,0117030010,衛生福利部臺中醫院,2,0.0000,6.0000,6,0%,3,77.6666,16.67%,1,66000,66000030
2021年全年度,0117030010,衛生福利部臺中醫院,2,0.0000,17.0000,17,0%,3,74.9411,17.65%,3,66000,66000030
2022年上半年度,0117030010,衛生福利部臺中醫院,2,0.0000,5.0000,5,0%,2,77.2000,20%,1,66000,66000030
2022年全年度,0117030010,衛生福利部臺中醫院,2,0.0000,25.0000,24,0%,3,73.5000,29.17%,7,66000,66000030
2023年上半年度,0117030010,衛生福利部臺中醫院,2,0.0000,9.0000,9,0%,4,71.7777,44.44%,4,66000,66000030
2023年全年度,0117030010,衛生福利部臺中醫院,2,0.0000,26.0000,23,0%,4,69.5652,26.09%,6,66000,66000030
2024年上半年度,0117030010,衛生福利部臺中醫院,2,0.0000,7.0000,7,0%,2,68.2857,28.57%,2,66000,66000030
2024年全年度,0117030010,衛生福利部臺中醫院,2,0.0000,17.0000,17,0%,3,72.0588,17.65%,3,66000,66000030
2025年上半年度,0117030010,衛生福利部臺中醫院,2,0.0000,14.0000,13,0%,3,76.8461,0%,0,66000,66000030
2014年全年度,0121050011,衛生福利部臺南醫院,2,0.0000,200.0000,181,0%,4,70.5138,7.73%,14,10021,67000370
2015年上半年度,0121050011,衛生福利部臺南醫院,2,0.0000,72.0000,71,0%,3,71.0281,15.49%,11,10021,67000370
2015年全年度,0121050011,衛生福利部臺南醫院,2,0.0000,194.0000,183,0%,3,71.6994,10.93%,20,10021,67000370
2016年上半年度,0121050011,衛生福利部臺南醫院,2,0.0000,82.0000,79,0%,3,71.2911,15.19%,12,10021,67000370
2016年全年度,0121050011,衛生福利部臺南醫院,2,0.0000,185.0000,176,0%,5,71.1988,10.23%,18,10021,67000370
2017年上半年度,0121050011,衛生福利部臺南醫院,2,0.0000,107.0000,105,0%,4,70.7904,16.19%,17,10021,67000370
2017年全年度,0121050011,衛生福利部臺南醫院,2,1.0000,233.0000,225,0.43%,4,70.9644,14.22%,32,10021,67000370
2018年上半年度,0121050011,衛生福利部臺南醫院,2,0.0000,97.0000,93,0%,3,72.3225,12.9%,12,10021,67000370
2018年全年度,0121050011,衛生福利部臺南醫院,2,0.0000,217.0000,197,0%,3,71.4365,9.64%,19,10021,67000370
2019年上半年度,0121050011,衛生福利部臺南醫院,2,0.0000,129.0000,129,0%,5,71.1085,14.73%,19,10021,67000370
2019年全年度,0121050011,衛生福利部臺南醫院,2,0.0000,252.0000,236,0%,6,71.1059,12.71%,30,10021,67000370
2020年上半年度,0121050011,衛生福利部臺南醫院,2,0.0000,82.0000,81,0%,4,71.6913,13.58%,11,10021,67000370
2020年全年度,0121050011,衛生福利部臺南醫院,2,1.0000,228.0000,219,0.44%,4,72.3515,12.33%,27,10021,67000370
2021年上半年度,0121050011,衛生福利部臺南醫院,2,0.0000,85.0000,84,0%,3,73.0952,8.33%,7,10021,67000370
2021年全年度,0121050011,衛生福利部臺南醫院,2,1.0000,186.0000,179,0.54%,3,72.2569,13.41%,24,10021,67000370
2022年上半年度,0121050011,衛生福利部臺南醫院,2,0.0000,87.0000,85,0%,3,72.1176,23.53%,20,10021,67000370
2022年全年度,0121050011,衛生福利部臺南醫院,2,1.0000,212.0000,203,0.47%,3,72.1330,16.75%,34,10021,67000370
2023年上半年度,0121050011,衛生福利部臺南醫院,2,0.0000,116.0000,112,0%,3,72.0535,16.07%,18,10021,67000370
2023年全年度,0121050011,衛生福利部臺南醫院,2,0.0000,248.0000,236,0%,3,72.1991,15.25%,36,10021,67000370
2024年上半年度,0121050011,衛生福利部臺南醫院,2,0.0000,131.0000,130,0%,2,72.0230,10%,13,10021,67000370
2024年全年度,0121050011,衛生福利部臺南醫院,2,0.0000,245.0000,236,0%,3,71.8686,12.29%,29,10021,67000370
2025年上半年度,0121050011,衛生福利部臺南醫院,2,0.0000,101.0000,99,0%,3,72.2121,18.18%,18,10021,67000370
2014年全年度,0122020517,衛生福利部嘉義醫院,3,0.0000,1.0000,1,0%,1,65.0000,100%,1,10020,10020020
2015年上半年度,0122020517,衛生福利部嘉義醫院,3,0.0000,5.0000,5,0%,1,71.6000,20%,1,10020,10020020
2015年全年度,0122020517,衛生福利部嘉義醫院,3,0.0000,8.0000,8,0%,1,72.0000,12.5%,1,10020,10020020
2016年上半年度,0122020517,衛生福利部嘉義醫院,3,0.0000,1.0000,1,0%,1,69.0000,0%,0,10020,10020020
2016年全年度,0122020517,衛生福利部嘉義醫院,3,0.0000,4.0000,4,0%,2,64.7500,0%,0,10020,10020020
2017年上半年度,0122020517,衛生福利部嘉義醫院,3,0.0000,3.0000,3,0%,3,73.3333,0%,0,10020,10020020
2017年全年度,0122020517,衛生福利部嘉義醫院,3,0.0000,3.0000,3,0%,3,73.3333,0%,0,10020,10020020
2018年上半年度,0122020517,衛生福利部嘉義醫院,3,0.0000,6.0000,6,0%,2,70.0000,16.67%,1,10020,10020020
2018年全年度,0122020517,衛生福利部嘉義醫院,3,0.0000,10.0000,10,0%,3,70.7000,10%,1,10020,10020020
2019年上半年度,0122020517,衛生福利部嘉義醫院,3,0.0000,5.0000,5,0%,2,67.0000,40%,2,10020,10020020
2019年全年度,0122020517,衛生福利部嘉義醫院,3,0.0000,7.0000,7,0%,3,67.7142,57.14%,4,10020,10020020
2020年上半年度,0122020517,衛生福利部嘉義醫院,3,0.0000,3.0000,2,0%,2,66.5000,0%,0,10020,10020020
2020年全年度,0122020517,衛生福利部嘉義醫院,3,0.0000,3.0000,2,0%,2,66.5000,0%,0,10020,10020020
2021年上半年度,0122020517,衛生福利部嘉義醫院,3,0.0000,1.0000,1,0%,1,65.0000,0%,0,10020,10020020
2021年全年度,0122020517,衛生福利部嘉義醫院,3,0.0000,3.0000,3,0%,1,71.6666,0%,0,10020,10020020
2022年上半年度,0122020517,衛生福利部嘉義醫院,3,0.0000,2.0000,2,0%,2,80.0000,0%,0,10020,10020020
2022年全年度,0122020517,衛生福利部嘉義醫院,3,0.0000,2.0000,2,0%,2,80.0000,0%,0,10020,10020020
2023年全年度,0122020517,衛生福利部嘉義醫院,3,0.0000,3.0000,3,0%,2,77.3333,100%,3,10020,10020020
2024年上半年度,0122020517,衛生福利部嘉義醫院,3,0.0000,1.0000,1,0%,1,66.0000,0%,0,10020,10020020
2024年全年度,0122020517,衛生福利部嘉義醫院,3,0.0000,7.0000,7,0%,2,68.2857,42.86%,3,10020,10020020
2025年上半年度,0122020517,衛生福利部嘉義醫院,3,0.0000,1.0000,1,0%,1,78.0000,0%,0,10020,10020020
2014年全年度,0131020016,新北市立聯合醫院,2,0.0000,8.0000,8,0%,4,72.5000,0%,0,65000,65000020
2015年上半年度,0131020016,新北市立聯合醫院,2,0.0000,7.0000,7,0%,3,64.4285,0%,0,65000,65000020
2015年全年度,0131020016,新北市立聯合醫院,2,0.0000,19.0000,18,0%,4,70.1666,5.56%,1,65000,65000020
2016年上半年度,0131020016,新北市立聯合醫院,2,0.0000,14.0000,14,0%,4,69.7142,14.29%,2,65000,65000020
2016年全年度,0131020016,新北市立聯合醫院,2,0.0000,36.0000,34,0%,4,70.8823,8.82%,3,65000,65000020
2017年上半年度,0131020016,新北市立聯合醫院,2,0.0000,9.0000,8,0%,3,69.2500,12.5%,1,65000,65000020
2017年全年度,0131020016,新北市立聯合醫院,2,0.0000,27.0000,23,0%,3,70.6521,4.35%,1,65000,65000020
2018年上半年度,0131020016,新北市立聯合醫院,2,0.0000,7.0000,7,0%,3,69.0000,14.29%,1,65000,65000020
2018年全年度,0131020016,新北市立聯合醫院,2,0.0000,24.0000,22,0%,4,69.5454,4.55%,1,65000,65000020
2019年上半年度,0131020016,新北市立聯合醫院,2,0.0000,20.0000,18,0%,4,73.2222,5.56%,1,65000,65000020
2019年全年度,0131020016,新北市立聯合醫院,2,0.0000,49.0000,43,0%,4,74.2325,9.3%,4,65000,65000020
2020年上半年度,0131020016,新北市立聯合醫院,2,0.0000,11.0000,9,0%,4,68.3333,22.22%,2,65000,65000020
2020年全年度,0131020016,新北市立聯合醫院,2,0.0000,47.0000,45,0%,5,72.2666,17.78%,8,65000,65000020
2021年上半年度,0131020016,新北市立聯合醫院,2,0.0000,35.0000,33,0%,5,72.9393,3.03%,1,65000,65000020
2021年全年度,0131020016,新北市立聯合醫院,2,0.0000,71.0000,65,0%,5,71.8307,9.23%,6,65000,65000020
2022年上半年度,0131020016,新北市立聯合醫院,2,1.0000,23.0000,22,4.35%,5,71.7727,4.55%,1,65000,65000020
2022年全年度,0131020016,新北市立聯合醫院,2,1.0000,77.0000,71,1.3%,5,72.4225,4.23%,3,65000,65000020
2023年上半年度,0131020016,新北市立聯合醫院,2,0.0000,49.0000,49,0%,5,74.3469,16.33%,8,65000,65000020
2023年全年度,0131020016,新北市立聯合醫院,2,1.0000,107.0000,101,.93%,5,72.5247,11.88%,12,65000,65000020
2024年上半年度,0131020016,新北市立聯合醫院,2,0.0000,49.0000,49,0%,5,73.9591,10.2%,5,65000,65000020
2024年全年度,0131020016,新北市立聯合醫院,2,0.0000,108.0000,101,0%,5,73.3465,7.92%,8,65000,65000020
2025年上半年度,0131020016,新北市立聯合醫院,2,0.0000,50.0000,49,0%,6,73.2244,6.12%,3,65000,65000020
2014年全年度,0131060010,衛生福利部樂生療養院,3,0.0000,14.0000,14,0%,2,69.7857,14.29%,2,65000,65000050
2015年上半年度,0131060010,衛生福利部樂生療養院,3,0.0000,10.0000,10,0%,1,68.8000,0%,0,65000,65000050
2015年全年度,0131060010,衛生福利部樂生療養院,3,0.0000,26.0000,26,0%,2,73.0000,15.38%,4,65000,65000050
2016年上半年度,0131060010,衛生福利部樂生療養院,3,0.0000,14.0000,13,0%,3,66.6153,15.38%,2,65000,65000050
2016年全年度,0131060010,衛生福利部樂生療養院,3,0.0000,29.0000,27,0%,3,69.4814,11.11%,3,65000,65000050
2017年上半年度,0131060010,衛生福利部樂生療養院,3,0.0000,24.0000,23,0%,3,73.0434,4.35%,1,65000,65000050
2017年全年度,0131060010,衛生福利部樂生療養院,3,0.0000,42.0000,41,0%,3,69.5121,7.32%,3,65000,65000050
2018年上半年度,0131060010,衛生福利部樂生療養院,3,0.0000,17.0000,17,0%,2,71.4117,11.76%,2,65000,65000050
2018年全年度,0131060010,衛生福利部樂生療養院,3,0.0000,35.0000,35,0%,2,69.9714,5.71%,2,65000,65000050
2019年上半年度,0131060010,衛生福利部樂生療養院,3,0.0000,16.0000,16,0%,1,70.4375,6.25%,1,65000,65000050
2019年全年度,0131060010,衛生福利部樂生療養院,3,0.0000,37.0000,37,0%,2,72.2162,5.41%,2,65000,65000050
2020年上半年度,0131060010,衛生福利部樂生療養院,3,0.0000,10.0000,10,0%,1,70.4000,10%,1,65000,65000050
2020年全年度,0131060010,衛生福利部樂生療養院,3,0.0000,25.0000,25,0%,1,70.4000,8%,2,65000,65000050
2021年上半年度,0131060010,衛生福利部樂生療養院,3,1.0000,11.0000,11,9.09%,3,70.6363,18.18%,2,65000,65000050
2021年全年度,0131060010,衛生福利部樂生療養院,3,1.0000,18.0000,18,5.56%,3,70.6111,22.22%,4,65000,65000050
2022年上半年度,0131060010,衛生福利部樂生療養院,3,0.0000,9.0000,9,0%,1,71.2222,11.11%,1,65000,65000050
2022年全年度,0131060010,衛生福利部樂生療養院,3,0.0000,26.0000,23,0%,1,72.8260,21.74%,5,65000,65000050
2023年上半年度,0131060010,衛生福利部樂生療養院,3,0.0000,16.0000,16,0%,1,75.5000,6.25%,1,65000,65000050
2023年全年度,0131060010,衛生福利部樂生療養院,3,0.0000,40.0000,37,0%,2,72.3243,10.81%,4,65000,65000050
2024年上半年度,0131060010,衛生福利部樂生療養院,3,0.0000,22.0000,22,0%,1,75.2727,31.82%,7,65000,65000050
2024年全年度,0131060010,衛生福利部樂生療養院,3,0.0000,40.0000,39,0%,1,75.7179,23.08%,9,65000,65000050
2025年上半年度,0131060010,衛生福利部樂生療養院,3,0.0000,26.0000,26,0%,1,75.0000,26.92%,7,65000,65000050
2014年全年度,0131060029,衛生福利部臺北醫院,2,0.0000,17.0000,16,0%,4,70.3125,18.75%,3,65000,65000050
2015年上半年度,0131060029,衛生福利部臺北醫院,2,0.0000,12.0000,12,0%,4,68.0833,16.67%,2,65000,65000050
2015年全年度,0131060029,衛生福利部臺北醫院,2,0.0000,24.0000,23,0%,4,70.9565,8.7%,2,65000,65000050
2016年上半年度,0131060029,衛生福利部臺北醫院,2,0.0000,11.0000,10,0%,3,73.6000,0%,0,65000,65000050
2016年全年度,0131060029,衛生福利部臺北醫院,2,0.0000,24.0000,22,0%,4,70.7272,0%,0,65000,65000050
2017年上半年度,0131060029,衛生福利部臺北醫院,2,0.0000,21.0000,21,0%,3,69.9523,19.05%,4,65000,65000050
2017年全年度,0131060029,衛生福利部臺北醫院,2,0.0000,40.0000,36,0%,3,69.5833,13.89%,5,65000,65000050
2018年上半年度,0131060029,衛生福利部臺北醫院,2,0.0000,17.0000,17,0%,4,68.2941,23.53%,4,65000,65000050
2018年全年度,0131060029,衛生福利部臺北醫院,2,0.0000,50.0000,47,0%,4,71.4680,12.77%,6,65000,65000050
2019年上半年度,0131060029,衛生福利部臺北醫院,2,1.0000,28.0000,27,3.57%,4,70.7407,18.52%,5,65000,65000050
2019年全年度,0131060029,衛生福利部臺北醫院,2,1.0000,74.0000,71,1.35%,4,71.5070,15.49%,11,65000,65000050
2020年上半年度,0131060029,衛生福利部臺北醫院,2,0.0000,16.0000,16,0%,4,70.0625,12.5%,2,65000,65000050
2020年全年度,0131060029,衛生福利部臺北醫院,2,0.0000,62.0000,60,0%,5,70.5666,8.33%,5,65000,65000050
2021年上半年度,0131060029,衛生福利部臺北醫院,2,0.0000,21.0000,20,0%,4,69.8000,5%,1,65000,65000050
2021年全年度,0131060029,衛生福利部臺北醫院,2,0.0000,48.0000,47,0%,4,68.8510,12.77%,6,65000,65000050
2022年上半年度,0131060029,衛生福利部臺北醫院,2,0.0000,39.0000,38,0%,6,70.3684,15.79%,6,65000,65000050
2022年全年度,0131060029,衛生福利部臺北醫院,2,0.0000,84.0000,81,0%,7,70.8641,16.05%,13,65000,65000050
2023年上半年度,0131060029,衛生福利部臺北醫院,2,0.0000,37.0000,37,0%,5,71.0540,13.51%,5,65000,65000050
2023年全年度,0131060029,衛生福利部臺北醫院,2,0.0000,95.0000,94,0%,5,72.5106,14.89%,14,65000,65000050
2024年上半年度,0131060029,衛生福利部臺北醫院,2,0.0000,55.0000,53,0%,7,71.1509,11.32%,6,65000,65000050
2024年全年度,0131060029,衛生福利部臺北醫院,2,0.0000,121.0000,115,0%,7,71.3913,13.04%,15,65000,65000050
2025年上半年度,0131060029,衛生福利部臺北醫院,2,0.0000,59.0000,59,0%,5,68.6271,16.95%,10,65000,65000050
2014年全年度,0132010014,衛生福利部桃園醫院,2,2.0000,108.0000,101,1.85%,9,68.3366,4.95%,5,68000,68000010
2015年上半年度,0132010014,衛生福利部桃園醫院,2,0.0000,46.0000,43,0%,7,70.0465,13.95%,6,68000,68000010
2015年全年度,0132010014,衛生福利部桃園醫院,2,1.0000,121.0000,117,0.83%,8,71.4102,10.26%,12,68000,68000010
2016年上半年度,0132010014,衛生福利部桃園醫院,2,0.0000,53.0000,51,0%,8,70.7843,11.76%,6,68000,68000010
2016年全年度,0132010014,衛生福利部桃園醫院,2,0.0000,139.0000,132,0%,8,71.3560,9.85%,13,68000,68000010
2017年上半年度,0132010014,衛生福利部桃園醫院,2,0.0000,90.0000,89,0%,8,71.7752,14.61%,13,68000,68000010
2017年全年度,0132010014,衛生福利部桃園醫院,2,1.0000,183.0000,173,0.55%,9,71.0982,15.03%,26,68000,68000010
2018年上半年度,0132010014,衛生福利部桃園醫院,2,0.0000,98.0000,94,0%,9,70.4680,15.96%,15,68000,68000010
2018年全年度,0132010014,衛生福利部桃園醫院,2,3.0000,198.0000,188,1.52%,9,70.6861,12.77%,24,68000,68000010
2019年上半年度,0132010014,衛生福利部桃園醫院,2,0.0000,115.0000,111,0%,10,71.6846,7.21%,8,68000,68000010
2019年全年度,0132010014,衛生福利部桃園醫院,2,1.0000,212.0000,198,0.47%,10,71.3989,8.08%,16,68000,68000010
2020年上半年度,0132010014,衛生福利部桃園醫院,2,0.0000,74.0000,72,0%,9,71.7500,22.22%,16,68000,68000010
2020年全年度,0132010014,衛生福利部桃園醫院,2,1.0000,196.0000,185,0.51%,12,72.4054,16.76%,31,68000,68000010
2021年上半年度,0132010014,衛生福利部桃園醫院,2,1.0000,55.0000,53,1.82%,9,72.2264,13.21%,7,68000,68000010
2021年全年度,0132010014,衛生福利部桃園醫院,2,3.0000,146.0000,137,2.05%,12,72.1897,17.52%,24,68000,68000010
2022年上半年度,0132010014,衛生福利部桃園醫院,2,1.0000,62.0000,61,1.61%,11,71.7540,9.84%,6,68000,68000010
2022年全年度,0132010014,衛生福利部桃園醫院,2,2.0000,177.0000,168,1.13%,12,71.9523,17.86%,30,68000,68000010
2023年上半年度,0132010014,衛生福利部桃園醫院,2,1.0000,100.0000,97,1%,12,71.9690,14.43%,14,68000,68000010
2023年全年度,0132010014,衛生福利部桃園醫院,2,1.0000,215.0000,206,.47%,14,72.2621,12.62%,26,68000,68000010
2024年上半年度,0132010014,衛生福利部桃園醫院,2,1.0000,112.0000,110,.89%,14,71.5545,12.73%,14,68000,68000010
2024年全年度,0132010014,衛生福利部桃園醫院,2,1.0000,225.0000,216,.44%,15,71.8055,9.72%,21,68000,68000010
2025年上半年度,0132010014,衛生福利部桃園醫院,2,0.0000,93.0000,91,0%,11,70.9890,16.48%,15,68000,68000010
2014年全年度,0132110519,衛生福利部桃園醫院新屋分院,3,0.0000,8.0000,6,0%,2,66.0000,16.67%,1,68000,68000110
2015年上半年度,0132110519,衛生福利部桃園醫院新屋分院,3,0.0000,2.0000,2,0%,1,80.5000,50%,1,68000,68000110
2015年全年度,0132110519,衛生福利部桃園醫院新屋分院,3,0.0000,14.0000,12,0%,3,77.0000,8.33%,1,68000,68000110
2016年上半年度,0132110519,衛生福利部桃園醫院新屋分院,3,1.0000,4.0000,4,25%,1,68.0000,25%,1,68000,68000110
2016年全年度,0132110519,衛生福利部桃園醫院新屋分院,3,1.0000,11.0000,11,9.09%,2,68.4545,18.18%,2,68000,68000110
2017年上半年度,0132110519,衛生福利部桃園醫院新屋分院,3,0.0000,5.0000,5,0%,2,72.8000,0%,0,68000,68000110
2017年全年度,0132110519,衛生福利部桃園醫院新屋分院,3,0.0000,12.0000,11,0%,2,73.2727,0%,0,68000,68000110
2018年上半年度,0132110519,衛生福利部桃園醫院新屋分院,3,0.0000,9.0000,9,0%,4,73.5555,0%,0,68000,68000110
2018年全年度,0132110519,衛生福利部桃園醫院新屋分院,3,0.0000,15.0000,14,0%,4,74.5714,0%,0,68000,68000110
2019年上半年度,0132110519,衛生福利部桃園醫院新屋分院,3,0.0000,3.0000,3,0%,3,70.3333,0%,0,68000,68000110
2019年全年度,0132110519,衛生福利部桃園醫院新屋分院,3,0.0000,16.0000,15,0%,4,71.2666,13.33%,2,68000,68000110
2020年上半年度,0132110519,衛生福利部桃園醫院新屋分院,3,0.0000,8.0000,8,0%,2,73.2500,12.5%,1,68000,68000110
2020年全年度,0132110519,衛生福利部桃園醫院新屋分院,3,0.0000,29.0000,28,0%,5,75.7857,10.71%,3,68000,68000110
2021年上半年度,0132110519,衛生福利部桃園醫院新屋分院,3,0.0000,15.0000,15,0%,5,70.2666,0%,0,68000,68000110
2021年全年度,0132110519,衛生福利部桃園醫院新屋分院,3,0.0000,33.0000,33,0%,5,71.0000,6.06%,2,68000,68000110
2022年上半年度,0132110519,衛生福利部桃園醫院新屋分院,3,0.0000,15.0000,15,0%,3,77.8000,6.67%,1,68000,68000110
2022年全年度,0132110519,衛生福利部桃園醫院新屋分院,3,0.0000,40.0000,38,0%,5,74.3421,5.26%,2,68000,68000110
2023年上半年度,0132110519,衛生福利部桃園醫院新屋分院,3,0.0000,31.0000,31,0%,4,73.1290,6.45%,2,68000,68000110
2023年全年度,0132110519,衛生福利部桃園醫院新屋分院,3,0.0000,53.0000,52,0%,4,72.4423,9.62%,5,68000,68000110
2024年上半年度,0132110519,衛生福利部桃園醫院新屋分院,3,0.0000,21.0000,20,0%,4,70.6500,15%,3,68000,68000110
2024年全年度,0132110519,衛生福利部桃園醫院新屋分院,3,0.0000,45.0000,44,0%,5,73.5681,9.09%,4,68000,68000110
2025年上半年度,0132110519,衛生福利部桃園醫院新屋分院,3,0.0000,22.0000,22,0%,4,71.9545,27.27%,6,68000,68000110
2014年全年度,0135010016,衛生福利部苗栗醫院,2,0.0000,265.0000,248,0%,2,72.2661,9.27%,23,10005,10005010
2015年上半年度,0135010016,衛生福利部苗栗醫院,2,0.0000,117.0000,115,0%,2,72.1652,7.83%,9,10005,10005010
2015年全年度,0135010016,衛生福利部苗栗醫院,2,0.0000,257.0000,244,0%,2,72.3442,6.97%,17,10005,10005010
2016年上半年度,0135010016,衛生福利部苗栗醫院,2,1.0000,133.0000,129,0.75%,4,73.3488,11.63%,15,10005,10005010
2016年全年度,0135010016,衛生福利部苗栗醫院,2,2.0000,286.0000,269,0.7%,4,73.0669,11.15%,30,10005,10005010
2017年上半年度,0135010016,衛生福利部苗栗醫院,2,1.0000,131.0000,130,0.76%,3,74.2461,12.31%,16,10005,10005010
2017年全年度,0135010016,衛生福利部苗栗醫院,2,1.0000,281.0000,265,0.36%,5,73.9283,10.94%,29,10005,10005010
2018年上半年度,0135010016,衛生福利部苗栗醫院,2,0.0000,130.0000,126,0%,3,73.1269,7.14%,9,10005,10005010
2018年全年度,0135010016,衛生福利部苗栗醫院,2,1.0000,290.0000,277,0.34%,7,73.6137,10.47%,29,10005,10005010
2019年上半年度,0135010016,衛生福利部苗栗醫院,2,0.0000,134.0000,130,0%,2,74.3000,13.08%,17,10005,10005010
2019年全年度,0135010016,衛生福利部苗栗醫院,2,1.0000,272.0000,257,0.37%,5,73.5836,11.28%,29,10005,10005010
2020年上半年度,0135010016,衛生福利部苗栗醫院,2,0.0000,87.0000,84,0%,1,73.6428,9.52%,8,10005,10005010
2020年全年度,0135010016,衛生福利部苗栗醫院,2,0.0000,219.0000,211,0%,1,73.5592,12.8%,27,10005,10005010
2021年上半年度,0135010016,衛生福利部苗栗醫院,2,0.0000,86.0000,84,0%,1,75.3333,14.29%,12,10005,10005010
2021年全年度,0135010016,衛生福利部苗栗醫院,2,0.0000,208.0000,202,0%,1,74.2970,9.9%,20,10005,10005010
2022年上半年度,0135010016,衛生福利部苗栗醫院,2,0.0000,86.0000,80,0%,4,71.3875,8.75%,7,10005,10005010
2022年全年度,0135010016,衛生福利部苗栗醫院,2,0.0000,185.0000,172,0%,4,72.5581,9.88%,17,10005,10005010
2023年上半年度,0135010016,衛生福利部苗栗醫院,2,0.0000,102.0000,100,0%,2,75.8800,17%,17,10005,10005010
2023年全年度,0135010016,衛生福利部苗栗醫院,2,0.0000,200.0000,192,0%,4,73.9687,14.58%,28,10005,10005010
2024年上半年度,0135010016,衛生福利部苗栗醫院,2,0.0000,101.0000,99,0%,4,73.3636,22.22%,22,10005,10005010
2024年全年度,0135010016,衛生福利部苗栗醫院,2,1.0000,197.0000,192,.51%,4,73.0156,16.67%,32,10005,10005010
2025年上半年度,0135010016,衛生福利部苗栗醫院,2,1.0000,98.0000,93,1.02%,1,72.7634,17.2%,16,10005,10005010
2014年全年度,0136010010,衛生福利部豐原醫院,2,3.0000,73.0000,69,4.11%,6,71.2608,10.14%,7,66000,66000090
2015年上半年度,0136010010,衛生福利部豐原醫院,2,0.0000,21.0000,20,0%,6,75.6000,5%,1,66000,66000090
2015年全年度,0136010010,衛生福利部豐原醫院,2,0.0000,53.0000,50,0%,7,73.2200,12%,6,66000,66000090
2016年上半年度,0136010010,衛生福利部豐原醫院,2,0.0000,25.0000,25,0%,4,69.9200,20%,5,66000,66000090
2016年全年度,0136010010,衛生福利部豐原醫院,2,0.0000,59.0000,57,0%,7,72.9122,10.53%,6,66000,66000090
2017年上半年度,0136010010,衛生福利部豐原醫院,2,0.0000,25.0000,25,0%,6,73.0800,8%,2,66000,66000090
2017年全年度,0136010010,衛生福利部豐原醫院,2,0.0000,45.0000,42,0%,7,72.0476,7.14%,3,66000,66000090
2018年上半年度,0136010010,衛生福利部豐原醫院,2,0.0000,40.0000,40,0%,6,71.3000,7.5%,3,66000,66000090
2018年全年度,0136010010,衛生福利部豐原醫院,2,3.0000,110.0000,108,2.73%,7,71.7037,12.96%,14,66000,66000090
2019年上半年度,0136010010,衛生福利部豐原醫院,2,1.0000,66.0000,65,1.52%,6,71.6307,13.85%,9,66000,66000090
2019年全年度,0136010010,衛生福利部豐原醫院,2,2.0000,133.0000,125,1.5%,7,71.8560,15.2%,19,66000,66000090
2020年上半年度,0136010010,衛生福利部豐原醫院,2,1.0000,44.0000,43,2.27%,3,69.6976,18.6%,8,66000,66000090
2020年全年度,0136010010,衛生福利部豐原醫院,2,1.0000,119.0000,112,0.84%,6,70.6160,16.96%,19,66000,66000090
2021年上半年度,0136010010,衛生福利部豐原醫院,2,0.0000,57.0000,56,0%,6,70.9107,19.64%,11,66000,66000090
2021年全年度,0136010010,衛生福利部豐原醫院,2,1.0000,86.0000,84,1.16%,6,71.4047,15.48%,13,66000,66000090
2022年上半年度,0136010010,衛生福利部豐原醫院,2,0.0000,38.0000,38,0%,5,74.6578,5.26%,2,66000,66000090
2022年全年度,0136010010,衛生福利部豐原醫院,2,0.0000,79.0000,76,0%,7,73.7368,6.58%,5,66000,66000090
2023年上半年度,0136010010,衛生福利部豐原醫院,2,1.0000,54.0000,53,1.85%,6,73.7547,15.09%,8,66000,66000090
2023年全年度,0136010010,衛生福利部豐原醫院,2,1.0000,103.0000,99,.97%,7,72.5151,13.13%,13,66000,66000090
2024年上半年度,0136010010,衛生福利部豐原醫院,2,1.0000,45.0000,45,2.22%,7,71.3333,15.56%,7,66000,66000090
2024年全年度,0136010010,衛生福利部豐原醫院,2,1.0000,111.0000,103,.9%,8,70.7475,20.39%,21,66000,66000090
2025年上半年度,0136010010,衛生福利部豐原醫院,2,0.0000,50.0000,50,0%,8,70.7000,16%,8,66000,66000090
2014年全年度,0137170515,衛生福利部彰化醫院,2,0.0000,109.0000,104,0%,3,69.4326,8.65%,9,10007,10007150
2015年上半年度,0137170515,衛生福利部彰化醫院,2,0.0000,41.0000,41,0%,2,71.2926,0%,0,10007,10007150
2015年全年度,0137170515,衛生福利部彰化醫院,2,0.0000,88.0000,82,0%,3,70.6341,3.66%,3,10007,10007150
2016年上半年度,0137170515,衛生福利部彰化醫院,2,0.0000,42.0000,41,0%,2,71.2195,14.63%,6,10007,10007150
2016年全年度,0137170515,衛生福利部彰化醫院,2,0.0000,97.0000,92,0%,2,70.1739,13.04%,12,10007,10007150
2017年上半年度,0137170515,衛生福利部彰化醫院,2,0.0000,56.0000,55,0%,2,69.6727,7.27%,4,10007,10007150
2017年全年度,0137170515,衛生福利部彰化醫院,2,0.0000,103.0000,100,0%,3,70.2500,10%,10,10007,10007150
2018年上半年度,0137170515,衛生福利部彰化醫院,2,0.0000,38.0000,38,0%,3,70.7894,10.53%,4,10007,10007150
2018年全年度,0137170515,衛生福利部彰化醫院,2,0.0000,71.0000,69,0%,4,69.7681,13.04%,9,10007,10007150
2019年上半年度,0137170515,衛生福利部彰化醫院,2,0.0000,35.0000,35,0%,3,68.7714,2.86%,1,10007,10007150
2019年全年度,0137170515,衛生福利部彰化醫院,2,0.0000,75.0000,72,0%,3,69.0555,9.72%,7,10007,10007150
2020年上半年度,0137170515,衛生福利部彰化醫院,2,0.0000,28.0000,28,0%,4,71.8214,14.29%,4,10007,10007150
2020年全年度,0137170515,衛生福利部彰化醫院,2,0.0000,75.0000,72,0%,5,70.9583,12.5%,9,10007,10007150
2021年上半年度,0137170515,衛生福利部彰化醫院,2,1.0000,23.0000,23,4.35%,3,71.5652,13.04%,3,10007,10007150
2021年全年度,0137170515,衛生福利部彰化醫院,2,1.0000,68.0000,64,1.47%,5,71.4843,14.06%,9,10007,10007150
2022年上半年度,0137170515,衛生福利部彰化醫院,2,1.0000,24.0000,23,4.17%,4,72.7826,26.09%,6,10007,10007150
2022年全年度,0137170515,衛生福利部彰化醫院,2,1.0000,52.0000,51,1.92%,4,71.6666,25.49%,13,10007,10007150
2023年上半年度,0137170515,衛生福利部彰化醫院,2,0.0000,33.0000,33,0%,3,70.7272,15.15%,5,10007,10007150
2023年全年度,0137170515,衛生福利部彰化醫院,2,0.0000,75.0000,74,0%,4,70.5540,17.57%,13,10007,10007150
2024年上半年度,0137170515,衛生福利部彰化醫院,2,0.0000,39.0000,37,0%,4,74.3513,13.51%,5,10007,10007150
2024年全年度,0137170515,衛生福利部彰化醫院,2,0.0000,79.0000,74,0%,4,72.1891,14.86%,11,10007,10007150
2025年上半年度,0137170515,衛生福利部彰化醫院,2,0.0000,65.0000,64,0%,3,71.4218,10.94%,7,10007,10007150
2014年全年度,0138010027,衛生福利部南投醫院,2,1.0000,258.0000,244,0.39%,4,71.0614,6.15%,15,10008,10008010
2015年上半年度,0138010027,衛生福利部南投醫院,2,0.0000,119.0000,117,0%,2,71.0170,9.4%,11,10008,10008010
2015年全年度,0138010027,衛生福利部南投醫院,2,0.0000,263.0000,251,0%,4,71.6892,9.56%,24,10008,10008010
2016年上半年度,0138010027,衛生福利部南投醫院,2,0.0000,111.0000,109,0%,3,71.8073,5.5%,6,10008,10008010
2016年全年度,0138010027,衛生福利部南投醫院,2,0.0000,271.0000,260,0%,5,71.6076,7.31%,19,10008,10008010
2017年上半年度,0138010027,衛生福利部南投醫院,2,1.0000,145.0000,143,0.69%,3,71.9020,9.79%,14,10008,10008010
2017年全年度,0138010027,衛生福利部南投醫院,2,2.0000,289.0000,280,0.69%,4,72.6714,12.5%,35,10008,10008010
2018年上半年度,0138010027,衛生福利部南投醫院,2,1.0000,164.0000,163,0.61%,4,72.0981,11.66%,19,10008,10008010
2018年全年度,0138010027,衛生福利部南投醫院,2,3.0000,324.0000,314,0.93%,6,71.6656,11.78%,37,10008,10008010
2019年上半年度,0138010027,衛生福利部南投醫院,2,0.0000,165.0000,162,0%,3,71.9814,12.35%,20,10008,10008010
2019年全年度,0138010027,衛生福利部南投醫院,2,0.0000,285.0000,271,0%,4,72.2361,12.92%,35,10008,10008010
2020年上半年度,0138010027,衛生福利部南投醫院,2,0.0000,99.0000,97,0%,2,71.7010,9.28%,9,10008,10008010
2020年全年度,0138010027,衛生福利部南投醫院,2,2.0000,285.0000,277,0.7%,4,71.3465,7.58%,21,10008,10008010
2021年上半年度,0138010027,衛生福利部南投醫院,2,0.0000,118.0000,116,0%,2,73.0603,9.48%,11,10008,10008010
2021年全年度,0138010027,衛生福利部南投醫院,2,0.0000,257.0000,248,0%,3,72.6491,10.89%,27,10008,10008010
2022年上半年度,0138010027,衛生福利部南投醫院,2,0.0000,108.0000,105,0%,3,71.5047,11.43%,12,10008,10008010
2022年全年度,0138010027,衛生福利部南投醫院,2,0.0000,249.0000,238,0%,4,71.4705,11.34%,27,10008,10008010
2023年上半年度,0138010027,衛生福利部南投醫院,2,2.0000,139.0000,138,1.44%,4,73.4637,16.67%,23,10008,10008010
2023年全年度,0138010027,衛生福利部南投醫院,2,2.0000,291.0000,282,.69%,4,73.5815,15.25%,43,10008,10008010
2024年上半年度,0138010027,衛生福利部南投醫院,2,0.0000,149.0000,145,0%,4,72.6068,8.97%,13,10008,10008010
2024年全年度,0138010027,衛生福利部南投醫院,2,0.0000,286.0000,273,0%,4,72.3223,9.89%,27,10008,10008010
2025年上半年度,0138010027,衛生福利部南投醫院,2,0.0000,130.0000,128,0%,4,72.0468,10.94%,14,10008,10008010
2014年全年度,0140010028,衛生福利部朴子醫院,3,0.0000,8.0000,7,0%,1,76.1428,0%,0,10010,10010020
2015年上半年度,0140010028,衛生福利部朴子醫院,3,0.0000,5.0000,5,0%,1,69.2000,0%,0,10010,10010020
2015年全年度,0140010028,衛生福利部朴子醫院,3,0.0000,11.0000,10,0%,1,72.2000,0%,0,10010,10010020
2016年上半年度,0140010028,衛生福利部朴子醫院,3,0.0000,5.0000,5,0%,1,66.4000,0%,0,10010,10010020
2016年全年度,0140010028,衛生福利部朴子醫院,3,0.0000,9.0000,7,0%,2,67.7142,0%,0,10010,10010020
2017年上半年度,0140010028,衛生福利部朴子醫院,3,0.0000,3.0000,3,0%,2,67.6666,0%,0,10010,10010020
2017年全年度,0140010028,衛生福利部朴子醫院,3,0.0000,12.0000,11,0%,3,72.6363,0%,0,10010,10010020
2018年上半年度,0140010028,衛生福利部朴子醫院,3,0.0000,2.0000,2,0%,1,66.5000,0%,0,10010,10010020
2018年全年度,0140010028,衛生福利部朴子醫院,3,0.0000,2.0000,2,0%,1,66.5000,0%,0,10010,10010020
2019年全年度,0140010028,衛生福利部朴子醫院,3,0.0000,1.0000,1,0%,1,62.0000,0%,0,10010,10010020
2021年上半年度,0140010028,衛生福利部朴子醫院,3,0.0000,1.0000,1,0%,1,68.0000,100%,1,10010,10010020
2021年全年度,0140010028,衛生福利部朴子醫院,3,0.0000,8.0000,8,0%,3,69.5000,25%,2,10010,10010020
2022年上半年度,0140010028,衛生福利部朴子醫院,3,1.0000,4.0000,4,25%,1,71.5000,0%,0,10010,10010020
2022年全年度,0140010028,衛生福利部朴子醫院,3,1.0000,11.0000,11,9.09%,1,68.8181,18.18%,2,10010,10010020
2023年上半年度,0140010028,衛生福利部朴子醫院,3,0.0000,3.0000,3,0%,1,70.3333,0%,0,10010,10010020
2023年全年度,0140010028,衛生福利部朴子醫院,3,0.0000,9.0000,8,0%,1,72.1250,0%,0,10010,10010020
2024年上半年度,0140010028,衛生福利部朴子醫院,3,0.0000,4.0000,4,0%,1,68.7500,0%,0,10010,10010020
2024年全年度,0140010028,衛生福利部朴子醫院,3,0.0000,6.0000,6,0%,1,67.8333,16.67%,1,10010,10010020
2025年上半年度,0140010028,衛生福利部朴子醫院,3,0.0000,8.0000,8,0%,1,71.0000,0%,0,10010,10010020
2014年全年度,0141010013,衛生福利部新營醫院,3,0.0000,13.0000,12,0%,1,71.6666,8.33%,1,10021,67000010
2015年上半年度,0141010013,衛生福利部新營醫院,3,0.0000,4.0000,4,0%,2,72.5000,0%,0,10021,67000010
2015年全年度,0141010013,衛生福利部新營醫院,3,0.0000,15.0000,15,0%,2,72.4666,6.67%,1,10021,67000010
2016年上半年度,0141010013,衛生福利部新營醫院,3,0.0000,6.0000,6,0%,1,72.1666,0%,0,10021,67000010
2016年全年度,0141010013,衛生福利部新營醫院,3,0.0000,15.0000,15,0%,1,70.4000,0%,0,10021,67000010
2017年上半年度,0141010013,衛生福利部新營醫院,3,0.0000,7.0000,7,0%,2,65.8571,28.57%,2,10021,67000010
2017年全年度,0141010013,衛生福利部新營醫院,3,0.0000,17.0000,16,0%,2,69.9375,37.5%,6,10021,67000010
2018年上半年度,0141010013,衛生福利部新營醫院,3,0.0000,9.0000,9,0%,3,71.5555,0%,0,10021,67000010
2018年全年度,0141010013,衛生福利部新營醫院,3,0.0000,21.0000,21,0%,4,70.3333,0%,0,10021,67000010
2019年上半年度,0141010013,衛生福利部新營醫院,3,0.0000,9.0000,9,0%,1,67.6666,0%,0,10021,67000010
2019年全年度,0141010013,衛生福利部新營醫院,3,0.0000,19.0000,17,0%,2,69.1176,11.76%,2,10021,67000010
2020年上半年度,0141010013,衛生福利部新營醫院,3,0.0000,8.0000,8,0%,1,72.6250,37.5%,3,10021,67000010
2020年全年度,0141010013,衛生福利部新營醫院,3,0.0000,18.0000,17,0%,2,73.2941,29.41%,5,10021,67000010
2021年上半年度,0141010013,衛生福利部新營醫院,3,0.0000,6.0000,6,0%,1,70.0000,0%,0,10021,67000010
2021年全年度,0141010013,衛生福利部新營醫院,3,0.0000,20.0000,20,0%,1,73.9500,5%,1,10021,67000010
2022年上半年度,0141010013,衛生福利部新營醫院,3,0.0000,8.0000,7,0%,2,72.8571,0%,0,10021,67000010
2022年全年度,0141010013,衛生福利部新營醫院,3,0.0000,14.0000,11,0%,2,73.3636,0%,0,10021,67000010
2023年上半年度,0141010013,衛生福利部新營醫院,3,0.0000,3.0000,3,0%,1,69.3333,0%,0,10021,67000010
2023年全年度,0141010013,衛生福利部新營醫院,3,0.0000,10.0000,10,0%,1,67.5000,10%,1,10021,67000010
2024年上半年度,0141010013,衛生福利部新營醫院,3,0.0000,10.0000,10,0%,2,69.6000,20%,2,10021,67000010
2024年全年度,0141010013,衛生福利部新營醫院,3,0.0000,21.0000,21,0%,2,69.3809,19.05%,4,10021,67000010
2025年上半年度,0141010013,衛生福利部新營醫院,3,0.0000,12.0000,12,0%,2,70.5000,8.33%,1,10021,67000010
2017年全年度,0141060513,衛生福利部臺南醫院新化分院,3,0.0000,1.0000,1,0%,1,69.0000,100%,1,10021,67000180
2018年上半年度,0141060513,衛生福利部臺南醫院新化分院,3,0.0000,4.0000,4,0%,1,75.7500,0%,0,10021,67000180
2018年全年度,0141060513,衛生福利部臺南醫院新化分院,3,0.0000,9.0000,8,0%,2,70.5000,12.5%,1,10021,67000180
2019年上半年度,0141060513,衛生福利部臺南醫院新化分院,3,0.0000,1.0000,1,0%,1,67.0000,100%,1,10021,67000180
2019年全年度,0141060513,衛生福利部臺南醫院新化分院,3,0.0000,7.0000,6,0%,1,73.5000,16.67%,1,10021,67000180
2020年上半年度,0141060513,衛生福利部臺南醫院新化分院,3,0.0000,4.0000,4,0%,1,71.0000,0%,0,10021,67000180
2020年全年度,0141060513,衛生福利部臺南醫院新化分院,3,0.0000,13.0000,13,0%,2,74.9230,7.69%,1,10021,67000180
2021年上半年度,0141060513,衛生福利部臺南醫院新化分院,3,0.0000,4.0000,4,0%,1,71.7500,25%,1,10021,67000180
2021年全年度,0141060513,衛生福利部臺南醫院新化分院,3,0.0000,14.0000,14,0%,2,70.8571,21.43%,3,10021,67000180
2022年上半年度,0141060513,衛生福利部臺南醫院新化分院,3,0.0000,9.0000,9,0%,2,72.0000,22.22%,2,10021,67000180
2022年全年度,0141060513,衛生福利部臺南醫院新化分院,3,0.0000,39.0000,36,0%,2,73.2777,25%,9,10021,67000180
2023年上半年度,0141060513,衛生福利部臺南醫院新化分院,3,0.0000,21.0000,21,0%,1,74.3333,14.29%,3,10021,67000180
2023年全年度,0141060513,衛生福利部臺南醫院新化分院,3,0.0000,38.0000,38,0%,1,73.6842,10.53%,4,10021,67000180
2024年上半年度,0141060513,衛生福利部臺南醫院新化分院,3,1.0000,24.0000,23,4.17%,1,71.3478,21.74%,5,10021,67000180
2024年全年度,0141060513,衛生福利部臺南醫院新化分院,3,1.0000,49.0000,45,2.04%,1,71.1111,13.33%,6,10021,67000180
2025年上半年度,0141060513,衛生福利部臺南醫院新化分院,3,0.0000,30.0000,30,0%,1,72.0666,13.33%,4,10021,67000180
2014年全年度,0142030019,衛生福利部旗山醫院,2,9.0000,160.0000,150,5.63%,3,69.8600,6%,9,64000,64000300
2015年上半年度,0142030019,衛生福利部旗山醫院,2,1.0000,87.0000,83,1.15%,3,71.6385,6.02%,5,64000,64000300
2015年全年度,0142030019,衛生福利部旗山醫院,2,2.0000,193.0000,177,1.04%,3,71.4124,7.91%,14,64000,64000300
2016年上半年度,0142030019,衛生福利部旗山醫院,2,1.0000,105.0000,101,0.95%,4,72.1089,10.89%,11,64000,64000300
2016年全年度,0142030019,衛生福利部旗山醫院,2,3.0000,217.0000,207,1.38%,5,71.5700,8.21%,17,64000,64000300
2017年上半年度,0142030019,衛生福利部旗山醫院,2,0.0000,111.0000,109,0%,5,72.4587,11.01%,12,64000,64000300
2017年全年度,0142030019,衛生福利部旗山醫院,2,2.0000,234.0000,224,0.85%,5,72.3080,8.48%,19,64000,64000300
2018年上半年度,0142030019,衛生福利部旗山醫院,2,0.0000,115.0000,112,0%,5,70.9821,11.61%,13,64000,64000300
2018年全年度,0142030019,衛生福利部旗山醫院,2,1.0000,215.0000,208,0.47%,5,71.3942,11.54%,24,64000,64000300
2019年上半年度,0142030019,衛生福利部旗山醫院,2,1.0000,92.0000,89,1.09%,4,70.9101,8.99%,8,64000,64000300
2019年全年度,0142030019,衛生福利部旗山醫院,2,2.0000,183.0000,175,1.09%,5,71.9942,11.43%,20,64000,64000300
2020年上半年度,0142030019,衛生福利部旗山醫院,2,1.0000,59.0000,59,1.69%,6,71.0338,13.56%,8,64000,64000300
2020年全年度,0142030019,衛生福利部旗山醫院,2,2.0000,132.0000,127,1.52%,8,70.5984,11.02%,14,64000,64000300
2021年上半年度,0142030019,衛生福利部旗山醫院,2,1.0000,56.0000,55,1.79%,7,72.5272,10.91%,6,64000,64000300
2021年全年度,0142030019,衛生福利部旗山醫院,2,1.0000,147.0000,142,0.68%,9,70.6901,11.97%,17,64000,64000300
2022年上半年度,0142030019,衛生福利部旗山醫院,2,0.0000,69.0000,69,0%,8,72.3188,4.35%,3,64000,64000300
2022年全年度,0142030019,衛生福利部旗山醫院,2,2.0000,172.0000,169,1.16%,9,73.3550,6.51%,11,64000,64000300
2023年上半年度,0142030019,衛生福利部旗山醫院,2,1.0000,98.0000,97,1.02%,8,71.8969,10.31%,10,64000,64000300
2023年全年度,0142030019,衛生福利部旗山醫院,2,2.0000,210.0000,205,.95%,8,72.0731,12.2%,25,64000,64000300
2024年上半年度,0142030019,衛生福利部旗山醫院,2,1.0000,91.0000,88,1.1%,8,72.5000,11.36%,10,64000,64000300
2024年全年度,0142030019,衛生福利部旗山醫院,2,2.0000,190.0000,181,1.05%,8,72.6408,13.26%,24,64000,64000300
2025年上半年度,0142030019,衛生福利部旗山醫院,2,0.0000,73.0000,73,0%,6,73.3150,12.33%,9,64000,64000300
2014年全年度,0143010011,衛生福利部屏東醫院,2,0.0000,106.0000,101,0%,5,71.7128,5.94%,6,10013,10013010
2015年上半年度,0143010011,衛生福利部屏東醫院,2,1.0000,74.0000,72,1.35%,6,71.4444,16.67%,12,10013,10013010
2015年全年度,0143010011,衛生福利部屏東醫院,2,2.0000,136.0000,130,1.47%,6,70.7923,12.31%,16,10013,10013010
2016年上半年度,0143010011,衛生福利部屏東醫院,2,1.0000,90.0000,88,1.11%,4,71.0227,7.95%,7,10013,10013010
2016年全年度,0143010011,衛生福利部屏東醫院,2,1.0000,173.0000,161,0.58%,6,70.5652,11.8%,19,10013,10013010
2017年上半年度,0143010011,衛生福利部屏東醫院,2,1.0000,83.0000,81,1.2%,5,71.8271,7.41%,6,10013,10013010
2017年全年度,0143010011,衛生福利部屏東醫院,2,1.0000,208.0000,194,0.48%,5,71.4278,8.76%,17,10013,10013010
2018年上半年度,0143010011,衛生福利部屏東醫院,2,0.0000,105.0000,104,0%,5,71.3365,6.73%,7,10013,10013010
2018年全年度,0143010011,衛生福利部屏東醫院,2,0.0000,212.0000,201,0%,6,71.2338,7.96%,16,10013,10013010
2019年上半年度,0143010011,衛生福利部屏東醫院,2,0.0000,107.0000,102,0%,8,70.7254,13.73%,14,10013,10013010
2019年全年度,0143010011,衛生福利部屏東醫院,2,1.0000,214.0000,200,0.47%,9,70.9000,12.5%,25,10013,10013010
2020年上半年度,0143010011,衛生福利部屏東醫院,2,1.0000,81.0000,80,1.23%,7,70.8250,11.25%,9,10013,10013010
2020年全年度,0143010011,衛生福利部屏東醫院,2,1.0000,191.0000,180,0.52%,7,70.4166,12.78%,23,10013,10013010
2021年上半年度,0143010011,衛生福利部屏東醫院,2,0.0000,79.0000,77,0%,7,71.6493,7.79%,6,10013,10013010
2021年全年度,0143010011,衛生福利部屏東醫院,2,0.0000,171.0000,165,0%,7,71.2787,7.27%,12,10013,10013010
2022年上半年度,0143010011,衛生福利部屏東醫院,2,0.0000,74.0000,74,0%,7,72.1891,13.51%,10,10013,10013010
2022年全年度,0143010011,衛生福利部屏東醫院,2,0.0000,176.0000,166,0%,8,71.5783,11.45%,19,10013,10013010
2023年上半年度,0143010011,衛生福利部屏東醫院,2,0.0000,67.0000,67,0%,5,71.7164,17.91%,12,10013,10013010
2023年全年度,0143010011,衛生福利部屏東醫院,2,0.0000,154.0000,149,0%,5,71.5570,13.42%,20,10013,10013010
2024年上半年度,0143010011,衛生福利部屏東醫院,2,0.0000,85.0000,84,0%,5,70.2619,8.33%,7,10013,10013010
2024年全年度,0143010011,衛生福利部屏東醫院,2,0.0000,184.0000,175,0%,5,70.2857,9.14%,16,10013,10013010
2025年上半年度,0143010011,衛生福利部屏東醫院,2,0.0000,79.0000,78,0%,6,71.0128,14.1%,11,10013,10013010
2014年全年度,0143040019,衛生福利部恆春旅遊醫院,3,0.0000,4.0000,4,0%,1,70.7500,0%,0,10013,10013040
2018年上半年度,0143040019,衛生福利部恆春旅遊醫院,3,0.0000,2.0000,1,0%,1,69.0000,0%,0,10013,10013040
2018年全年度,0143040019,衛生福利部恆春旅遊醫院,3,0.0000,3.0000,2,0%,1,77.5000,0%,0,10013,10013040
2019年上半年度,0143040019,衛生福利部恆春旅遊醫院,3,0.0000,2.0000,2,0%,1,83.0000,0%,0,10013,10013040
2019年全年度,0143040019,衛生福利部恆春旅遊醫院,3,0.0000,2.0000,2,0%,1,83.0000,0%,0,10013,10013040
2020年上半年度,0143040019,衛生福利部恆春旅遊醫院,3,0.0000,10.0000,10,0%,1,69.1000,10%,1,10013,10013040
2020年全年度,0143040019,衛生福利部恆春旅遊醫院,3,0.0000,16.0000,15,0%,1,70.8000,13.33%,2,10013,10013040
2021年上半年度,0143040019,衛生福利部恆春旅遊醫院,3,1.0000,1.0000,1,100%,1,74.0000,0%,0,10013,10013040
2021年全年度,0143040019,衛生福利部恆春旅遊醫院,3,1.0000,3.0000,3,33.33%,1,74.0000,33.33%,1,10013,10013040
2022年上半年度,0143040019,衛生福利部恆春旅遊醫院,3,0.0000,5.0000,5,0%,1,70.0000,0%,0,10013,10013040
2022年全年度,0143040019,衛生福利部恆春旅遊醫院,3,0.0000,9.0000,9,0%,2,67.4444,0%,0,10013,10013040
2023年上半年度,0143040019,衛生福利部恆春旅遊醫院,3,0.0000,2.0000,2,0%,1,71.5000,0%,0,10013,10013040
2023年全年度,0143040019,衛生福利部恆春旅遊醫院,3,0.0000,6.0000,6,0%,2,72.0000,0%,0,10013,10013040
2024年上半年度,0143040019,衛生福利部恆春旅遊醫院,3,0.0000,15.0000,14,0%,2,70.8571,21.43%,3,10013,10013040
2024年全年度,0143040019,衛生福利部恆春旅遊醫院,3,0.0000,23.0000,21,0%,3,72.2857,23.81%,5,10013,10013040
2025年上半年度,0143040019,衛生福利部恆春旅遊醫院,3,0.0000,2.0000,2,0%,2,72.0000,50%,1,10013,10013040
2014年全年度,0144010015,衛生福利部澎湖醫院,3,0.0000,18.0000,17,0%,1,71.5882,17.65%,3,10016,10016010
2015年上半年度,0144010015,衛生福利部澎湖醫院,3,0.0000,3.0000,3,0%,1,73.0000,0%,0,10016,10016010
2015年全年度,0144010015,衛生福利部澎湖醫院,3,0.0000,6.0000,6,0%,1,72.5000,0%,0,10016,10016010
2016年上半年度,0144010015,衛生福利部澎湖醫院,3,0.0000,3.0000,3,0%,1,67.0000,0%,0,10016,10016010
2016年全年度,0144010015,衛生福利部澎湖醫院,3,0.0000,15.0000,15,0%,2,70.9333,6.67%,1,10016,10016010
2017年上半年度,0144010015,衛生福利部澎湖醫院,3,0.0000,11.0000,11,0%,2,73.2727,9.09%,1,10016,10016010
2017年全年度,0144010015,衛生福利部澎湖醫院,3,2.0000,19.0000,17,10.53%,2,73.2352,11.76%,2,10016,10016010
2018年上半年度,0144010015,衛生福利部澎湖醫院,3,0.0000,19.0000,17,0%,2,73.7647,35.29%,6,10016,10016010
2018年全年度,0144010015,衛生福利部澎湖醫院,3,0.0000,35.0000,31,0%,3,73.7419,22.58%,7,10016,10016010
2019年上半年度,0144010015,衛生福利部澎湖醫院,3,0.0000,4.0000,4,0%,2,69.5000,0%,0,10016,10016010
2019年全年度,0144010015,衛生福利部澎湖醫院,3,0.0000,9.0000,9,0%,2,72.5555,0%,0,10016,10016010
2020年全年度,0144010015,衛生福利部澎湖醫院,3,0.0000,7.0000,7,0%,3,71.4285,0%,0,10016,10016010
2021年上半年度,0144010015,衛生福利部澎湖醫院,3,0.0000,7.0000,7,0%,2,68.8571,0%,0,10016,10016010
2021年全年度,0144010015,衛生福利部澎湖醫院,3,0.0000,12.0000,12,0%,2,69.0833,0%,0,10016,10016010
2022年上半年度,0144010015,衛生福利部澎湖醫院,3,0.0000,6.0000,6,0%,2,74.5000,0%,0,10016,10016010
2022年全年度,0144010015,衛生福利部澎湖醫院,3,0.0000,15.0000,15,0%,3,74.8666,0%,0,10016,10016010
2023年上半年度,0144010015,衛生福利部澎湖醫院,3,0.0000,11.0000,11,0%,3,75.0909,9.09%,1,10016,10016010
2023年全年度,0144010015,衛生福利部澎湖醫院,3,0.0000,19.0000,19,0%,4,74.3157,15.79%,3,10016,10016010
2024年上半年度,0144010015,衛生福利部澎湖醫院,3,0.0000,12.0000,12,0%,3,72.2500,16.67%,2,10016,10016010
2024年全年度,0144010015,衛生福利部澎湖醫院,3,0.0000,17.0000,17,0%,4,71.8235,11.76%,2,10016,10016010
2025年上半年度,0144010015,衛生福利部澎湖醫院,3,0.0000,1.0000,1,0%,1,72.0000,100%,1,10016,10016010
2014年全年度,0145010019,衛生福利部花蓮醫院,3,0.0000,2.0000,2,0%,1,51.5000,0%,0,10015,10015010
2016年上半年度,0145010019,衛生福利部花蓮醫院,3,0.0000,1.0000,1,0%,1,61.0000,0%,0,10015,10015010
2016年全年度,0145010019,衛生福利部花蓮醫院,3,0.0000,3.0000,3,0%,2,64.6666,0%,0,10015,10015010
2017年上半年度,0145010019,衛生福利部花蓮醫院,3,0.0000,1.0000,1,0%,1,48.0000,0%,0,10015,10015010
2017年全年度,0145010019,衛生福利部花蓮醫院,3,0.0000,3.0000,3,0%,1,62.0000,0%,0,10015,10015010
2018年上半年度,0145010019,衛生福利部花蓮醫院,3,0.0000,2.0000,2,0%,1,60.5000,0%,0,10015,10015010
2018年全年度,0145010019,衛生福利部花蓮醫院,3,0.0000,3.0000,3,0%,2,64.3333,0%,0,10015,10015010
2019年全年度,0145010019,衛生福利部花蓮醫院,3,0.0000,1.0000,1,0%,1,73.0000,0%,0,10015,10015010
2020年全年度,0145010019,衛生福利部花蓮醫院,3,0.0000,1.0000,1,0%,1,77.0000,0%,0,10015,10015010
2022年上半年度,0145010019,衛生福利部花蓮醫院,3,0.0000,2.0000,2,0%,1,57.0000,0%,0,10015,10015010
2022年全年度,0145010019,衛生福利部花蓮醫院,3,0.0000,2.0000,2,0%,1,57.0000,0%,0,10015,10015010
2023年全年度,0145010019,衛生福利部花蓮醫院,3,0.0000,3.0000,3,0%,2,73.0000,0%,0,10015,10015010
2024年全年度,0145010019,衛生福利部花蓮醫院,3,0.0000,2.0000,2,0%,1,67.5000,0%,0,10015,10015010
2014年全年度,0146010013,衛生福利部臺東醫院,3,2.0000,53.0000,49,3.77%,3,66.8367,6.12%,3,10014,10014010
2015年上半年度,0146010013,衛生福利部臺東醫院,3,0.0000,18.0000,18,0%,2,67.8888,11.11%,2,10014,10014010
2015年全年度,0146010013,衛生福利部臺東醫院,3,1.0000,47.0000,45,2.13%,2,66.6222,8.89%,4,10014,10014010
2016年上半年度,0146010013,衛生福利部臺東醫院,3,1.0000,24.0000,24,4.17%,2,69.2916,16.67%,4,10014,10014010
2016年全年度,0146010013,衛生福利部臺東醫院,3,2.0000,41.0000,38,4.88%,2,67.7894,15.79%,6,10014,10014010
2017年上半年度,0146010013,衛生福利部臺東醫院,3,1.0000,18.0000,18,5.56%,3,64.1111,5.56%,1,10014,10014010
2017年全年度,0146010013,衛生福利部臺東醫院,3,1.0000,46.0000,44,2.17%,3,66.4090,4.55%,2,10014,10014010
2018年上半年度,0146010013,衛生福利部臺東醫院,3,1.0000,20.0000,20,5%,3,64.2000,30%,6,10014,10014010
2018年全年度,0146010013,衛生福利部臺東醫院,3,1.0000,45.0000,45,2.22%,3,67.1111,17.78%,8,10014,10014010
2019年上半年度,0146010013,衛生福利部臺東醫院,3,0.0000,20.0000,20,0%,3,73.4500,15%,3,10014,10014010
2019年全年度,0146010013,衛生福利部臺東醫院,3,1.0000,38.0000,36,2.63%,5,74.0833,11.11%,4,10014,10014010
2020年上半年度,0146010013,衛生福利部臺東醫院,3,0.0000,8.0000,8,0%,3,72.6250,25%,2,10014,10014010
2020年全年度,0146010013,衛生福利部臺東醫院,3,0.0000,19.0000,18,0%,3,72.6111,16.67%,3,10014,10014010
2021年上半年度,0146010013,衛生福利部臺東醫院,3,0.0000,9.0000,8,0%,2,70.7500,12.5%,1,10014,10014010
2021年全年度,0146010013,衛生福利部臺東醫院,3,0.0000,14.0000,13,0%,2,71.0769,23.08%,3,10014,10014010
2022年上半年度,0146010013,衛生福利部臺東醫院,3,0.0000,2.0000,2,0%,1,78.5000,50%,1,10014,10014010
2022年全年度,0146010013,衛生福利部臺東醫院,3,0.0000,8.0000,8,0%,1,72.8750,25%,2,10014,10014010
2023年上半年度,0146010013,衛生福利部臺東醫院,3,0.0000,5.0000,5,0%,1,67.2000,0%,0,10014,10014010
2023年全年度,0146010013,衛生福利部臺東醫院,3,0.0000,11.0000,10,0%,2,67.1000,0%,0,10014,10014010
2024年上半年度,0146010013,衛生福利部臺東醫院,3,0.0000,9.0000,9,0%,2,70.6666,11.11%,1,10014,10014010
2024年全年度,0146010013,衛生福利部臺東醫院,3,0.0000,15.0000,14,0%,2,70.8571,7.14%,1,10014,10014010
2025年上半年度,0146010013,衛生福利部臺東醫院,3,0.0000,7.0000,7,0%,3,65.0000,0%,0,10014,10014010
2014年全年度,0190030516,衛生福利部金門醫院,3,0.0000,10.0000,10,0%,2,74.4000,10%,1,09020,09020030
2015年上半年度,0190030516,衛生福利部金門醫院,3,0.0000,3.0000,3,0%,1,76.3333,0%,0,09020,09020030
2015年全年度,0190030516,衛生福利部金門醫院,3,0.0000,12.0000,12,0%,2,74.0000,0%,0,09020,09020030
2016年上半年度,0190030516,衛生福利部金門醫院,3,0.0000,8.0000,8,0%,2,73.0000,0%,0,09020,09020030
2016年全年度,0190030516,衛生福利部金門醫院,3,0.0000,13.0000,12,0%,3,72.3333,0%,0,09020,09020030
2017年上半年度,0190030516,衛生福利部金門醫院,3,0.0000,8.0000,8,0%,2,70.3750,12.5%,1,09020,09020030
2017年全年度,0190030516,衛生福利部金門醫院,3,0.0000,16.0000,15,0%,2,71.6666,13.33%,2,09020,09020030
2018年上半年度,0190030516,衛生福利部金門醫院,3,0.0000,12.0000,12,0%,2,66.3333,0%,0,09020,09020030
2018年全年度,0190030516,衛生福利部金門醫院,3,0.0000,28.0000,28,0%,2,69.5357,17.86%,5,09020,09020030
2019年上半年度,0190030516,衛生福利部金門醫院,3,0.0000,13.0000,13,0%,3,72.3846,15.38%,2,09020,09020030
2019年全年度,0190030516,衛生福利部金門醫院,3,0.0000,28.0000,27,0%,3,72.8888,7.41%,2,09020,09020030
2020年上半年度,0190030516,衛生福利部金門醫院,3,0.0000,17.0000,17,0%,3,73.4705,23.53%,4,09020,09020030
2020年全年度,0190030516,衛生福利部金門醫院,3,0.0000,45.0000,44,0%,3,73.6590,13.64%,6,09020,09020030
2021年上半年度,0190030516,衛生福利部金門醫院,3,0.0000,16.0000,16,0%,2,73.7500,18.75%,3,09020,09020030
2021年全年度,0190030516,衛生福利部金門醫院,3,0.0000,31.0000,31,0%,3,73.4838,16.13%,5,09020,09020030
2022年上半年度,0190030516,衛生福利部金門醫院,3,0.0000,7.0000,7,0%,2,68.4285,28.57%,2,09020,09020030
2022年全年度,0190030516,衛生福利部金門醫院,3,0.0000,33.0000,31,0%,2,70.0000,12.9%,4,09020,09020030
2023年上半年度,0190030516,衛生福利部金門醫院,3,0.0000,20.0000,20,0%,3,72.2500,25%,5,09020,09020030
2023年全年度,0190030516,衛生福利部金門醫院,3,0.0000,34.0000,34,0%,5,73.6470,23.53%,8,09020,09020030
2024年上半年度,0190030516,衛生福利部金門醫院,3,0.0000,16.0000,16,0%,2,72.4375,12.5%,2,09020,09020030
2024年全年度,0190030516,衛生福利部金門醫院,3,0.0000,30.0000,30,0%,2,72.9000,13.33%,4,09020,09020030
2025年上半年度,0190030516,衛生福利部金門醫院,3,0.0000,17.0000,16,0%,2,70.9375,6.25%,1,09020,09020030
2023年上半年度,0401020013,國立臺灣大學醫學院附設醫院癌醫中心分院,2,0.0000,1.0000,1,0%,1,75.0000,0%,0,63000,63000030
2023年全年度,0401020013,國立臺灣大學醫學院附設醫院癌醫中心分院,2,0.0000,1.0000,1,0%,1,75.0000,0%,0,63000,63000030
2024年上半年度,0401020013,國立臺灣大學醫學院附設醫院癌醫中心分院,2,0.0000,2.0000,2,0%,1,79.5000,0%,0,63000,63000030
2024年全年度,0401020013,國立臺灣大學醫學院附設醫院癌醫中心分院,2,1.0000,7.0000,7,14.29%,1,72.2857,28.57%,2,63000,63000030
2025年上半年度,0401020013,國立臺灣大學醫學院附設醫院癌醫中心分院,2,0.0000,9.0000,9,0%,2,72.4444,44.44%,4,63000,63000030
2014年全年度,0401180014,國立臺灣大學醫學院附設醫院,1,0.0000,487.0000,463,0%,18,71.5745,15.55%,72,63000,63000050
2015年上半年度,0401180014,國立臺灣大學醫學院附設醫院,1,1.0000,234.0000,226,0.43%,18,70.8584,16.37%,37,63000,63000050
2015年全年度,0401180014,國立臺灣大學醫學院附設醫院,1,1.0000,486.0000,452,0.21%,22,71.2721,15.93%,72,63000,63000050
2016年上半年度,0401180014,國立臺灣大學醫學院附設醫院,1,0.0000,246.0000,239,0%,13,72.5062,14.64%,35,63000,63000050
2016年全年度,0401180014,國立臺灣大學醫學院附設醫院,1,1.0000,558.0000,519,0.18%,19,72.2080,15.22%,79,63000,63000050
2017年上半年度,0401180014,國立臺灣大學醫學院附設醫院,1,1.0000,200.0000,194,0.5%,15,72.7680,13.92%,27,63000,63000050
2017年全年度,0401180014,國立臺灣大學醫學院附設醫院,1,1.0000,374.0000,357,0.27%,18,71.9383,16.53%,59,63000,63000050
2018年上半年度,0401180014,國立臺灣大學醫學院附設醫院,1,1.0000,150.0000,146,0.67%,16,73.0890,17.12%,25,63000,63000050
2018年全年度,0401180014,國立臺灣大學醫學院附設醫院,1,2.0000,329.0000,313,0.61%,18,73.0063,19.17%,60,63000,63000050
2019年上半年度,0401180014,國立臺灣大學醫學院附設醫院,1,1.0000,203.0000,202,0.49%,16,73.3168,21.78%,44,63000,63000050
2019年全年度,0401180014,國立臺灣大學醫學院附設醫院,1,1.0000,430.0000,409,0.23%,16,73.7212,22%,90,63000,63000050
2020年上半年度,0401180014,國立臺灣大學醫學院附設醫院,1,0.0000,127.0000,123,0%,13,71.6747,24.39%,30,63000,63000050
2020年全年度,0401180014,國立臺灣大學醫學院附設醫院,1,1.0000,316.0000,301,0.32%,17,72.6212,21.93%,66,63000,63000050
2021年上半年度,0401180014,國立臺灣大學醫學院附設醫院,1,0.0000,129.0000,128,0%,15,71.7656,18.75%,24,63000,63000050
2021年全年度,0401180014,國立臺灣大學醫學院附設醫院,1,0.0000,270.0000,267,0%,19,71.8202,18.35%,49,63000,63000050
2022年上半年度,0401180014,國立臺灣大學醫學院附設醫院,1,0.0000,133.0000,128,0%,13,73.2578,17.97%,23,63000,63000050
2022年全年度,0401180014,國立臺灣大學醫學院附設醫院,1,0.0000,264.0000,246,0%,15,72.8861,19.51%,48,63000,63000050
2023年上半年度,0401180014,國立臺灣大學醫學院附設醫院,1,0.0000,158.0000,156,0%,15,73.3717,17.31%,27,63000,63000050
2023年全年度,0401180014,國立臺灣大學醫學院附設醫院,1,0.0000,339.0000,326,0%,20,72.8865,18.4%,60,63000,63000050
2024年上半年度,0401180014,國立臺灣大學醫學院附設醫院,1,0.0000,229.0000,226,0%,17,72.9026,23.89%,54,63000,63000050
2024年全年度,0401180014,國立臺灣大學醫學院附設醫院,1,1.0000,463.0000,439,.22%,18,72.9043,22.1%,97,63000,63000050
2025年上半年度,0401180014,國立臺灣大學醫學院附設醫院,1,0.0000,256.0000,248,0%,15,74.0927,25.81%,64,63000,63000050
2014年全年度,0412040012,國立臺灣大學醫學院附設醫院新竹臺大分院新竹醫院,1,1.0000,129.0000,123,0.78%,9,71.0813,8.13%,10,10018,10018020
2015年上半年度,0412040012,國立臺灣大學醫學院附設醫院新竹臺大分院新竹醫院,1,0.0000,84.0000,83,0%,8,71.7710,10.84%,9,10018,10018020
2015年全年度,0412040012,國立臺灣大學醫學院附設醫院新竹臺大分院新竹醫院,1,1.0000,166.0000,156,0.6%,9,71.9358,8.97%,14,10018,10018020
2016年上半年度,0412040012,國立臺灣大學醫學院附設醫院新竹臺大分院新竹醫院,1,0.0000,59.0000,59,0%,8,74.0338,13.56%,8,10018,10018020
2016年全年度,0412040012,國立臺灣大學醫學院附設醫院新竹臺大分院新竹醫院,1,1.0000,125.0000,118,0.8%,8,72.3813,13.56%,16,10018,10018020
2017年上半年度,0412040012,國立臺灣大學醫學院附設醫院新竹臺大分院新竹醫院,1,0.0000,72.0000,71,0%,9,73.2394,8.45%,6,10018,10018020
2017年全年度,0412040012,國立臺灣大學醫學院附設醫院新竹臺大分院新竹醫院,1,1.0000,165.0000,156,0.61%,9,72.2179,11.54%,18,10018,10018020
2018年上半年度,0412040012,國立臺灣大學醫學院附設醫院新竹臺大分院新竹醫院,1,0.0000,63.0000,62,0%,7,72.8548,14.52%,9,10018,10018020
2018年全年度,0412040012,國立臺灣大學醫學院附設醫院新竹臺大分院新竹醫院,1,1.0000,135.0000,129,0.74%,9,73.0232,13.18%,17,10018,10018020
2019年上半年度,0412040012,國立臺灣大學醫學院附設醫院新竹臺大分院新竹醫院,1,0.0000,63.0000,62,0%,6,73.0967,16.13%,10,10018,10018020
2019年全年度,0412040012,國立臺灣大學醫學院附設醫院新竹臺大分院新竹醫院,1,4.0000,141.0000,131,2.84%,8,71.5877,12.98%,17,10018,10018020
2020年上半年度,0412040012,國立臺灣大學醫學院附設醫院新竹臺大分院新竹醫院,1,0.0000,55.0000,53,0%,6,71.0000,18.87%,10,10018,10018020
2020年全年度,0412040012,國立臺灣大學醫學院附設醫院新竹臺大分院新竹醫院,1,1.0000,149.0000,136,0.67%,6,72.4926,15.44%,21,10018,10018020
2021年上半年度,0412040012,國立臺灣大學醫學院附設醫院新竹臺大分院新竹醫院,1,0.0000,54.0000,53,0%,6,72.7547,11.32%,6,10018,10018020
2021年全年度,0412040012,國立臺灣大學醫學院附設醫院新竹臺大分院新竹醫院,1,0.0000,118.0000,116,0%,7,71.1982,13.79%,16,10018,10018020
2022年上半年度,0412040012,國立臺灣大學醫學院附設醫院新竹臺大分院新竹醫院,1,1.0000,75.0000,75,1.33%,8,71.7733,21.33%,16,10018,10018020
2022年全年度,0412040012,國立臺灣大學醫學院附設醫院新竹臺大分院新竹醫院,1,1.0000,167.0000,161,0.6%,8,72.4161,18.63%,30,10018,10018020
2023年上半年度,0412040012,國立臺灣大學醫學院附設醫院新竹臺大分院新竹醫院,1,0.0000,99.0000,97,0%,10,71.5773,16.49%,16,10018,10018020
2023年全年度,0412040012,國立臺灣大學醫學院附設醫院新竹臺大分院新竹醫院,1,1.0000,194.0000,182,.52%,11,71.5000,18.13%,33,10018,10018020
2024年上半年度,0412040012,國立臺灣大學醫學院附設醫院新竹臺大分院新竹醫院,1,0.0000,71.0000,71,0%,8,73.4225,14.08%,10,10018,10018020
2024年全年度,0412040012,國立臺灣大學醫學院附設醫院新竹臺大分院新竹醫院,1,0.0000,177.0000,170,0%,9,73.0647,17.06%,29,10018,10018020
2025年上半年度,0412040012,國立臺灣大學醫學院附設醫院新竹臺大分院新竹醫院,1,0.0000,97.0000,94,0%,7,72.7765,19.15%,18,10018,10018020
2014年全年度,0421040011,國立成功大學醫學院附設醫院,1,3.0000,591.0000,543,0.51%,11,71.2725,12.89%,70,10021,67000340
2015年上半年度,0421040011,國立成功大學醫學院附設醫院,1,0.0000,253.0000,244,0%,10,71.9918,15.57%,38,10021,67000340
2015年全年度,0421040011,國立成功大學醫學院附設醫院,1,0.0000,564.0000,518,0%,11,71.5617,14.09%,73,10021,67000340
2016年上半年度,0421040011,國立成功大學醫學院附設醫院,1,0.0000,262.0000,257,0%,10,71.0428,14.4%,37,10021,67000340
2016年全年度,0421040011,國立成功大學醫學院附設醫院,1,0.0000,532.0000,509,0%,12,71.1748,13.95%,71,10021,67000340
2017年上半年度,0421040011,國立成功大學醫學院附設醫院,1,0.0000,238.0000,232,0%,10,71.7068,17.67%,41,10021,67000340
2017年全年度,0421040011,國立成功大學醫學院附設醫院,1,0.0000,475.0000,448,0%,12,71.5089,16.96%,76,10021,67000340
2018年上半年度,0421040011,國立成功大學醫學院附設醫院,1,0.0000,215.0000,210,0%,12,71.4809,16.67%,35,10021,67000340
2018年全年度,0421040011,國立成功大學醫學院附設醫院,1,0.0000,450.0000,428,0%,14,71.5140,17.76%,76,10021,67000340
2019年上半年度,0421040011,國立成功大學醫學院附設醫院,1,2.0000,193.0000,188,1.04%,11,71.5797,19.15%,36,10021,67000340
2019年全年度,0421040011,國立成功大學醫學院附設醫院,1,2.0000,395.0000,366,0.51%,13,71.7049,18.31%,67,10021,67000340
2020年上半年度,0421040011,國立成功大學醫學院附設醫院,1,1.0000,107.0000,104,0.93%,12,72.4038,12.5%,13,10021,67000340
2020年全年度,0421040011,國立成功大學醫學院附設醫院,1,2.0000,272.0000,265,0.74%,14,72.7094,18.87%,50,10021,67000340
2021年上半年度,0421040011,國立成功大學醫學院附設醫院,1,3.0000,121.0000,119,2.48%,10,70.0336,29.41%,35,10021,67000340
2021年全年度,0421040011,國立成功大學醫學院附設醫院,1,3.0000,255.0000,243,1.18%,11,69.6337,22.63%,55,10021,67000340
2022年上半年度,0421040011,國立成功大學醫學院附設醫院,1,0.0000,139.0000,137,0%,12,70.5766,16.79%,23,10021,67000340
2022年全年度,0421040011,國立成功大學醫學院附設醫院,1,1.0000,269.0000,257,0.37%,13,70.9766,17.51%,45,10021,67000340
2023年上半年度,0421040011,國立成功大學醫學院附設醫院,1,0.0000,164.0000,159,0%,11,70.6540,20.13%,32,10021,67000340
2023年全年度,0421040011,國立成功大學醫學院附設醫院,1,0.0000,326.0000,301,0%,14,71.1362,19.93%,60,10021,67000340
2024年上半年度,0421040011,國立成功大學醫學院附設醫院,1,0.0000,152.0000,148,0%,12,71.2297,27.7%,41,10021,67000340
2024年全年度,0421040011,國立成功大學醫學院附設醫院,1,2.0000,293.0000,273,.68%,12,70.5750,27.47%,75,10021,67000340
2025年上半年度,0421040011,國立成功大學醫學院附設醫院,1,0.0000,107.0000,102,0%,13,70.9803,22.55%,23,10021,67000340
2014年全年度,0431270012,國立臺灣大學醫學院附設醫院金山分院,3,0.0000,19.0000,17,0%,1,71.8235,0%,0,65000,65000270
2015年上半年度,0431270012,國立臺灣大學醫學院附設醫院金山分院,3,0.0000,5.0000,5,0%,1,70.4000,0%,0,65000,65000270
2015年全年度,0431270012,國立臺灣大學醫學院附設醫院金山分院,3,0.0000,25.0000,24,0%,1,71.4583,4.17%,1,65000,65000270
2016年上半年度,0431270012,國立臺灣大學醫學院附設醫院金山分院,3,0.0000,9.0000,9,0%,1,73.3333,0%,0,65000,65000270
2016年全年度,0431270012,國立臺灣大學醫學院附設醫院金山分院,3,0.0000,20.0000,20,0%,1,73.0500,5%,1,65000,65000270
2017年上半年度,0431270012,國立臺灣大學醫學院附設醫院金山分院,3,0.0000,15.0000,15,0%,1,72.1333,0%,0,65000,65000270
2017年全年度,0431270012,國立臺灣大學醫學院附設醫院金山分院,3,0.0000,22.0000,21,0%,1,73.0952,4.76%,1,65000,65000270
2018年上半年度,0431270012,國立臺灣大學醫學院附設醫院金山分院,3,0.0000,14.0000,14,0%,1,70.0000,7.14%,1,65000,65000270
2018年全年度,0431270012,國立臺灣大學醫學院附設醫院金山分院,3,0.0000,31.0000,30,0%,3,71.5000,6.67%,2,65000,65000270
2019年上半年度,0431270012,國立臺灣大學醫學院附設醫院金山分院,3,0.0000,15.0000,15,0%,2,70.6666,13.33%,2,65000,65000270
2019年全年度,0431270012,國立臺灣大學醫學院附設醫院金山分院,3,0.0000,25.0000,25,0%,3,73.1600,12%,3,65000,65000270
2020年上半年度,0431270012,國立臺灣大學醫學院附設醫院金山分院,3,0.0000,9.0000,9,0%,2,74.1111,22.22%,2,65000,65000270
2020年全年度,0431270012,國立臺灣大學醫學院附設醫院金山分院,3,0.0000,16.0000,15,0%,2,73.6666,26.67%,4,65000,65000270
2021年上半年度,0431270012,國立臺灣大學醫學院附設醫院金山分院,3,0.0000,8.0000,8,0%,2,77.1250,12.5%,1,65000,65000270
2021年全年度,0431270012,國立臺灣大學醫學院附設醫院金山分院,3,0.0000,18.0000,18,0%,2,73.1111,11.11%,2,65000,65000270
2022年上半年度,0431270012,國立臺灣大學醫學院附設醫院金山分院,3,0.0000,3.0000,3,0%,1,76.3333,33.33%,1,65000,65000270
2022年全年度,0431270012,國立臺灣大學醫學院附設醫院金山分院,3,1.0000,13.0000,13,7.69%,2,70.3076,7.69%,1,65000,65000270
2023年上半年度,0431270012,國立臺灣大學醫學院附設醫院金山分院,3,0.0000,7.0000,7,0%,2,76.2857,0%,0,65000,65000270
2023年全年度,0431270012,國立臺灣大學醫學院附設醫院金山分院,3,0.0000,19.0000,18,0%,2,74.3888,0%,0,65000,65000270
2024年上半年度,0431270012,國立臺灣大學醫學院附設醫院金山分院,3,0.0000,14.0000,14,0%,2,73.5714,28.57%,4,65000,65000270
2024年全年度,0431270012,國立臺灣大學醫學院附設醫院金山分院,3,0.0000,21.0000,20,0%,2,72.7500,25%,5,65000,65000270
2025年上半年度,0431270012,國立臺灣大學醫學院附設醫院金山分院,3,1.0000,3.0000,3,33.33%,1,73.0000,0%,0,65000,65000270
2020年上半年度,0433050018,國立臺灣大學醫學院附設醫院新竹臺大分院生醫醫院,2,0.0000,1.0000,1,0%,1,66.0000,0%,0,10004,10004010
2020年全年度,0433050018,國立臺灣大學醫學院附設醫院新竹臺大分院生醫醫院,2,0.0000,2.0000,2,0%,1,67.0000,0%,0,10004,10004010
2021年上半年度,0433050018,國立臺灣大學醫學院附設醫院新竹臺大分院生醫醫院,2,0.0000,36.0000,36,0%,4,72.2500,11.11%,4,10004,10004010
2021年全年度,0433050018,國立臺灣大學醫學院附設醫院新竹臺大分院生醫醫院,2,0.0000,73.0000,73,0%,6,71.6164,12.33%,9,10004,10004010
2022年上半年度,0433050018,國立臺灣大學醫學院附設醫院新竹臺大分院生醫醫院,2,0.0000,35.0000,33,0%,5,73.0303,12.12%,4,10004,10004010
2022年全年度,0433050018,國立臺灣大學醫學院附設醫院新竹臺大分院生醫醫院,2,0.0000,88.0000,83,0%,5,72.8433,13.25%,11,10004,10004010
2023年上半年度,0433050018,國立臺灣大學醫學院附設醫院新竹臺大分院生醫醫院,2,0.0000,39.0000,36,0%,6,73.6666,11.11%,4,10004,10004010
2023年全年度,0433050018,國立臺灣大學醫學院附設醫院新竹臺大分院生醫醫院,2,1.0000,91.0000,86,1.1%,6,72.7441,13.95%,12,10004,10004010
2024年上半年度,0433050018,國立臺灣大學醫學院附設醫院新竹臺大分院生醫醫院,2,0.0000,32.0000,32,0%,4,70.5312,9.38%,3,10004,10004010
2024年全年度,0433050018,國立臺灣大學醫學院附設醫院新竹臺大分院生醫醫院,2,0.0000,74.0000,73,0%,7,71.9589,8.22%,6,10004,10004010
2025年上半年度,0433050018,國立臺灣大學醫學院附設醫院新竹臺大分院生醫醫院,2,0.0000,42.0000,40,0%,8,73.3250,12.5%,5,10004,10004010
2014年全年度,0434010518,國立陽明交通大學附設醫院,2,2.0000,123.0000,119,1.63%,5,71.1176,6.72%,8,10002,10002010
2015年上半年度,0434010518,國立陽明交通大學附設醫院,2,2.0000,62.0000,62,3.23%,4,72.0483,8.06%,5,10002,10002010
2015年全年度,0434010518,國立陽明交通大學附設醫院,2,2.0000,126.0000,123,1.59%,5,72.0813,8.94%,11,10002,10002010
2016年上半年度,0434010518,國立陽明交通大學附設醫院,2,0.0000,60.0000,57,0%,5,72.0350,12.28%,7,10002,10002010
2016年全年度,0434010518,國立陽明交通大學附設醫院,2,0.0000,149.0000,140,0%,5,71.7071,14.29%,20,10002,10002010
2017年上半年度,0434010518,國立陽明交通大學附設醫院,2,1.0000,85.0000,84,1.18%,5,71.4166,19.05%,16,10002,10002010
2017年全年度,0434010518,國立陽明交通大學附設醫院,2,2.0000,176.0000,169,1.14%,5,71.0591,16.57%,28,10002,10002010
2018年上半年度,0434010518,國立陽明交通大學附設醫院,2,0.0000,57.0000,56,0%,4,73.2142,14.29%,8,10002,10002010
2018年全年度,0434010518,國立陽明交通大學附設醫院,2,0.0000,134.0000,133,0%,5,72.2556,12.03%,16,10002,10002010
2019年上半年度,0434010518,國立陽明交通大學附設醫院,2,1.0000,74.0000,73,1.35%,5,72.4520,12.33%,9,10002,10002010
2019年全年度,0434010518,國立陽明交通大學附設醫院,2,1.0000,155.0000,145,0.65%,5,71.9241,13.79%,20,10002,10002010
2020年上半年度,0434010518,國立陽明交通大學附設醫院,2,0.0000,39.0000,38,0%,4,70.9736,10.53%,4,10002,10002010
2020年全年度,0434010518,國立陽明交通大學附設醫院,2,0.0000,126.0000,122,0%,7,72.2131,13.11%,16,10002,10002010
2021年上半年度,0434010518,國立陽明交通大學附設醫院,2,0.0000,64.0000,62,0%,7,71.5000,17.74%,11,10002,10002010
2021年全年度,0434010518,國立陽明交通大學附設醫院,2,0.0000,158.0000,154,0%,7,71.4415,18.83%,29,10002,10002010
2022年上半年度,0434010518,國立陽明交通大學附設醫院,2,0.0000,50.0000,48,0%,6,73.5208,12.5%,6,10002,10002010
2022年全年度,0434010518,國立陽明交通大學附設醫院,2,0.0000,127.0000,119,0%,6,73.0336,11.76%,14,10002,10002010
2023年上半年度,0434010518,國立陽明交通大學附設醫院,2,0.0000,85.0000,84,0%,5,72.5119,15.48%,13,10002,10002010
2023年全年度,0434010518,國立陽明交通大學附設醫院,2,0.0000,164.0000,158,0%,7,72.1708,14.56%,23,10002,10002010
2024年上半年度,0434010518,國立陽明交通大學附設醫院,2,0.0000,68.0000,67,0%,5,71.3134,16.42%,11,10002,10002010
2024年全年度,0434010518,國立陽明交通大學附設醫院,2,0.0000,146.0000,137,0%,6,71.5693,17.52%,24,10002,10002010
2025年上半年度,0434010518,國立陽明交通大學附設醫院,2,0.0000,72.0000,69,0%,6,73.4927,20.29%,14,10002,10002010
2014年全年度,0439010518,國立臺灣大學醫學院附設醫院雲林分院,2,0.0000,181.0000,171,0%,6,71.2690,7.02%,12,10009,10009010
2015年上半年度,0439010518,國立臺灣大學醫學院附設醫院雲林分院,2,0.0000,102.0000,98,0%,4,71.3265,14.29%,14,10009,10009010
2015年全年度,0439010518,國立臺灣大學醫學院附設醫院雲林分院,2,0.0000,205.0000,191,0%,7,71.0052,14.66%,28,10009,10009010
2016年上半年度,0439010518,國立臺灣大學醫學院附設醫院雲林分院,2,0.0000,114.0000,110,0%,3,70.4454,10%,11,10009,10009010
2016年全年度,0439010518,國立臺灣大學醫學院附設醫院雲林分院,2,0.0000,226.0000,211,0%,4,70.3317,8.53%,18,10009,10009010
2017年上半年度,0439010518,國立臺灣大學醫學院附設醫院雲林分院,2,1.0000,131.0000,127,0.76%,4,71.6062,11.02%,14,10009,10009010
2017年全年度,0439010518,國立臺灣大學醫學院附設醫院雲林分院,2,1.0000,241.0000,227,0.41%,4,71.1321,11.45%,26,10009,10009010
2018年上半年度,0439010518,國立臺灣大學醫學院附設醫院雲林分院,2,0.0000,118.0000,114,0%,5,70.9210,9.65%,11,10009,10009010
2018年全年度,0439010518,國立臺灣大學醫學院附設醫院雲林分院,2,0.0000,245.0000,234,0%,7,70.8632,10.68%,25,10009,10009010
2019年上半年度,0439010518,國立臺灣大學醫學院附設醫院雲林分院,2,0.0000,135.0000,130,0%,4,70.7769,11.54%,15,10009,10009010
2019年全年度,0439010518,國立臺灣大學醫學院附設醫院雲林分院,2,0.0000,273.0000,255,0%,5,71.5686,14.12%,36,10009,10009010
2020年上半年度,0439010518,國立臺灣大學醫學院附設醫院雲林分院,2,0.0000,63.0000,61,0%,4,71.9344,13.11%,8,10009,10009010
2020年全年度,0439010518,國立臺灣大學醫學院附設醫院雲林分院,2,0.0000,186.0000,179,0%,4,72.1452,16.2%,29,10009,10009010
2021年上半年度,0439010518,國立臺灣大學醫學院附設醫院雲林分院,2,1.0000,91.0000,89,1.1%,2,72.9662,13.48%,12,10009,10009010
2021年全年度,0439010518,國立臺灣大學醫學院附設醫院雲林分院,2,1.0000,186.0000,173,0.54%,2,72.4913,13.87%,24,10009,10009010
2022年上半年度,0439010518,國立臺灣大學醫學院附設醫院雲林分院,2,0.0000,85.0000,84,0%,4,71.0952,13.1%,11,10009,10009010
2022年全年度,0439010518,國立臺灣大學醫學院附設醫院雲林分院,2,0.0000,155.0000,147,0%,4,71.5034,13.61%,20,10009,10009010
2023年上半年度,0439010518,國立臺灣大學醫學院附設醫院雲林分院,2,0.0000,90.0000,89,0%,4,71.4606,20.22%,18,10009,10009010
2023年全年度,0439010518,國立臺灣大學醫學院附設醫院雲林分院,2,2.0000,208.0000,192,.96%,4,71.5104,18.23%,35,10009,10009010
2024年上半年度,0439010518,國立臺灣大學醫學院附設醫院雲林分院,2,0.0000,85.0000,84,0%,4,71.6428,13.1%,11,10009,10009010
2024年全年度,0439010518,國立臺灣大學醫學院附設醫院雲林分院,2,1.0000,172.0000,168,.58%,5,70.3214,15.48%,26,10009,10009010
2025年上半年度,0439010518,國立臺灣大學醫學院附設醫院雲林分院,2,0.0000,97.0000,92,0%,3,72.2717,13.04%,12,10009,10009010
2014年全年度,0439010527,國立成功大學醫學院附設醫院斗六分院,3,4.0000,418.0000,381,0.96%,11,69.3989,6.82%,26,10009,10009010
2015年上半年度,0439010527,國立成功大學醫學院附設醫院斗六分院,3,3.0000,193.0000,187,1.55%,6,70.9251,7.49%,14,10009,10009010
2015年全年度,0439010527,國立成功大學醫學院附設醫院斗六分院,3,5.0000,371.0000,345,1.35%,6,70.5739,8.7%,30,10009,10009010
2016年上半年度,0439010527,國立成功大學醫學院附設醫院斗六分院,3,0.0000,169.0000,168,0%,6,70.6071,8.33%,14,10009,10009010
2016年全年度,0439010527,國立成功大學醫學院附設醫院斗六分院,3,1.0000,323.0000,301,0.31%,6,70.5880,8.31%,25,10009,10009010
2017年上半年度,0439010527,國立成功大學醫學院附設醫院斗六分院,3,0.0000,146.0000,141,0%,5,69.9219,6.38%,9,10009,10009010
2017年全年度,0439010527,國立成功大學醫學院附設醫院斗六分院,3,1.0000,295.0000,271,0.34%,7,70.3431,6.27%,17,10009,10009010
2018年上半年度,0439010527,國立成功大學醫學院附設醫院斗六分院,3,0.0000,157.0000,155,0%,6,70.0580,6.45%,10,10009,10009010
2018年全年度,0439010527,國立成功大學醫學院附設醫院斗六分院,3,2.0000,312.0000,299,0.64%,7,70.8093,6.02%,18,10009,10009010
2019年上半年度,0439010527,國立成功大學醫學院附設醫院斗六分院,3,1.0000,147.0000,143,0.68%,4,71.3776,11.89%,17,10009,10009010
2019年全年度,0439010527,國立成功大學醫學院附設醫院斗六分院,3,1.0000,320.0000,293,0.31%,5,71.0750,8.53%,25,10009,10009010
2020年上半年度,0439010527,國立成功大學醫學院附設醫院斗六分院,3,0.0000,114.0000,110,0%,5,71.2636,8.18%,9,10009,10009010
2020年全年度,0439010527,國立成功大學醫學院附設醫院斗六分院,3,0.0000,275.0000,257,0%,5,71.3540,8.17%,21,10009,10009010
2021年上半年度,0439010527,國立成功大學醫學院附設醫院斗六分院,3,0.0000,105.0000,105,0%,7,72.8380,8.57%,9,10009,10009010
2021年全年度,0439010527,國立成功大學醫學院附設醫院斗六分院,3,0.0000,222.0000,212,0%,7,71.8490,13.21%,28,10009,10009010
2022年上半年度,0439010527,國立成功大學醫學院附設醫院斗六分院,3,0.0000,113.0000,111,0%,6,71.2612,9.91%,11,10009,10009010
2022年全年度,0439010527,國立成功大學醫學院附設醫院斗六分院,3,0.0000,212.0000,205,0%,8,71.6731,12.2%,25,10009,10009010
2023年上半年度,0439010527,國立成功大學醫學院附設醫院斗六分院,3,0.0000,112.0000,112,0%,6,71.3928,16.96%,19,10009,10009010
2023年全年度,0439010527,國立成功大學醫學院附設醫院斗六分院,3,1.0000,209.0000,192,.48%,6,71.0937,13.54%,26,10009,10009010
2024年上半年度,0439010527,國立成功大學醫學院附設醫院斗六分院,3,0.0000,112.0000,110,0%,5,70.7272,6.36%,7,10009,10009010
2024年全年度,0439010527,國立成功大學醫學院附設醫院斗六分院,3,1.0000,219.0000,211,.46%,5,70.5071,8.53%,18,10009,10009010
2025年上半年度,0439010527,國立成功大學醫學院附設醫院斗六分院,3,1.0000,102.0000,100,.98%,7,70.1000,11%,11,10009,10009010
2014年全年度,0501010019,三軍總醫院松山分院附設民眾診療服務處,2,0.0000,37.0000,36,0%,5,72.3611,5.56%,2,63000,63000010
2015年上半年度,0501010019,三軍總醫院松山分院附設民眾診療服務處,2,0.0000,18.0000,18,0%,3,73.7222,11.11%,2,63000,63000010
2015年全年度,0501010019,三軍總醫院松山分院附設民眾診療服務處,2,0.0000,39.0000,36,0%,4,73.0277,8.33%,3,63000,63000010
2016年上半年度,0501010019,三軍總醫院松山分院附設民眾診療服務處,2,0.0000,8.0000,8,0%,2,74.2500,0%,0,63000,63000010
2016年全年度,0501010019,三軍總醫院松山分院附設民眾診療服務處,2,0.0000,50.0000,45,0%,5,72.0000,8.89%,4,63000,63000010
2017年上半年度,0501010019,三軍總醫院松山分院附設民眾診療服務處,2,0.0000,45.0000,43,0%,4,72.3023,6.98%,3,63000,63000010
2017年全年度,0501010019,三軍總醫院松山分院附設民眾診療服務處,2,0.0000,110.0000,105,0%,4,72.3238,8.57%,9,63000,63000010
2018年上半年度,0501010019,三軍總醫院松山分院附設民眾診療服務處,2,0.0000,54.0000,54,0%,6,72.1851,11.11%,6,63000,63000010
2018年全年度,0501010019,三軍總醫院松山分院附設民眾診療服務處,2,0.0000,115.0000,113,0%,6,71.9203,11.5%,13,63000,63000010
2019年上半年度,0501010019,三軍總醫院松山分院附設民眾診療服務處,2,0.0000,43.0000,43,0%,5,72.2790,6.98%,3,63000,63000010
2019年全年度,0501010019,三軍總醫院松山分院附設民眾診療服務處,2,0.0000,92.0000,89,0%,7,72.5393,7.87%,7,63000,63000010
2020年上半年度,0501010019,三軍總醫院松山分院附設民眾診療服務處,2,1.0000,27.0000,27,3.7%,4,71.7407,11.11%,3,63000,63000010
2020年全年度,0501010019,三軍總醫院松山分院附設民眾診療服務處,2,2.0000,66.0000,65,3.03%,5,72.2153,9.23%,6,63000,63000010
2021年上半年度,0501010019,三軍總醫院松山分院附設民眾診療服務處,2,0.0000,34.0000,34,0%,5,73.9117,8.82%,3,63000,63000010
2021年全年度,0501010019,三軍總醫院松山分院附設民眾診療服務處,2,0.0000,63.0000,62,0%,5,73.4032,12.9%,8,63000,63000010
2022年上半年度,0501010019,三軍總醫院松山分院附設民眾診療服務處,2,1.0000,26.0000,26,3.85%,5,72.6153,23.08%,6,63000,63000010
2022年全年度,0501010019,三軍總醫院松山分院附設民眾診療服務處,2,1.0000,73.0000,72,1.37%,5,72.5277,16.67%,12,63000,63000010
2023年上半年度,0501010019,三軍總醫院松山分院附設民眾診療服務處,2,0.0000,52.0000,50,0%,5,75.0800,8%,4,63000,63000010
2023年全年度,0501010019,三軍總醫院松山分院附設民眾診療服務處,2,0.0000,118.0000,116,0%,7,74.1465,9.48%,11,63000,63000010
2024年上半年度,0501010019,三軍總醫院松山分院附設民眾診療服務處,2,0.0000,60.0000,59,0%,4,72.8135,8.47%,5,63000,63000010
2024年全年度,0501010019,三軍總醫院松山分院附設民眾診療服務處,2,0.0000,105.0000,101,0%,4,73.5148,15.84%,16,63000,63000010
2025年上半年度,0501010019,三軍總醫院松山分院附設民眾診療服務處,2,1.0000,50.0000,50,2%,4,69.6600,18%,9,63000,63000010
2014年全年度,0501110514,三軍總醫院附設民眾診療服務處,1,3.0000,344.0000,334,0.87%,11,70.8203,11.98%,40,63000,63000100
2015年上半年度,0501110514,三軍總醫院附設民眾診療服務處,1,1.0000,174.0000,171,0.57%,11,72.1520,10.53%,18,63000,63000100
2015年全年度,0501110514,三軍總醫院附設民眾診療服務處,1,3.0000,318.0000,306,0.94%,11,71.6535,15.03%,46,63000,63000100
2016年上半年度,0501110514,三軍總醫院附設民眾診療服務處,1,0.0000,115.0000,112,0%,10,71.8392,13.39%,15,63000,63000100
2016年全年度,0501110514,三軍總醫院附設民眾診療服務處,1,1.0000,244.0000,234,0.41%,13,71.9871,13.68%,32,63000,63000100
2017年上半年度,0501110514,三軍總醫院附設民眾診療服務處,1,0.0000,95.0000,95,0%,9,73.4421,13.68%,13,63000,63000100
2017年全年度,0501110514,三軍總醫院附設民眾診療服務處,1,1.0000,226.0000,217,0.44%,14,72.2304,12.9%,28,63000,63000100
2018年上半年度,0501110514,三軍總醫院附設民眾診療服務處,1,1.0000,107.0000,106,0.93%,13,71.2924,16.98%,18,63000,63000100
2018年全年度,0501110514,三軍總醫院附設民眾診療服務處,1,1.0000,241.0000,232,0.41%,13,71.8491,14.66%,34,63000,63000100
2019年上半年度,0501110514,三軍總醫院附設民眾診療服務處,1,1.0000,135.0000,134,0.74%,11,70.2537,16.42%,22,63000,63000100
2019年全年度,0501110514,三軍總醫院附設民眾診療服務處,1,1.0000,274.0000,266,0.36%,14,71.2481,17.67%,47,63000,63000100
2020年上半年度,0501110514,三軍總醫院附設民眾診療服務處,1,0.0000,91.0000,90,0%,11,72.7222,14.44%,13,63000,63000100
2020年全年度,0501110514,三軍總醫院附設民眾診療服務處,1,1.0000,240.0000,235,0.42%,15,72.0085,17.02%,40,63000,63000100
2021年上半年度,0501110514,三軍總醫院附設民眾診療服務處,1,1.0000,114.0000,114,0.88%,15,73.0087,19.3%,22,63000,63000100
2021年全年度,0501110514,三軍總醫院附設民眾診療服務處,1,1.0000,241.0000,235,0.41%,16,71.8851,17.45%,41,63000,63000100
2022年上半年度,0501110514,三軍總醫院附設民眾診療服務處,1,0.0000,91.0000,90,0%,12,71.8777,20%,18,63000,63000100
2022年全年度,0501110514,三軍總醫院附設民眾診療服務處,1,0.0000,225.0000,220,0%,15,71.6772,18.64%,41,63000,63000100
2023年上半年度,0501110514,三軍總醫院附設民眾診療服務處,1,0.0000,144.0000,138,0%,16,72.1884,18.12%,25,63000,63000100
2023年全年度,0501110514,三軍總醫院附設民眾診療服務處,1,0.0000,300.0000,285,0%,18,71.6877,17.54%,50,63000,63000100
2024年上半年度,0501110514,三軍總醫院附設民眾診療服務處,1,0.0000,133.0000,132,0%,13,73.4015,15.91%,21,63000,63000100
2024年全年度,0501110514,三軍總醫院附設民眾診療服務處,1,0.0000,282.0000,275,0%,14,72.5272,18.91%,52,63000,63000100
2025年上半年度,0501110514,三軍總醫院附設民眾診療服務處,1,0.0000,123.0000,122,0%,13,71.4508,14.75%,18,63000,63000100
2014年全年度,0502030015,國軍左營總醫院附設民眾診療服務處,2,0.0000,21.0000,20,0%,4,71.1000,10%,2,64000,64000030
2015年上半年度,0502030015,國軍左營總醫院附設民眾診療服務處,2,0.0000,9.0000,9,0%,2,73.2222,22.22%,2,64000,64000030
2015年全年度,0502030015,國軍左營總醫院附設民眾診療服務處,2,0.0000,21.0000,21,0%,3,72.1428,23.81%,5,64000,64000030
2016年上半年度,0502030015,國軍左營總醫院附設民眾診療服務處,2,0.0000,15.0000,15,0%,2,67.1333,13.33%,2,64000,64000030
2016年全年度,0502030015,國軍左營總醫院附設民眾診療服務處,2,0.0000,26.0000,25,0%,3,67.7600,8%,2,64000,64000030
2017年上半年度,0502030015,國軍左營總醫院附設民眾診療服務處,2,0.0000,7.0000,7,0%,2,71.2857,14.29%,1,64000,64000030
2017年全年度,0502030015,國軍左營總醫院附設民眾診療服務處,2,0.0000,21.0000,20,0%,3,70.0000,5%,1,64000,64000030
2018年上半年度,0502030015,國軍左營總醫院附設民眾診療服務處,2,0.0000,15.0000,14,0%,3,73.7142,21.43%,3,64000,64000030
2018年全年度,0502030015,國軍左營總醫院附設民眾診療服務處,2,0.0000,28.0000,25,0%,3,74.1200,20%,5,64000,64000030
2019年上半年度,0502030015,國軍左營總醫院附設民眾診療服務處,2,0.0000,13.0000,13,0%,3,69.3846,23.08%,3,64000,64000030
2019年全年度,0502030015,國軍左營總醫院附設民眾診療服務處,2,0.0000,18.0000,17,0%,3,71.6470,17.65%,3,64000,64000030
2020年上半年度,0502030015,國軍左營總醫院附設民眾診療服務處,2,0.0000,10.0000,10,0%,3,72.8000,0%,0,64000,64000030
2020年全年度,0502030015,國軍左營總醫院附設民眾診療服務處,2,0.0000,27.0000,26,0%,3,71.5769,3.85%,1,64000,64000030
2021年上半年度,0502030015,國軍左營總醫院附設民眾診療服務處,2,0.0000,19.0000,19,0%,3,71.4736,10.53%,2,64000,64000030
2021年全年度,0502030015,國軍左營總醫院附設民眾診療服務處,2,0.0000,32.0000,28,0%,4,71.5714,10.71%,3,64000,64000030
2022年上半年度,0502030015,國軍左營總醫院附設民眾診療服務處,2,0.0000,14.0000,14,0%,3,70.5714,14.29%,2,64000,64000030
2022年全年度,0502030015,國軍左營總醫院附設民眾診療服務處,2,0.0000,36.0000,36,0%,3,69.8888,11.11%,4,64000,64000030
2023年上半年度,0502030015,國軍左營總醫院附設民眾診療服務處,2,0.0000,20.0000,20,0%,5,67.2000,15%,3,64000,64000030
2023年全年度,0502030015,國軍左營總醫院附設民眾診療服務處,2,0.0000,43.0000,39,0%,6,68.9230,12.82%,5,64000,64000030
2024年上半年度,0502030015,國軍左營總醫院附設民眾診療服務處,2,0.0000,21.0000,20,0%,4,72.7000,10%,2,64000,64000030
2024年全年度,0502030015,國軍左營總醫院附設民眾診療服務處,2,0.0000,49.0000,46,0%,6,70.8695,6.52%,3,64000,64000030
2025年上半年度,0502030015,國軍左營總醫院附設民眾診療服務處,2,0.0000,13.0000,13,0%,4,68.3846,23.08%,3,64000,64000030
2014年全年度,0502080015,國軍高雄總醫院附設民眾診療服務處,2,0.0000,77.0000,74,0%,5,71.1486,6.76%,5,64000,64000080
2015年上半年度,0502080015,國軍高雄總醫院附設民眾診療服務處,2,0.0000,37.0000,37,0%,5,68.4864,18.92%,7,64000,64000080
2015年全年度,0502080015,國軍高雄總醫院附設民眾診療服務處,2,0.0000,88.0000,80,0%,7,68.9875,11.25%,9,64000,64000080
2016年上半年度,0502080015,國軍高雄總醫院附設民眾診療服務處,2,0.0000,37.0000,35,0%,6,72.0857,14.29%,5,64000,64000080
2016年全年度,0502080015,國軍高雄總醫院附設民眾診療服務處,2,0.0000,63.0000,60,0%,6,71.4833,11.67%,7,64000,64000080
2017年上半年度,0502080015,國軍高雄總醫院附設民眾診療服務處,2,0.0000,32.0000,32,0%,6,71.8437,25%,8,64000,64000080
2017年全年度,0502080015,國軍高雄總醫院附設民眾診療服務處,2,1.0000,64.0000,61,1.56%,7,71.8852,22.95%,14,64000,64000080
2018年上半年度,0502080015,國軍高雄總醫院附設民眾診療服務處,2,0.0000,27.0000,27,0%,4,70.8148,11.11%,3,64000,64000080
2018年全年度,0502080015,國軍高雄總醫院附設民眾診療服務處,2,0.0000,67.0000,64,0%,6,69.6562,9.38%,6,64000,64000080
2019年上半年度,0502080015,國軍高雄總醫院附設民眾診療服務處,2,0.0000,58.0000,57,0%,5,70.0877,14.04%,8,64000,64000080
2019年全年度,0502080015,國軍高雄總醫院附設民眾診療服務處,2,0.0000,103.0000,97,0%,6,70.3298,14.43%,14,64000,64000080
2020年上半年度,0502080015,國軍高雄總醫院附設民眾診療服務處,2,0.0000,21.0000,21,0%,7,71.5714,14.29%,3,64000,64000080
2020年全年度,0502080015,國軍高雄總醫院附設民眾診療服務處,2,0.0000,87.0000,83,0%,7,70.3132,18.07%,15,64000,64000080
2021年上半年度,0502080015,國軍高雄總醫院附設民眾診療服務處,2,0.0000,35.0000,35,0%,7,71.3142,20%,7,64000,64000080
2021年全年度,0502080015,國軍高雄總醫院附設民眾診療服務處,2,0.0000,78.0000,73,0%,7,69.8356,17.81%,13,64000,64000080
2022年上半年度,0502080015,國軍高雄總醫院附設民眾診療服務處,2,0.0000,50.0000,49,0%,8,72.7959,12.24%,6,64000,64000080
2022年全年度,0502080015,國軍高雄總醫院附設民眾診療服務處,2,0.0000,118.0000,111,0%,8,71.6306,10.81%,12,64000,64000080
2023年上半年度,0502080015,國軍高雄總醫院附設民眾診療服務處,2,0.0000,71.0000,70,0%,6,70.7142,14.29%,10,64000,64000080
2023年全年度,0502080015,國軍高雄總醫院附設民眾診療服務處,2,0.0000,144.0000,134,0%,6,70.9179,16.42%,22,64000,64000080
2024年上半年度,0502080015,國軍高雄總醫院附設民眾診療服務處,2,1.0000,77.0000,77,1.3%,8,72.6103,19.48%,15,64000,64000080
2024年全年度,0502080015,國軍高雄總醫院附設民眾診療服務處,2,1.0000,130.0000,120,.77%,8,71.9666,13.33%,16,64000,64000080
2025年上半年度,0502080015,國軍高雄總醫院附設民眾診療服務處,2,0.0000,92.0000,89,0%,7,70.3146,19.1%,17,64000,64000080
2014年全年度,0511040010,三軍總醫院基隆分院附設民眾診療服務處,3,1.0000,176.0000,172,0.57%,7,69.9941,11.63%,20,10017,10017040
2015年上半年度,0511040010,三軍總醫院基隆分院附設民眾診療服務處,3,1.0000,70.0000,68,1.43%,5,71.0882,7.35%,5,10017,10017040
2015年全年度,0511040010,三軍總醫院基隆分院附設民眾診療服務處,3,2.0000,175.0000,171,1.14%,6,70.3157,9.94%,17,10017,10017040
2016年上半年度,0511040010,三軍總醫院基隆分院附設民眾診療服務處,3,0.0000,71.0000,70,0%,4,70.4285,7.14%,5,10017,10017040
2016年全年度,0511040010,三軍總醫院基隆分院附設民眾診療服務處,3,0.0000,137.0000,136,0%,4,71.2720,8.09%,11,10017,10017040
2017年上半年度,0511040010,三軍總醫院基隆分院附設民眾診療服務處,3,0.0000,62.0000,62,0%,4,69.1774,1.61%,1,10017,10017040
2017年全年度,0511040010,三軍總醫院基隆分院附設民眾診療服務處,3,1.0000,116.0000,116,0.86%,5,69.6293,6.03%,7,10017,10017040
2018年上半年度,0511040010,三軍總醫院基隆分院附設民眾診療服務處,3,1.0000,43.0000,43,2.33%,2,71.4186,9.3%,4,10017,10017040
2018年全年度,0511040010,三軍總醫院基隆分院附設民眾診療服務處,3,1.0000,112.0000,111,0.89%,3,70.5855,12.61%,14,10017,10017040
2019年上半年度,0511040010,三軍總醫院基隆分院附設民眾診療服務處,3,0.0000,64.0000,64,0%,4,72.1250,9.38%,6,10017,10017040
2019年全年度,0511040010,三軍總醫院基隆分院附設民眾診療服務處,3,1.0000,160.0000,157,0.63%,4,71.4458,12.1%,19,10017,10017040
2020年上半年度,0511040010,三軍總醫院基隆分院附設民眾診療服務處,3,0.0000,78.0000,78,0%,2,70.7051,14.1%,11,10017,10017040
2020年全年度,0511040010,三軍總醫院基隆分院附設民眾診療服務處,3,1.0000,203.0000,198,0.49%,5,71.0808,12.63%,25,10017,10017040
2021年上半年度,0511040010,三軍總醫院基隆分院附設民眾診療服務處,3,0.0000,77.0000,77,0%,2,71.0389,11.69%,9,10017,10017040
2021年全年度,0511040010,三軍總醫院基隆分院附設民眾診療服務處,3,1.0000,181.0000,180,0.55%,3,70.6777,13.89%,25,10017,10017040
2022年上半年度,0511040010,三軍總醫院基隆分院附設民眾診療服務處,3,1.0000,61.0000,61,1.64%,3,68.8032,9.84%,6,10017,10017040
2022年全年度,0511040010,三軍總醫院基隆分院附設民眾診療服務處,3,1.0000,161.0000,159,0.62%,3,70.1509,9.43%,15,10017,10017040
2023年上半年度,0511040010,三軍總醫院基隆分院附設民眾診療服務處,3,2.0000,88.0000,88,2.27%,3,70.7954,15.91%,14,10017,10017040
2023年全年度,0511040010,三軍總醫院基隆分院附設民眾診療服務處,3,2.0000,150.0000,146,1.33%,3,70.8835,16.44%,24,10017,10017040
2024年上半年度,0511040010,三軍總醫院基隆分院附設民眾診療服務處,3,0.0000,63.0000,62,0%,3,71.9032,20.97%,13,10017,10017040
2024年全年度,0511040010,三軍總醫院基隆分院附設民眾診療服務處,3,3.0000,125.0000,121,2.4%,3,70.8925,18.18%,22,10017,10017040
2025年上半年度,0511040010,三軍總醫院基隆分院附設民眾診療服務處,3,0.0000,43.0000,43,0%,4,70.6744,9.3%,4,10017,10017040
2014年全年度,0512040014,國軍桃園總醫院新竹分院附設民眾診療服務處,3,0.0000,22.0000,21,0%,2,74.4285,19.05%,4,10018,10018020
2015年上半年度,0512040014,國軍桃園總醫院新竹分院附設民眾診療服務處,3,0.0000,7.0000,7,0%,2,71.5714,0%,0,10018,10018020
2015年全年度,0512040014,國軍桃園總醫院新竹分院附設民眾診療服務處,3,0.0000,16.0000,16,0%,3,74.1250,12.5%,2,10018,10018020
2016年上半年度,0512040014,國軍桃園總醫院新竹分院附設民眾診療服務處,3,0.0000,7.0000,7,0%,2,73.8571,14.29%,1,10018,10018020
2016年全年度,0512040014,國軍桃園總醫院新竹分院附設民眾診療服務處,3,0.0000,18.0000,18,0%,3,72.6666,5.56%,1,10018,10018020
2017年上半年度,0512040014,國軍桃園總醫院新竹分院附設民眾診療服務處,3,0.0000,10.0000,10,0%,4,72.8000,10%,1,10018,10018020
2017年全年度,0512040014,國軍桃園總醫院新竹分院附設民眾診療服務處,3,0.0000,37.0000,37,0%,4,73.3243,5.41%,2,10018,10018020
2018年上半年度,0512040014,國軍桃園總醫院新竹分院附設民眾診療服務處,3,0.0000,10.0000,10,0%,3,72.1000,10%,1,10018,10018020
2018年全年度,0512040014,國軍桃園總醫院新竹分院附設民眾診療服務處,3,0.0000,41.0000,40,0%,3,74.6000,12.5%,5,10018,10018020
2019年上半年度,0512040014,國軍桃園總醫院新竹分院附設民眾診療服務處,3,0.0000,19.0000,19,0%,4,74.8421,15.79%,3,10018,10018020
2019年全年度,0512040014,國軍桃園總醫院新竹分院附設民眾診療服務處,3,0.0000,53.0000,51,0%,4,74.1960,15.69%,8,10018,10018020
2020年上半年度,0512040014,國軍桃園總醫院新竹分院附設民眾診療服務處,3,0.0000,26.0000,26,0%,4,76.7307,15.38%,4,10018,10018020
2020年全年度,0512040014,國軍桃園總醫院新竹分院附設民眾診療服務處,3,0.0000,38.0000,37,0%,4,74.9729,18.92%,7,10018,10018020
2021年上半年度,0512040014,國軍桃園總醫院新竹分院附設民眾診療服務處,3,0.0000,11.0000,11,0%,2,70.4545,9.09%,1,10018,10018020
2021年全年度,0512040014,國軍桃園總醫院新竹分院附設民眾診療服務處,3,0.0000,17.0000,17,0%,3,72.0000,17.65%,3,10018,10018020
2022年上半年度,0512040014,國軍桃園總醫院新竹分院附設民眾診療服務處,3,0.0000,7.0000,7,0%,2,69.5714,14.29%,1,10018,10018020
2022年全年度,0512040014,國軍桃園總醫院新竹分院附設民眾診療服務處,3,0.0000,18.0000,18,0%,2,72.0555,5.56%,1,10018,10018020
2023年上半年度,0512040014,國軍桃園總醫院新竹分院附設民眾診療服務處,3,0.0000,9.0000,8,0%,2,73.0000,0%,0,10018,10018020
2023年全年度,0512040014,國軍桃園總醫院新竹分院附設民眾診療服務處,3,0.0000,21.0000,20,0%,4,73.0000,0%,0,10018,10018020
2024年上半年度,0512040014,國軍桃園總醫院新竹分院附設民眾診療服務處,3,0.0000,17.0000,17,0%,2,69.9411,11.76%,2,10018,10018020
2024年全年度,0512040014,國軍桃園總醫院新竹分院附設民眾診療服務處,3,0.0000,37.0000,35,0%,3,70.2000,20%,7,10018,10018020
2025年上半年度,0512040014,國軍桃園總醫院新竹分院附設民眾診療服務處,3,0.0000,8.0000,8,0%,1,70.2500,25%,2,10018,10018020
2014年全年度,0517050010,國軍臺中總醫院中清分院附設民眾診療服務處,3,1.0000,131.0000,130,0.76%,5,69.1461,9.23%,12,66000,66000050
2015年上半年度,0517050010,國軍臺中總醫院中清分院附設民眾診療服務處,3,0.0000,76.0000,76,0%,6,70.2500,9.21%,7,66000,66000050
2015年全年度,0517050010,國軍臺中總醫院中清分院附設民眾診療服務處,3,0.0000,138.0000,135,0%,7,69.4518,11.11%,15,66000,66000050
2016年上半年度,0517050010,國軍臺中總醫院中清分院附設民眾診療服務處,3,1.0000,28.0000,28,3.57%,3,68.8571,14.29%,4,66000,66000050
2016年全年度,0517050010,國軍臺中總醫院中清分院附設民眾診療服務處,3,3.0000,90.0000,86,3.33%,6,69.0000,10.47%,9,66000,66000050
2017年上半年度,0517050010,國軍臺中總醫院中清分院附設民眾診療服務處,3,0.0000,47.0000,47,0%,5,70.6595,8.51%,4,66000,66000050
2017年全年度,0517050010,國軍臺中總醫院中清分院附設民眾診療服務處,3,0.0000,88.0000,81,0%,7,70.1728,9.88%,8,66000,66000050
2018年上半年度,0517050010,國軍臺中總醫院中清分院附設民眾診療服務處,3,1.0000,30.0000,30,3.33%,3,72.3333,13.33%,4,66000,66000050
2018年全年度,0517050010,國軍臺中總醫院中清分院附設民眾診療服務處,3,1.0000,43.0000,42,2.33%,5,71.5952,11.9%,5,66000,66000050
2019年上半年度,0517050010,國軍臺中總醫院中清分院附設民眾診療服務處,3,1.0000,55.0000,55,1.82%,7,70.5454,9.09%,5,66000,66000050
2019年全年度,0517050010,國軍臺中總醫院中清分院附設民眾診療服務處,3,6.0000,155.0000,153,3.87%,7,70.4836,9.8%,15,66000,66000050
2020年全年度,0517050010,國軍臺中總醫院中清分院附設民眾診療服務處,3,0.0000,4.0000,4,0%,2,72.5000,0%,0,66000,66000050
2021年全年度,0517050010,國軍臺中總醫院中清分院附設民眾診療服務處,3,0.0000,14.0000,14,0%,6,72.6428,21.43%,3,66000,66000050
2022年上半年度,0517050010,國軍臺中總醫院中清分院附設民眾診療服務處,3,0.0000,9.0000,9,0%,3,74.0000,11.11%,1,66000,66000050
2022年全年度,0517050010,國軍臺中總醫院中清分院附設民眾診療服務處,3,0.0000,30.0000,30,0%,5,72.3666,6.67%,2,66000,66000050
2023年上半年度,0517050010,國軍臺中總醫院中清分院附設民眾診療服務處,3,0.0000,15.0000,15,0%,4,74.6000,6.67%,1,66000,66000050
2023年全年度,0517050010,國軍臺中總醫院中清分院附設民眾診療服務處,3,0.0000,38.0000,36,0%,5,72.4166,13.89%,5,66000,66000050
2024年上半年度,0517050010,國軍臺中總醫院中清分院附設民眾診療服務處,3,1.0000,19.0000,19,5.26%,4,74.2105,5.26%,1,66000,66000050
2024年全年度,0517050010,國軍臺中總醫院中清分院附設民眾診療服務處,3,1.0000,51.0000,47,1.96%,4,72.0212,8.51%,4,66000,66000050
2025年上半年度,0517050010,國軍臺中總醫院中清分院附設民眾診療服務處,3,1.0000,25.0000,24,4%,5,72.3750,20.83%,5,66000,66000050
2014年全年度,0532090029,國軍桃園總醫院附設民眾診療服務處,2,0.0000,119.0000,118,0%,7,68.9915,11.86%,14,68000,68000090
2015年上半年度,0532090029,國軍桃園總醫院附設民眾診療服務處,2,0.0000,56.0000,55,0%,6,69.1818,10.91%,6,68000,68000090
2015年全年度,0532090029,國軍桃園總醫院附設民眾診療服務處,2,0.0000,122.0000,120,0%,8,68.8750,8.33%,10,68000,68000090
2016年上半年度,0532090029,國軍桃園總醫院附設民眾診療服務處,2,0.0000,53.0000,53,0%,7,69.6037,5.66%,3,68000,68000090
2016年全年度,0532090029,國軍桃園總醫院附設民眾診療服務處,2,0.0000,124.0000,117,0%,8,69.1880,8.55%,10,68000,68000090
2017年上半年度,0532090029,國軍桃園總醫院附設民眾診療服務處,2,0.0000,59.0000,58,0%,7,69.4310,5.17%,3,68000,68000090
2017年全年度,0532090029,國軍桃園總醫院附設民眾診療服務處,2,0.0000,137.0000,132,0%,9,69.5303,7.58%,10,68000,68000090
2018年上半年度,0532090029,國軍桃園總醫院附設民眾診療服務處,2,0.0000,86.0000,84,0%,8,70.6547,13.1%,11,68000,68000090
2018年全年度,0532090029,國軍桃園總醫院附設民眾診療服務處,2,0.0000,172.0000,164,0%,9,70.4451,11.59%,19,68000,68000090
2019年上半年度,0532090029,國軍桃園總醫院附設民眾診療服務處,2,0.0000,93.0000,92,0%,8,69.6195,10.87%,10,68000,68000090
2019年全年度,0532090029,國軍桃園總醫院附設民眾診療服務處,2,1.0000,184.0000,177,0.54%,9,70.4632,10.17%,18,68000,68000090
2020年上半年度,0532090029,國軍桃園總醫院附設民眾診療服務處,2,0.0000,59.0000,57,0%,8,70.5438,3.51%,2,68000,68000090
2020年全年度,0532090029,國軍桃園總醫院附設民眾診療服務處,2,0.0000,154.0000,147,0%,8,70.7346,7.48%,11,68000,68000090
2021年上半年度,0532090029,國軍桃園總醫院附設民眾診療服務處,2,0.0000,47.0000,47,0%,6,70.9148,0%,0,68000,68000090
2021年全年度,0532090029,國軍桃園總醫院附設民眾診療服務處,2,0.0000,109.0000,105,0%,9,71.0285,5.71%,6,68000,68000090
2022年上半年度,0532090029,國軍桃園總醫院附設民眾診療服務處,2,0.0000,52.0000,51,0%,8,71.6078,17.65%,9,68000,68000090
2022年全年度,0532090029,國軍桃園總醫院附設民眾診療服務處,2,0.0000,133.0000,128,0%,8,71.5078,17.19%,22,68000,68000090
2023年上半年度,0532090029,國軍桃園總醫院附設民眾診療服務處,2,0.0000,72.0000,71,0%,9,72.6478,8.45%,6,68000,68000090
2023年全年度,0532090029,國軍桃園總醫院附設民眾診療服務處,2,0.0000,160.0000,150,0%,12,72.3200,9.33%,14,68000,68000090
2024年上半年度,0532090029,國軍桃園總醫院附設民眾診療服務處,2,0.0000,81.0000,79,0%,9,71.2278,13.92%,11,68000,68000090
2024年全年度,0532090029,國軍桃園總醫院附設民眾診療服務處,2,0.0000,160.0000,151,0%,10,71.2715,12.58%,19,68000,68000090
2025年上半年度,0532090029,國軍桃園總醫院附設民眾診療服務處,2,0.0000,73.0000,72,0%,10,71.8888,20.83%,15,68000,68000090
2014年全年度,0536190011,國軍臺中總醫院附設民眾診療服務處,2,3.0000,430.0000,418,0.7%,12,70.1961,11.72%,49,66000,66000270
2015年上半年度,0536190011,國軍臺中總醫院附設民眾診療服務處,2,2.0000,192.0000,189,1.04%,9,71.0000,11.64%,22,66000,66000270
2015年全年度,0536190011,國軍臺中總醫院附設民眾診療服務處,2,3.0000,417.0000,398,0.72%,12,71.3768,10.55%,42,66000,66000270
2016年上半年度,0536190011,國軍臺中總醫院附設民眾診療服務處,2,6.0000,146.0000,141,4.11%,10,71.7801,12.06%,17,66000,66000270
2016年全年度,0536190011,國軍臺中總醫院附設民眾診療服務處,2,9.0000,279.0000,268,3.23%,12,71.5373,10.45%,28,66000,66000270
2017年上半年度,0536190011,國軍臺中總醫院附設民眾診療服務處,2,2.0000,103.0000,102,1.94%,9,70.2941,9.8%,10,66000,66000270
2017年全年度,0536190011,國軍臺中總醫院附設民眾診療服務處,2,4.0000,217.0000,210,1.84%,10,70.4142,8.57%,18,66000,66000270
2018年上半年度,0536190011,國軍臺中總醫院附設民眾診療服務處,2,2.0000,94.0000,94,2.13%,8,69.6382,9.57%,9,66000,66000270
2018年全年度,0536190011,國軍臺中總醫院附設民眾診療服務處,2,4.0000,220.0000,209,1.82%,9,70.1818,8.13%,17,66000,66000270
2019年上半年度,0536190011,國軍臺中總醫院附設民眾診療服務處,2,1.0000,77.0000,75,1.3%,7,71.1866,8%,6,66000,66000270
2019年全年度,0536190011,國軍臺中總醫院附設民眾診療服務處,2,1.0000,142.0000,139,0.7%,8,70.8705,13.67%,19,66000,66000270
2020年上半年度,0536190011,國軍臺中總醫院附設民眾診療服務處,2,0.0000,103.0000,102,0%,8,69.7254,18.63%,19,66000,66000270
2020年全年度,0536190011,國軍臺中總醫院附設民眾診療服務處,2,3.0000,290.0000,279,1.03%,9,69.9749,13.62%,38,66000,66000270
2021年上半年度,0536190011,國軍臺中總醫院附設民眾診療服務處,2,1.0000,141.0000,139,0.71%,6,72.5251,12.23%,17,66000,66000270
2021年全年度,0536190011,國軍臺中總醫院附設民眾診療服務處,2,3.0000,290.0000,280,1.03%,9,71.5357,14.29%,40,66000,66000270
2022年上半年度,0536190011,國軍臺中總醫院附設民眾診療服務處,2,2.0000,118.0000,116,1.69%,7,70.1982,18.1%,21,66000,66000270
2022年全年度,0536190011,國軍臺中總醫院附設民眾診療服務處,2,3.0000,254.0000,243,1.18%,8,70.2427,17.28%,42,66000,66000270
2023年上半年度,0536190011,國軍臺中總醫院附設民眾診療服務處,2,3.0000,99.0000,99,3.03%,8,71.4141,11.11%,11,66000,66000270
2023年全年度,0536190011,國軍臺中總醫院附設民眾診療服務處,2,4.0000,187.0000,176,2.14%,8,71.1420,12.5%,22,66000,66000270
2024年上半年度,0536190011,國軍臺中總醫院附設民眾診療服務處,2,1.0000,79.0000,78,1.27%,6,69.2051,8.97%,7,66000,66000270
2024年全年度,0536190011,國軍臺中總醫院附設民眾診療服務處,2,2.0000,159.0000,149,1.26%,7,69.6375,10.07%,15,66000,66000270
2025年上半年度,0536190011,國軍臺中總醫院附設民眾診療服務處,2,0.0000,77.0000,75,0%,7,71.1600,13.33%,10,66000,66000270
2014年全年度,0542020011,國軍左營總醫院岡山分院附設民眾診療服務處,3,0.0000,30.0000,27,0%,2,68.9629,14.81%,4,64000,64000190
2015年上半年度,0542020011,國軍左營總醫院岡山分院附設民眾診療服務處,3,0.0000,19.0000,17,0%,2,68.0000,5.88%,1,64000,64000190
2015年全年度,0542020011,國軍左營總醫院岡山分院附設民眾診療服務處,3,0.0000,38.0000,36,0%,2,69.0833,11.11%,4,64000,64000190
2016年上半年度,0542020011,國軍左營總醫院岡山分院附設民眾診療服務處,3,0.0000,20.0000,20,0%,2,72.0000,15%,3,64000,64000190
2016年全年度,0542020011,國軍左營總醫院岡山分院附設民眾診療服務處,3,0.0000,35.0000,34,0%,2,72.0294,11.76%,4,64000,64000190
2017年上半年度,0542020011,國軍左營總醫院岡山分院附設民眾診療服務處,3,0.0000,16.0000,16,0%,2,68.0625,6.25%,1,64000,64000190
2017年全年度,0542020011,國軍左營總醫院岡山分院附設民眾診療服務處,3,0.0000,27.0000,26,0%,3,69.0384,3.85%,1,64000,64000190
2018年上半年度,0542020011,國軍左營總醫院岡山分院附設民眾診療服務處,3,0.0000,8.0000,8,0%,2,72.2500,25%,2,64000,64000190
2018年全年度,0542020011,國軍左營總醫院岡山分院附設民眾診療服務處,3,1.0000,24.0000,24,4.17%,4,72.8750,16.67%,4,64000,64000190
2019年上半年度,0542020011,國軍左營總醫院岡山分院附設民眾診療服務處,3,0.0000,17.0000,17,0%,2,73.1764,0%,0,64000,64000190
2019年全年度,0542020011,國軍左營總醫院岡山分院附設民眾診療服務處,3,0.0000,30.0000,29,0%,2,72.1724,0%,0,64000,64000190
2020年上半年度,0542020011,國軍左營總醫院岡山分院附設民眾診療服務處,3,0.0000,10.0000,9,0%,2,71.0000,11.11%,1,64000,64000190
2020年全年度,0542020011,國軍左營總醫院岡山分院附設民眾診療服務處,3,0.0000,22.0000,21,0%,3,71.6190,9.52%,2,64000,64000190
2021年上半年度,0542020011,國軍左營總醫院岡山分院附設民眾診療服務處,3,0.0000,18.0000,16,0%,2,70.1875,18.75%,3,64000,64000190
2021年全年度,0542020011,國軍左營總醫院岡山分院附設民眾診療服務處,3,0.0000,40.0000,38,0%,3,70.4736,15.79%,6,64000,64000190
2022年上半年度,0542020011,國軍左營總醫院岡山分院附設民眾診療服務處,3,0.0000,15.0000,15,0%,2,72.8666,26.67%,4,64000,64000190
2022年全年度,0542020011,國軍左營總醫院岡山分院附設民眾診療服務處,3,1.0000,39.0000,39,2.56%,4,71.9743,12.82%,5,64000,64000190
2023年上半年度,0542020011,國軍左營總醫院岡山分院附設民眾診療服務處,3,0.0000,23.0000,23,0%,4,73.0000,0%,0,64000,64000190
2023年全年度,0542020011,國軍左營總醫院岡山分院附設民眾診療服務處,3,0.0000,38.0000,35,0%,4,72.6285,2.86%,1,64000,64000190
2024年上半年度,0542020011,國軍左營總醫院岡山分院附設民眾診療服務處,3,0.0000,22.0000,21,0%,3,72.1428,4.76%,1,64000,64000190
2024年全年度,0542020011,國軍左營總醫院岡山分院附設民眾診療服務處,3,0.0000,44.0000,39,0%,3,70.9743,7.69%,3,64000,64000190
2025年上半年度,0542020011,國軍左營總醫院岡山分院附設民眾診療服務處,3,0.0000,21.0000,21,0%,3,72.4285,9.52%,2,64000,64000190
2019年上半年度,0543010019,國軍高雄總醫院屏東分院附設民眾診療服務處,3,0.0000,2.0000,2,0%,1,72.0000,0%,0,10013,10013010
2019年全年度,0543010019,國軍高雄總醫院屏東分院附設民眾診療服務處,3,0.0000,2.0000,2,0%,1,72.0000,0%,0,10013,10013010
2020年上半年度,0543010019,國軍高雄總醫院屏東分院附設民眾診療服務處,3,0.0000,1.0000,1,0%,1,72.0000,100%,1,10013,10013010
2020年全年度,0543010019,國軍高雄總醫院屏東分院附設民眾診療服務處,3,0.0000,5.0000,5,0%,1,70.2000,20%,1,10013,10013010
2021年上半年度,0543010019,國軍高雄總醫院屏東分院附設民眾診療服務處,3,0.0000,2.0000,2,0%,1,68.0000,0%,0,10013,10013010
2021年全年度,0543010019,國軍高雄總醫院屏東分院附設民眾診療服務處,3,0.0000,3.0000,3,0%,2,66.3333,33.33%,1,10013,10013010
2023年全年度,0543010019,國軍高雄總醫院屏東分院附設民眾診療服務處,3,0.0000,1.0000,1,0%,1,61.0000,100%,1,10013,10013010
2024年上半年度,0543010019,國軍高雄總醫院屏東分院附設民眾診療服務處,3,0.0000,1.0000,1,0%,1,78.0000,0%,0,10013,10013010
2024年全年度,0543010019,國軍高雄總醫院屏東分院附設民眾診療服務處,3,0.0000,5.0000,4,0%,1,72.5000,0%,0,10013,10013010
2025年上半年度,0543010019,國軍高雄總醫院屏東分院附設民眾診療服務處,3,0.0000,3.0000,3,0%,1,75.3333,0%,0,10013,10013010
2014年全年度,0544010031,三軍總醫院澎湖分院附設民眾診療服務處,3,0.0000,21.0000,20,0%,5,70.8000,10%,2,10016,10016010
2015年上半年度,0544010031,三軍總醫院澎湖分院附設民眾診療服務處,3,0.0000,16.0000,16,0%,4,67.1875,25%,4,10016,10016010
2015年全年度,0544010031,三軍總醫院澎湖分院附設民眾診療服務處,3,0.0000,30.0000,29,0%,4,68.3103,13.79%,4,10016,10016010
2016年上半年度,0544010031,三軍總醫院澎湖分院附設民眾診療服務處,3,0.0000,19.0000,19,0%,3,70.1578,5.26%,1,10016,10016010
2016年全年度,0544010031,三軍總醫院澎湖分院附設民眾診療服務處,3,0.0000,35.0000,35,0%,4,70.7142,11.43%,4,10016,10016010
2017年上半年度,0544010031,三軍總醫院澎湖分院附設民眾診療服務處,3,0.0000,11.0000,11,0%,3,69.2727,9.09%,1,10016,10016010
2017年全年度,0544010031,三軍總醫院澎湖分院附設民眾診療服務處,3,0.0000,16.0000,15,0%,3,69.7333,6.67%,1,10016,10016010
2018年上半年度,0544010031,三軍總醫院澎湖分院附設民眾診療服務處,3,0.0000,11.0000,11,0%,2,72.0909,9.09%,1,10016,10016010
2018年全年度,0544010031,三軍總醫院澎湖分院附設民眾診療服務處,3,1.0000,28.0000,26,3.57%,2,72.6153,19.23%,5,10016,10016010
2019年上半年度,0544010031,三軍總醫院澎湖分院附設民眾診療服務處,3,0.0000,14.0000,14,0%,2,71.4285,7.14%,1,10016,10016010
2019年全年度,0544010031,三軍總醫院澎湖分院附設民眾診療服務處,3,0.0000,31.0000,31,0%,2,70.7741,9.68%,3,10016,10016010
2020年上半年度,0544010031,三軍總醫院澎湖分院附設民眾診療服務處,3,0.0000,7.0000,7,0%,2,75.0000,0%,0,10016,10016010
2020年全年度,0544010031,三軍總醫院澎湖分院附設民眾診療服務處,3,0.0000,27.0000,26,0%,3,73.3846,11.54%,3,10016,10016010
2021年上半年度,0544010031,三軍總醫院澎湖分院附設民眾診療服務處,3,0.0000,10.0000,10,0%,2,75.8000,10%,1,10016,10016010
2021年全年度,0544010031,三軍總醫院澎湖分院附設民眾診療服務處,3,0.0000,20.0000,19,0%,3,75.3157,10.53%,2,10016,10016010
2022年上半年度,0544010031,三軍總醫院澎湖分院附設民眾診療服務處,3,0.0000,7.0000,7,0%,3,67.2857,0%,0,10016,10016010
2022年全年度,0544010031,三軍總醫院澎湖分院附設民眾診療服務處,3,0.0000,20.0000,20,0%,3,72.4500,5%,1,10016,10016010
2023年上半年度,0544010031,三軍總醫院澎湖分院附設民眾診療服務處,3,0.0000,21.0000,20,0%,3,75.0000,0%,0,10016,10016010
2023年全年度,0544010031,三軍總醫院澎湖分院附設民眾診療服務處,3,0.0000,30.0000,28,0%,4,71.7500,10.71%,3,10016,10016010
2024年上半年度,0544010031,三軍總醫院澎湖分院附設民眾診療服務處,3,0.0000,17.0000,16,0%,2,69.2500,18.75%,3,10016,10016010
2024年全年度,0544010031,三軍總醫院澎湖分院附設民眾診療服務處,3,0.0000,30.0000,29,0%,2,70.3103,24.14%,7,10016,10016010
2025年上半年度,0544010031,三軍總醫院澎湖分院附設民眾診療服務處,3,2.0000,18.0000,18,11.11%,3,72.0000,0%,0,10016,10016010
2014年全年度,0545040515,國軍花蓮總醫院附設民眾診療服務處,2,0.0000,3.0000,3,0%,2,69.6666,0%,0,10015,10015040
2015年上半年度,0545040515,國軍花蓮總醫院附設民眾診療服務處,2,0.0000,3.0000,3,0%,1,65.6666,0%,0,10015,10015040
2015年全年度,0545040515,國軍花蓮總醫院附設民眾診療服務處,2,0.0000,10.0000,9,0%,1,66.8888,0%,0,10015,10015040
2016年上半年度,0545040515,國軍花蓮總醫院附設民眾診療服務處,2,0.0000,10.0000,10,0%,2,66.3000,10%,1,10015,10015040
2016年全年度,0545040515,國軍花蓮總醫院附設民眾診療服務處,2,0.0000,16.0000,15,0%,2,66.0666,6.67%,1,10015,10015040
2017年上半年度,0545040515,國軍花蓮總醫院附設民眾診療服務處,2,1.0000,6.0000,6,16.67%,2,70.6666,16.67%,1,10015,10015040
2017年全年度,0545040515,國軍花蓮總醫院附設民眾診療服務處,2,1.0000,15.0000,15,6.67%,3,69.4000,6.67%,1,10015,10015040
2018年上半年度,0545040515,國軍花蓮總醫院附設民眾診療服務處,2,0.0000,9.0000,9,0%,2,69.5555,11.11%,1,10015,10015040
2018年全年度,0545040515,國軍花蓮總醫院附設民眾診療服務處,2,1.0000,28.0000,25,3.57%,2,66.0000,12%,3,10015,10015040
2019年上半年度,0545040515,國軍花蓮總醫院附設民眾診療服務處,2,0.0000,13.0000,13,0%,2,68.6923,7.69%,1,10015,10015040
2019年全年度,0545040515,國軍花蓮總醫院附設民眾診療服務處,2,0.0000,22.0000,21,0%,4,67.4285,14.29%,3,10015,10015040
2020年上半年度,0545040515,國軍花蓮總醫院附設民眾診療服務處,2,0.0000,8.0000,8,0%,2,62.0000,12.5%,1,10015,10015040
2020年全年度,0545040515,國軍花蓮總醫院附設民眾診療服務處,2,0.0000,23.0000,23,0%,3,64.5217,26.09%,6,10015,10015040
2021年上半年度,0545040515,國軍花蓮總醫院附設民眾診療服務處,2,1.0000,8.0000,7,12.5%,2,61.1428,28.57%,2,10015,10015040
2021年全年度,0545040515,國軍花蓮總醫院附設民眾診療服務處,2,1.0000,21.0000,20,4.76%,2,65.1500,15%,3,10015,10015040
2022年上半年度,0545040515,國軍花蓮總醫院附設民眾診療服務處,2,0.0000,16.0000,16,0%,2,66.8125,37.5%,6,10015,10015040
2022年全年度,0545040515,國軍花蓮總醫院附設民眾診療服務處,2,0.0000,30.0000,28,0%,3,67.6428,32.14%,9,10015,10015040
2023年上半年度,0545040515,國軍花蓮總醫院附設民眾診療服務處,2,0.0000,10.0000,10,0%,1,66.2000,10%,1,10015,10015040
2023年全年度,0545040515,國軍花蓮總醫院附設民眾診療服務處,2,0.0000,25.0000,24,0%,2,66.2916,8.33%,2,10015,10015040
2024年上半年度,0545040515,國軍花蓮總醫院附設民眾診療服務處,2,0.0000,11.0000,11,0%,3,67.2727,18.18%,2,10015,10015040
2024年全年度,0545040515,國軍花蓮總醫院附設民眾診療服務處,2,0.0000,32.0000,31,0%,3,68.4516,16.13%,5,10015,10015040
2025年上半年度,0545040515,國軍花蓮總醫院附設民眾診療服務處,2,0.0000,21.0000,20,0%,2,68.5000,20%,4,10015,10015040
2014年全年度,0601160016,臺北榮民總醫院,1,6.0000,1390.0000,1366,0.43%,23,71.7254,14.79%,202,63000,63000120
2015年上半年度,0601160016,臺北榮民總醫院,1,2.0000,715.0000,714,0.28%,17,72.5406,13.73%,98,63000,63000120
2015年全年度,0601160016,臺北榮民總醫院,1,6.0000,1517.0000,1504,0.4%,20,72.5505,14.63%,220,63000,63000120
2016年上半年度,0601160016,臺北榮民總醫院,1,2.0000,757.0000,754,0.26%,16,72.6578,13.13%,99,63000,63000120
2016年全年度,0601160016,臺北榮民總醫院,1,4.0000,1593.0000,1570,0.25%,21,72.3312,14.14%,222,63000,63000120
2017年上半年度,0601160016,臺北榮民總醫院,1,0.0000,790.0000,785,0%,21,72.6573,14.39%,113,63000,63000120
2017年全年度,0601160016,臺北榮民總醫院,1,3.0000,1695.0000,1674,0.18%,28,72.1523,13.98%,234,63000,63000120
2018年上半年度,0601160016,臺北榮民總醫院,1,9.0000,906.0000,905,0.99%,21,71.8994,14.36%,130,63000,63000120
2018年全年度,0601160016,臺北榮民總醫院,1,13.0000,1839.0000,1820,0.71%,23,71.9829,15.88%,289,63000,63000120
2019年上半年度,0601160016,臺北榮民總醫院,1,2.0000,952.0000,949,0.21%,20,73.0368,15.6%,148,63000,63000120
2019年全年度,0601160016,臺北榮民總醫院,1,5.0000,2008.0000,1988,0.25%,24,72.5885,14.79%,294,63000,63000120
2020年上半年度,0601160016,臺北榮民總醫院,1,0.0000,805.0000,798,0%,18,72.1453,14.79%,118,63000,63000120
2020年全年度,0601160016,臺北榮民總醫院,1,5.0000,1821.0000,1796,0.27%,25,71.9448,16.87%,303,63000,63000120
2021年上半年度,0601160016,臺北榮民總醫院,1,3.0000,676.0000,673,0.44%,20,71.7815,19.32%,130,63000,63000120
2021年全年度,0601160016,臺北榮民總醫院,1,3.0000,1417.0000,1405,0.21%,22,72.0192,16.09%,226,63000,63000120
2022年上半年度,0601160016,臺北榮民總醫院,1,1.0000,682.0000,671,0.15%,18,71.8614,19.08%,128,63000,63000120
2022年全年度,0601160016,臺北榮民總醫院,1,2.0000,1465.0000,1437,0.14%,24,71.9081,17.47%,251,63000,63000120
2023年上半年度,0601160016,臺北榮民總醫院,1,2.0000,827.0000,821,.24%,21,71.9963,18.64%,153,63000,63000120
2023年全年度,0601160016,臺北榮民總醫院,1,4.0000,1725.0000,1700,.23%,24,71.9276,17.59%,299,63000,63000120
2024年上半年度,0601160016,臺北榮民總醫院,1,3.0000,862.0000,857,.35%,21,72.6312,17.15%,147,63000,63000120
2024年全年度,0601160016,臺北榮民總醫院,1,9.0000,1845.0000,1821,.49%,23,72.3388,17.52%,319,63000,63000120
2025年上半年度,0601160016,臺北榮民總醫院,1,2.0000,880.0000,878,.23%,22,72.3109,17.88%,157,63000,63000120
2014年全年度,0602030026,高雄榮民總醫院,1,4.0000,407.0000,379,0.98%,11,70.5778,10.03%,38,64000,64000030
2015年上半年度,0602030026,高雄榮民總醫院,1,2.0000,187.0000,186,1.07%,10,70.9354,13.98%,26,64000,64000030
2015年全年度,0602030026,高雄榮民總醫院,1,4.0000,373.0000,359,1.07%,11,70.5320,13.65%,49,64000,64000030
2016年上半年度,0602030026,高雄榮民總醫院,1,1.0000,166.0000,165,0.6%,13,72.0000,21.21%,35,64000,64000030
2016年全年度,0602030026,高雄榮民總醫院,1,3.0000,397.0000,376,0.76%,13,70.8643,15.16%,57,64000,64000030
2017年上半年度,0602030026,高雄榮民總醫院,1,0.0000,210.0000,206,0%,11,71.0194,12.62%,26,64000,64000030
2017年全年度,0602030026,高雄榮民總醫院,1,1.0000,427.0000,407,0.23%,14,70.9557,15.48%,63,64000,64000030
2018年上半年度,0602030026,高雄榮民總醫院,1,1.0000,205.0000,201,0.49%,12,71.0099,15.42%,31,64000,64000030
2018年全年度,0602030026,高雄榮民總醫院,1,1.0000,418.0000,397,0.24%,12,71.0881,16.88%,67,64000,64000030
2019年上半年度,0602030026,高雄榮民總醫院,1,0.0000,205.0000,203,0%,10,71.5270,12.32%,25,64000,64000030
2019年全年度,0602030026,高雄榮民總醫院,1,4.0000,437.0000,416,0.92%,12,71.2187,15.87%,66,64000,64000030
2020年上半年度,0602030026,高雄榮民總醫院,1,1.0000,141.0000,137,0.71%,11,70.2992,18.25%,25,64000,64000030
2020年全年度,0602030026,高雄榮民總醫院,1,1.0000,382.0000,366,0.26%,13,70.6038,18.31%,67,64000,64000030
2021年上半年度,0602030026,高雄榮民總醫院,1,0.0000,159.0000,157,0%,12,69.7324,14.65%,23,64000,64000030
2021年全年度,0602030026,高雄榮民總醫院,1,2.0000,395.0000,380,0.51%,12,70.2763,15.26%,58,64000,64000030
2022年上半年度,0602030026,高雄榮民總醫院,1,1.0000,179.0000,176,0.56%,13,72.2613,18.18%,32,64000,64000030
2022年全年度,0602030026,高雄榮民總醫院,1,3.0000,370.0000,357,0.81%,14,71.4677,16.81%,60,64000,64000030
2023年上半年度,0602030026,高雄榮民總醫院,1,0.0000,222.0000,219,0%,12,72.0182,13.7%,30,64000,64000030
2023年全年度,0602030026,高雄榮民總醫院,1,1.0000,480.0000,454,.21%,13,71.8942,14.32%,65,64000,64000030
2024年上半年度,0602030026,高雄榮民總醫院,1,0.0000,206.0000,204,0%,13,71.0686,20.1%,41,64000,64000030
2024年全年度,0602030026,高雄榮民總醫院,1,2.0000,451.0000,437,.44%,14,71.0869,17.85%,78,64000,64000030
2025年上半年度,0602030026,高雄榮民總醫院,1,0.0000,215.0000,213,0%,14,71.6525,15.49%,33,64000,64000030
2014年全年度,0617060018,臺中榮民總醫院,1,4.0000,598.0000,565,0.67%,16,70.8761,13.63%,77,66000,66000060
2015年上半年度,0617060018,臺中榮民總醫院,1,1.0000,275.0000,268,0.36%,13,71.2164,17.54%,47,66000,66000060
2015年全年度,0617060018,臺中榮民總醫院,1,1.0000,623.0000,591,0.16%,17,71.3959,15.23%,90,66000,66000060
2016年上半年度,0617060018,臺中榮民總醫院,1,1.0000,306.0000,303,0.33%,14,71.4092,18.15%,55,66000,66000060
2016年全年度,0617060018,臺中榮民總醫院,1,2.0000,586.0000,561,0.34%,16,71.1390,15.86%,89,66000,66000060
2017年上半年度,0617060018,臺中榮民總醫院,1,2.0000,279.0000,274,0.72%,13,70.9598,14.6%,40,66000,66000060
2017年全年度,0617060018,臺中榮民總醫院,1,2.0000,540.0000,514,0.37%,14,70.9824,16.54%,85,66000,66000060
2018年上半年度,0617060018,臺中榮民總醫院,1,0.0000,222.0000,221,0%,13,70.6561,16.29%,36,66000,66000060
2018年全年度,0617060018,臺中榮民總醫院,1,1.0000,450.0000,436,0.22%,14,71.3761,16.51%,72,66000,66000060
2019年上半年度,0617060018,臺中榮民總醫院,1,2.0000,236.0000,234,0.85%,15,72.7777,18.8%,44,66000,66000060
2019年全年度,0617060018,臺中榮民總醫院,1,2.0000,542.0000,524,0.37%,16,72.0496,16.79%,88,66000,66000060
2020年上半年度,0617060018,臺中榮民總醫院,1,1.0000,192.0000,192,0.52%,14,71.7187,17.19%,33,66000,66000060
2020年全年度,0617060018,臺中榮民總醫院,1,2.0000,539.0000,528,0.37%,15,71.5700,17.42%,92,66000,66000060
2021年上半年度,0617060018,臺中榮民總醫院,1,0.0000,246.0000,244,0%,15,71.9754,16.8%,41,66000,66000060
2021年全年度,0617060018,臺中榮民總醫院,1,2.0000,486.0000,468,0.41%,15,71.2350,16.03%,75,66000,66000060
2022年上半年度,0617060018,臺中榮民總醫院,1,0.0000,214.0000,213,0%,18,72.3427,15.49%,33,66000,66000060
2022年全年度,0617060018,臺中榮民總醫院,1,3.0000,518.0000,503,0.58%,19,72.3200,16.7%,84,66000,66000060
2023年上半年度,0617060018,臺中榮民總醫院,1,2.0000,313.0000,306,.64%,18,72.3888,19.93%,61,66000,66000060
2023年全年度,0617060018,臺中榮民總醫院,1,3.0000,722.0000,694,.42%,19,72.2190,20.32%,141,66000,66000060
2024年上半年度,0617060018,臺中榮民總醫院,1,4.0000,391.0000,387,1.02%,21,71.4857,18.09%,70,66000,66000060
2024年全年度,0617060018,臺中榮民總醫院,1,5.0000,808.0000,768,.62%,21,71.2799,18.75%,144,66000,66000060
2025年上半年度,0617060018,臺中榮民總醫院,1,0.0000,389.0000,381,0%,19,71.7401,19.95%,76,66000,66000060
2014年全年度,0622020017,臺中榮民總醫院嘉義分院,2,1.0000,132.0000,127,0.76%,2,72.5433,13.39%,17,10020,10020020
2015年上半年度,0622020017,臺中榮民總醫院嘉義分院,2,1.0000,59.0000,59,1.69%,2,72.5423,8.47%,5,10020,10020020
2015年全年度,0622020017,臺中榮民總醫院嘉義分院,2,1.0000,115.0000,111,0.87%,3,71.8378,11.71%,13,10020,10020020
2016年上半年度,0622020017,臺中榮民總醫院嘉義分院,2,0.0000,57.0000,56,0%,3,70.6071,7.14%,4,10020,10020020
2016年全年度,0622020017,臺中榮民總醫院嘉義分院,2,0.0000,109.0000,105,0%,4,69.8857,7.62%,8,10020,10020020
2017年上半年度,0622020017,臺中榮民總醫院嘉義分院,2,0.0000,46.0000,46,0%,2,71.3260,13.04%,6,10020,10020020
2017年全年度,0622020017,臺中榮民總醫院嘉義分院,2,0.0000,90.0000,86,0%,3,71.0000,15.12%,13,10020,10020020
2018年上半年度,0622020017,臺中榮民總醫院嘉義分院,2,0.0000,35.0000,34,0%,2,68.0294,20.59%,7,10020,10020020
2018年全年度,0622020017,臺中榮民總醫院嘉義分院,2,0.0000,63.0000,59,0%,3,68.4406,23.73%,14,10020,10020020
2019年上半年度,0622020017,臺中榮民總醫院嘉義分院,2,0.0000,30.0000,29,0%,2,73.2068,10.34%,3,10020,10020020
2019年全年度,0622020017,臺中榮民總醫院嘉義分院,2,0.0000,69.0000,66,0%,3,71.4090,12.12%,8,10020,10020020
2020年上半年度,0622020017,臺中榮民總醫院嘉義分院,2,0.0000,14.0000,14,0%,1,71.2142,7.14%,1,10020,10020020
2020年全年度,0622020017,臺中榮民總醫院嘉義分院,2,0.0000,45.0000,43,0%,1,71.3953,11.63%,5,10020,10020020
2021年上半年度,0622020017,臺中榮民總醫院嘉義分院,2,1.0000,29.0000,27,3.45%,1,74.6296,18.52%,5,10020,10020020
2021年全年度,0622020017,臺中榮民總醫院嘉義分院,2,1.0000,52.0000,49,1.92%,1,73.6530,10.2%,5,10020,10020020
2022年上半年度,0622020017,臺中榮民總醫院嘉義分院,2,0.0000,21.0000,19,0%,2,73.1052,15.79%,3,10020,10020020
2022年全年度,0622020017,臺中榮民總醫院嘉義分院,2,0.0000,55.0000,53,0%,3,72.0943,16.98%,9,10020,10020020
2023年上半年度,0622020017,臺中榮民總醫院嘉義分院,2,0.0000,25.0000,25,0%,2,72.9600,28%,7,10020,10020020
2023年全年度,0622020017,臺中榮民總醫院嘉義分院,2,0.0000,52.0000,49,0%,2,71.5918,22.45%,11,10020,10020020
2024年上半年度,0622020017,臺中榮民總醫院嘉義分院,2,1.0000,30.0000,30,3.33%,2,69.8333,13.33%,4,10020,10020020
2024年全年度,0622020017,臺中榮民總醫院嘉義分院,2,1.0000,67.0000,61,1.49%,4,71.0819,13.11%,8,10020,10020020
2025年上半年度,0622020017,臺中榮民總醫院嘉義分院,2,1.0000,25.0000,25,4%,2,71.0800,20%,5,10020,10020020
2014年全年度,0632010014,臺北榮民總醫院桃園分院,2,0.0000,46.0000,44,0%,3,70.9318,4.55%,2,68000,68000010
2015年上半年度,0632010014,臺北榮民總醫院桃園分院,2,1.0000,23.0000,23,4.35%,3,72.7826,8.7%,2,68000,68000010
2015年全年度,0632010014,臺北榮民總醫院桃園分院,2,1.0000,63.0000,63,1.59%,3,72.1111,12.7%,8,68000,68000010
2016年上半年度,0632010014,臺北榮民總醫院桃園分院,2,0.0000,30.0000,30,0%,3,74.0000,10%,3,68000,68000010
2016年全年度,0632010014,臺北榮民總醫院桃園分院,2,0.0000,63.0000,60,0%,3,73.5833,8.33%,5,68000,68000010
2017年上半年度,0632010014,臺北榮民總醫院桃園分院,2,2.0000,17.0000,17,11.76%,2,72.7058,5.88%,1,68000,68000010
2017年全年度,0632010014,臺北榮民總醫院桃園分院,2,2.0000,34.0000,34,5.88%,2,72.6176,5.88%,2,68000,68000010
2018年上半年度,0632010014,臺北榮民總醫院桃園分院,2,0.0000,20.0000,20,0%,2,70.2500,15%,3,68000,68000010
2018年全年度,0632010014,臺北榮民總醫院桃園分院,2,0.0000,39.0000,39,0%,2,70.4102,15.38%,6,68000,68000010
2019年上半年度,0632010014,臺北榮民總醫院桃園分院,2,0.0000,28.0000,28,0%,2,71.0000,21.43%,6,68000,68000010
2019年全年度,0632010014,臺北榮民總醫院桃園分院,2,0.0000,62.0000,62,0%,4,71.2580,19.35%,12,68000,68000010
2020年上半年度,0632010014,臺北榮民總醫院桃園分院,2,1.0000,29.0000,28,3.45%,3,74.8214,7.14%,2,68000,68000010
2020年全年度,0632010014,臺北榮民總醫院桃園分院,2,1.0000,78.0000,72,1.28%,4,72.7083,5.56%,4,68000,68000010
2021年上半年度,0632010014,臺北榮民總醫院桃園分院,2,0.0000,16.0000,16,0%,4,74.5625,0%,0,68000,68000010
2021年全年度,0632010014,臺北榮民總醫院桃園分院,2,0.0000,54.0000,53,0%,4,72.0566,15.09%,8,68000,68000010
2022年上半年度,0632010014,臺北榮民總醫院桃園分院,2,0.0000,30.0000,29,0%,4,72.3793,17.24%,5,68000,68000010
2022年全年度,0632010014,臺北榮民總醫院桃園分院,2,1.0000,95.0000,89,1.05%,4,71.5955,10.11%,9,68000,68000010
2023年上半年度,0632010014,臺北榮民總醫院桃園分院,2,0.0000,43.0000,43,0%,3,74.1162,13.95%,6,68000,68000010
2023年全年度,0632010014,臺北榮民總醫院桃園分院,2,0.0000,87.0000,81,0%,3,72.7654,16.05%,13,68000,68000010
2024年上半年度,0632010014,臺北榮民總醫院桃園分院,2,0.0000,34.0000,34,0%,2,73.3235,8.82%,3,68000,68000010
2024年全年度,0632010014,臺北榮民總醫院桃園分院,2,1.0000,85.0000,79,1.18%,4,73.1139,15.19%,12,68000,68000010
2025年上半年度,0632010014,臺北榮民總醫院桃園分院,2,1.0000,47.0000,47,2.13%,3,74.6170,23.4%,11,68000,68000010
2014年全年度,0633030010,臺北榮民總醫院新竹分院,3,0.0000,40.0000,39,0%,2,73.2307,10.26%,4,10004,10004020
2015年上半年度,0633030010,臺北榮民總醫院新竹分院,3,1.0000,17.0000,17,5.88%,1,70.0000,0%,0,10004,10004020
2015年全年度,0633030010,臺北榮民總醫院新竹分院,3,1.0000,42.0000,42,2.38%,1,71.8333,4.76%,2,10004,10004020
2016年上半年度,0633030010,臺北榮民總醫院新竹分院,3,0.0000,22.0000,22,0%,1,74.5000,13.64%,3,10004,10004020
2016年全年度,0633030010,臺北榮民總醫院新竹分院,3,1.0000,47.0000,46,2.13%,2,71.8043,13.04%,6,10004,10004020
2017年上半年度,0633030010,臺北榮民總醫院新竹分院,3,0.0000,35.0000,35,0%,1,71.1428,8.57%,3,10004,10004020
2017年全年度,0633030010,臺北榮民總醫院新竹分院,3,0.0000,74.0000,72,0%,2,72.8194,13.89%,10,10004,10004020
2018年上半年度,0633030010,臺北榮民總醫院新竹分院,3,1.0000,23.0000,22,4.35%,1,73.9545,9.09%,2,10004,10004020
2018年全年度,0633030010,臺北榮民總醫院新竹分院,3,1.0000,54.0000,51,1.85%,2,73.2745,19.61%,10,10004,10004020
2019年上半年度,0633030010,臺北榮民總醫院新竹分院,3,0.0000,41.0000,41,0%,2,71.7317,17.07%,7,10004,10004020
2019年全年度,0633030010,臺北榮民總醫院新竹分院,3,0.0000,75.0000,75,0%,2,70.4933,16%,12,10004,10004020
2020年上半年度,0633030010,臺北榮民總醫院新竹分院,3,1.0000,32.0000,32,3.13%,3,72.6250,12.5%,4,10004,10004020
2020年全年度,0633030010,臺北榮民總醫院新竹分院,3,1.0000,73.0000,72,1.37%,3,70.4722,9.72%,7,10004,10004020
2021年上半年度,0633030010,臺北榮民總醫院新竹分院,3,0.0000,20.0000,20,0%,3,70.7500,20%,4,10004,10004020
2021年全年度,0633030010,臺北榮民總醫院新竹分院,3,1.0000,55.0000,55,1.82%,3,70.9818,12.73%,7,10004,10004020
2022年上半年度,0633030010,臺北榮民總醫院新竹分院,3,1.0000,22.0000,22,4.55%,2,69.4545,13.64%,3,10004,10004020
2022年全年度,0633030010,臺北榮民總醫院新竹分院,3,1.0000,47.0000,47,2.13%,2,70.6808,19.15%,9,10004,10004020
2023年上半年度,0633030010,臺北榮民總醫院新竹分院,3,0.0000,29.0000,29,0%,2,73.3793,6.9%,2,10004,10004020
2023年全年度,0633030010,臺北榮民總醫院新竹分院,3,0.0000,62.0000,62,0%,2,71.5322,11.29%,7,10004,10004020
2024年上半年度,0633030010,臺北榮民總醫院新竹分院,3,0.0000,27.0000,27,0%,2,68.8148,11.11%,3,10004,10004020
2024年全年度,0633030010,臺北榮民總醫院新竹分院,3,0.0000,56.0000,54,0%,2,69.5925,14.81%,8,10004,10004020
2025年上半年度,0633030010,臺北榮民總醫院新竹分院,3,0.0000,19.0000,19,0%,2,74.4210,10.53%,2,10004,10004020
2016年全年度,0634030014,臺北榮民總醫院蘇澳分院,3,0.0000,1.0000,1,0%,1,74.0000,0%,0,10002,10002030
2017年上半年度,0634030014,臺北榮民總醫院蘇澳分院,3,0.0000,1.0000,1,0%,1,69.0000,0%,0,10002,10002030
2017年全年度,0634030014,臺北榮民總醫院蘇澳分院,3,0.0000,2.0000,2,0%,1,67.5000,0%,0,10002,10002030
2018年上半年度,0634030014,臺北榮民總醫院蘇澳分院,3,0.0000,1.0000,1,0%,1,67.0000,0%,0,10002,10002030
2018年全年度,0634030014,臺北榮民總醫院蘇澳分院,3,0.0000,2.0000,2,0%,1,67.5000,0%,0,10002,10002030
2019年全年度,0634030014,臺北榮民總醫院蘇澳分院,3,0.0000,1.0000,1,0%,1,76.0000,0%,0,10002,10002030
2021年上半年度,0634030014,臺北榮民總醫院蘇澳分院,3,0.0000,3.0000,3,0%,2,67.6666,0%,0,10002,10002030
2021年全年度,0634030014,臺北榮民總醫院蘇澳分院,3,0.0000,8.0000,7,0%,2,70.2857,0%,0,10002,10002030
2022年上半年度,0634030014,臺北榮民總醫院蘇澳分院,3,0.0000,3.0000,3,0%,1,71.3333,0%,0,10002,10002030
2022年全年度,0634030014,臺北榮民總醫院蘇澳分院,3,0.0000,8.0000,8,0%,1,73.5000,0%,0,10002,10002030
2023年上半年度,0634030014,臺北榮民總醫院蘇澳分院,3,0.0000,2.0000,2,0%,1,72.5000,0%,0,10002,10002030
2023年全年度,0634030014,臺北榮民總醫院蘇澳分院,3,0.0000,8.0000,7,0%,1,73.5714,0%,0,10002,10002030
2024年上半年度,0634030014,臺北榮民總醫院蘇澳分院,3,0.0000,6.0000,6,0%,1,69.3333,0%,0,10002,10002030
2024年全年度,0634030014,臺北榮民總醫院蘇澳分院,3,0.0000,11.0000,11,0%,1,70.7272,0%,0,10002,10002030
2025年上半年度,0634030014,臺北榮民總醫院蘇澳分院,3,0.0000,2.0000,2,0%,1,72.0000,50%,1,10002,10002030
2016年上半年度,0634070018,臺北榮民總醫院員山分院,3,0.0000,1.0000,1,0%,1,75.0000,0%,0,10002,10002070
2016年全年度,0634070018,臺北榮民總醫院員山分院,3,0.0000,2.0000,2,0%,2,77.0000,0%,0,10002,10002070
2017年上半年度,0634070018,臺北榮民總醫院員山分院,3,0.0000,2.0000,2,0%,1,65.5000,0%,0,10002,10002070
2017年全年度,0634070018,臺北榮民總醫院員山分院,3,0.0000,5.0000,5,0%,1,70.2000,0%,0,10002,10002070
2018年上半年度,0634070018,臺北榮民總醫院員山分院,3,0.0000,8.0000,8,0%,1,73.3750,0%,0,10002,10002070
2018年全年度,0634070018,臺北榮民總醫院員山分院,3,0.0000,14.0000,14,0%,1,73.5714,7.14%,1,10002,10002070
2019年上半年度,0634070018,臺北榮民總醫院員山分院,3,0.0000,7.0000,7,0%,1,74.4285,28.57%,2,10002,10002070
2019年全年度,0634070018,臺北榮民總醫院員山分院,3,0.0000,18.0000,18,0%,1,73.2777,11.11%,2,10002,10002070
2020年上半年度,0634070018,臺北榮民總醫院員山分院,3,0.0000,6.0000,6,0%,1,72.0000,16.67%,1,10002,10002070
2020年全年度,0634070018,臺北榮民總醫院員山分院,3,0.0000,16.0000,16,0%,1,75.5625,31.25%,5,10002,10002070
2021年上半年度,0634070018,臺北榮民總醫院員山分院,3,0.0000,6.0000,6,0%,1,70.6666,33.33%,2,10002,10002070
2021年全年度,0634070018,臺北榮民總醫院員山分院,3,0.0000,12.0000,12,0%,2,72.5000,25%,3,10002,10002070
2022年上半年度,0634070018,臺北榮民總醫院員山分院,3,0.0000,7.0000,7,0%,2,69.0000,28.57%,2,10002,10002070
2022年全年度,0634070018,臺北榮民總醫院員山分院,3,0.0000,21.0000,20,0%,3,72.0500,30%,6,10002,10002070
2023年上半年度,0634070018,臺北榮民總醫院員山分院,3,0.0000,9.0000,9,0%,2,76.3333,55.56%,5,10002,10002070
2023年全年度,0634070018,臺北榮民總醫院員山分院,3,0.0000,12.0000,12,0%,2,74.3333,41.67%,5,10002,10002070
2024年上半年度,0634070018,臺北榮民總醫院員山分院,3,0.0000,2.0000,2,0%,2,74.0000,0%,0,10002,10002070
2024年全年度,0634070018,臺北榮民總醫院員山分院,3,0.0000,3.0000,3,0%,3,73.3333,33.33%,1,10002,10002070
2025年上半年度,0634070018,臺北榮民總醫院員山分院,3,0.0000,6.0000,6,0%,1,76.5000,0%,0,10002,10002070
2014年全年度,0638020014,臺中榮民總醫院埔里分院,3,0.0000,45.0000,43,0%,2,69.8604,9.3%,4,10008,10008020
2015年上半年度,0638020014,臺中榮民總醫院埔里分院,3,0.0000,18.0000,18,0%,3,71.8333,0%,0,10008,10008020
2015年全年度,0638020014,臺中榮民總醫院埔里分院,3,0.0000,42.0000,41,0%,3,70.0731,4.88%,2,10008,10008020
2016年上半年度,0638020014,臺中榮民總醫院埔里分院,3,0.0000,21.0000,21,0%,3,71.4285,4.76%,1,10008,10008020
2016年全年度,0638020014,臺中榮民總醫院埔里分院,3,0.0000,59.0000,57,0%,3,70.4736,14.04%,8,10008,10008020
2017年上半年度,0638020014,臺中榮民總醫院埔里分院,3,1.0000,30.0000,30,3.33%,3,71.6333,13.33%,4,10008,10008020
2017年全年度,0638020014,臺中榮民總醫院埔里分院,3,2.0000,57.0000,55,3.51%,4,70.4181,14.55%,8,10008,10008020
2018年上半年度,0638020014,臺中榮民總醫院埔里分院,3,0.0000,11.0000,11,0%,3,69.2727,9.09%,1,10008,10008020
2018年全年度,0638020014,臺中榮民總醫院埔里分院,3,1.0000,35.0000,34,2.86%,3,70.0294,5.88%,2,10008,10008020
2019年上半年度,0638020014,臺中榮民總醫院埔里分院,3,0.0000,18.0000,18,0%,2,70.9444,5.56%,1,10008,10008020
2019年全年度,0638020014,臺中榮民總醫院埔里分院,3,1.0000,45.0000,44,2.22%,2,72.6136,9.09%,4,10008,10008020
2020年上半年度,0638020014,臺中榮民總醫院埔里分院,3,2.0000,20.0000,20,10%,2,71.6500,15%,3,10008,10008020
2020年全年度,0638020014,臺中榮民總醫院埔里分院,3,2.0000,43.0000,42,4.65%,2,72.5714,11.9%,5,10008,10008020
2021年上半年度,0638020014,臺中榮民總醫院埔里分院,3,0.0000,14.0000,14,0%,3,68.0000,14.29%,2,10008,10008020
2021年全年度,0638020014,臺中榮民總醫院埔里分院,3,0.0000,43.0000,40,0%,3,69.5750,12.5%,5,10008,10008020
2022年上半年度,0638020014,臺中榮民總醫院埔里分院,3,1.0000,18.0000,18,5.56%,4,73.6111,11.11%,2,10008,10008020
2022年全年度,0638020014,臺中榮民總醫院埔里分院,3,3.0000,37.0000,36,8.11%,4,72.7777,8.33%,3,10008,10008020
2023年上半年度,0638020014,臺中榮民總醫院埔里分院,3,2.0000,12.0000,12,16.67%,3,73.0833,16.67%,2,10008,10008020
2023年全年度,0638020014,臺中榮民總醫院埔里分院,3,4.0000,33.0000,30,12.12%,3,72.9666,16.67%,5,10008,10008020
2024年上半年度,0638020014,臺中榮民總醫院埔里分院,3,0.0000,16.0000,16,0%,3,73.0625,12.5%,2,10008,10008020
2024年全年度,0638020014,臺中榮民總醫院埔里分院,3,2.0000,39.0000,37,5.13%,3,71.7297,13.51%,5,10008,10008020
2025年上半年度,0638020014,臺中榮民總醫院埔里分院,3,0.0000,16.0000,16,0%,2,72.1250,12.5%,2,10008,10008020
2014年全年度,0641310018,高雄榮民總醫院臺南分院,3,0.0000,29.0000,27,0%,2,72.8148,7.41%,2,10021,67000310
2015年上半年度,0641310018,高雄榮民總醫院臺南分院,3,0.0000,14.0000,14,0%,2,73.2857,28.57%,4,10021,67000310
2015年全年度,0641310018,高雄榮民總醫院臺南分院,3,0.0000,37.0000,35,0%,2,73.1428,14.29%,5,10021,67000310
2016年上半年度,0641310018,高雄榮民總醫院臺南分院,3,0.0000,21.0000,21,0%,2,72.4761,4.76%,1,10021,67000310
2016年全年度,0641310018,高雄榮民總醫院臺南分院,3,0.0000,59.0000,58,0%,2,71.5000,10.34%,6,10021,67000310
2017年上半年度,0641310018,高雄榮民總醫院臺南分院,3,0.0000,22.0000,22,0%,1,71.8181,13.64%,3,10021,67000310
2017年全年度,0641310018,高雄榮民總醫院臺南分院,3,0.0000,42.0000,40,0%,2,71.8000,7.5%,3,10021,67000310
2018年上半年度,0641310018,高雄榮民總醫院臺南分院,3,0.0000,20.0000,20,0%,2,73.9000,0%,0,10021,67000310
2018年全年度,0641310018,高雄榮民總醫院臺南分院,3,0.0000,63.0000,59,0%,2,72.4576,8.47%,5,10021,67000310
2019年上半年度,0641310018,高雄榮民總醫院臺南分院,3,0.0000,21.0000,20,0%,2,74.8500,15%,3,10021,67000310
2019年全年度,0641310018,高雄榮民總醫院臺南分院,3,0.0000,53.0000,49,0%,2,74.6122,16.33%,8,10021,67000310
2020年上半年度,0641310018,高雄榮民總醫院臺南分院,3,1.0000,25.0000,24,4%,2,70.0416,12.5%,3,10021,67000310
2020年全年度,0641310018,高雄榮民總醫院臺南分院,3,1.0000,76.0000,72,1.32%,2,69.5694,12.5%,9,10021,67000310
2021年上半年度,0641310018,高雄榮民總醫院臺南分院,3,1.0000,40.0000,40,2.5%,3,71.3250,17.5%,7,10021,67000310
2021年全年度,0641310018,高雄榮民總醫院臺南分院,3,2.0000,79.0000,77,2.53%,3,71.5064,14.29%,11,10021,67000310
2022年上半年度,0641310018,高雄榮民總醫院臺南分院,3,0.0000,47.0000,45,0%,4,72.1111,11.11%,5,10021,67000310
2022年全年度,0641310018,高雄榮民總醫院臺南分院,3,0.0000,107.0000,99,0%,4,70.9898,12.12%,12,10021,67000310
2023年上半年度,0641310018,高雄榮民總醫院臺南分院,3,1.0000,68.0000,66,1.47%,3,71.0000,13.64%,9,10021,67000310
2023年全年度,0641310018,高雄榮民總醫院臺南分院,3,1.0000,142.0000,136,.7%,6,70.4485,13.24%,18,10021,67000310
2024年上半年度,0641310018,高雄榮民總醫院臺南分院,3,1.0000,53.0000,52,1.89%,3,70.2692,7.69%,4,10021,67000310
2024年全年度,0641310018,高雄榮民總醫院臺南分院,3,1.0000,121.0000,114,.83%,4,70.9473,8.77%,10,10021,67000310
2025年上半年度,0641310018,高雄榮民總醫院臺南分院,3,0.0000,64.0000,63,0%,3,70.2539,14.29%,9,10021,67000310
2022年全年度,0643010011,屏東榮民總醫院,2,0.0000,6.0000,6,0%,3,66.8333,16.67%,1,10013,10013010
2023年上半年度,0643010011,屏東榮民總醫院,2,0.0000,74.0000,74,0%,4,69.9594,12.16%,9,10013,10013010
2023年全年度,0643010011,屏東榮民總醫院,2,1.0000,191.0000,173,.52%,4,69.6300,8.09%,14,10013,10013010
2024年上半年度,0643010011,屏東榮民總醫院,2,0.0000,162.0000,124,0%,4,70.6290,8.06%,10,10013,10013010
2024年全年度,0643010011,屏東榮民總醫院,2,0.0000,314.0000,254,0%,4,70.3818,11.81%,30,10013,10013010
2025年上半年度,0643010011,屏東榮民總醫院,2,0.0000,156.0000,151,0%,5,70.8675,7.95%,12,10013,10013010
2014年全年度,0643130018,屏東榮民總醫院龍泉分院,3,5.0000,294.0000,272,1.7%,3,70.5110,8.82%,24,10013,10013130
2015年上半年度,0643130018,屏東榮民總醫院龍泉分院,3,2.0000,156.0000,142,1.28%,3,70.1267,11.27%,16,10013,10013130
2015年全年度,0643130018,屏東榮民總醫院龍泉分院,3,4.0000,317.0000,286,1.26%,3,70.1748,11.19%,32,10013,10013130
2016年上半年度,0643130018,屏東榮民總醫院龍泉分院,3,2.0000,152.0000,149,1.32%,2,70.6241,5.37%,8,10013,10013130
2016年全年度,0643130018,屏東榮民總醫院龍泉分院,3,2.0000,332.0000,303,0.6%,2,71.3399,8.25%,25,10013,10013130
2017年上半年度,0643130018,屏東榮民總醫院龍泉分院,3,0.0000,175.0000,171,0%,3,70.0935,9.36%,16,10013,10013130
2017年全年度,0643130018,屏東榮民總醫院龍泉分院,3,0.0000,361.0000,334,0%,3,69.4550,10.78%,36,10013,10013130
2018年上半年度,0643130018,屏東榮民總醫院龍泉分院,3,0.0000,151.0000,149,0%,2,70.5302,8.72%,13,10013,10013130
2018年全年度,0643130018,屏東榮民總醫院龍泉分院,3,1.0000,334.0000,305,0.3%,2,70.0393,6.89%,21,10013,10013130
2019年上半年度,0643130018,屏東榮民總醫院龍泉分院,3,2.0000,166.0000,158,1.2%,2,69.5379,10.13%,16,10013,10013130
2019年全年度,0643130018,屏東榮民總醫院龍泉分院,3,2.0000,317.0000,287,0.63%,3,69.8954,10.8%,31,10013,10013130
2020年上半年度,0643130018,屏東榮民總醫院龍泉分院,3,0.0000,126.0000,123,0%,2,67.8211,9.76%,12,10013,10013130
2020年全年度,0643130018,屏東榮民總醫院龍泉分院,3,1.0000,277.0000,270,0.36%,2,68.5481,9.63%,26,10013,10013130
2021年上半年度,0643130018,屏東榮民總醫院龍泉分院,3,1.0000,81.0000,80,1.23%,2,70.7250,6.25%,5,10013,10013130
2021年全年度,0643130018,屏東榮民總醫院龍泉分院,3,1.0000,208.0000,195,0.48%,2,69.9230,12.82%,25,10013,10013130
2022年上半年度,0643130018,屏東榮民總醫院龍泉分院,3,0.0000,118.0000,114,0%,2,69.5350,16.67%,19,10013,10013130
2022年全年度,0643130018,屏東榮民總醫院龍泉分院,3,1.0000,234.0000,212,0.43%,2,69.7452,16.04%,34,10013,10013130
2023年上半年度,0643130018,屏東榮民總醫院龍泉分院,3,0.0000,53.0000,51,0%,1,70.0588,15.69%,8,10013,10013130
2023年全年度,0643130018,屏東榮民總醫院龍泉分院,3,0.0000,118.0000,107,0%,1,69.4953,14.95%,16,10013,10013130
2024年上半年度,0643130018,屏東榮民總醫院龍泉分院,3,1.0000,85.0000,59,1.18%,1,70.0677,6.78%,4,10013,10013130
2024年全年度,0643130018,屏東榮民總醫院龍泉分院,3,1.0000,116.0000,82,.86%,1,70.6097,7.32%,6,10013,10013130
2014年全年度,0645020015,臺北榮民總醫院鳳林分院,3,0.0000,7.0000,7,0%,2,72.0000,0%,0,10015,10015020
2016年上半年度,0645020015,臺北榮民總醫院鳳林分院,3,0.0000,1.0000,1,0%,1,62.0000,0%,0,10015,10015020
2016年全年度,0645020015,臺北榮民總醫院鳳林分院,3,0.0000,5.0000,5,0%,2,66.2000,0%,0,10015,10015020
2017年上半年度,0645020015,臺北榮民總醫院鳳林分院,3,0.0000,3.0000,3,0%,1,65.6666,0%,0,10015,10015020
2017年全年度,0645020015,臺北榮民總醫院鳳林分院,3,0.0000,5.0000,5,0%,1,65.0000,0%,0,10015,10015020
2018年上半年度,0645020015,臺北榮民總醫院鳳林分院,3,0.0000,1.0000,1,0%,1,75.0000,0%,0,10015,10015020
2018年全年度,0645020015,臺北榮民總醫院鳳林分院,3,0.0000,4.0000,4,0%,1,67.5000,0%,0,10015,10015020
2019年上半年度,0645020015,臺北榮民總醫院鳳林分院,3,0.0000,4.0000,4,0%,1,67.2500,0%,0,10015,10015020
2019年全年度,0645020015,臺北榮民總醫院鳳林分院,3,0.0000,4.0000,4,0%,1,67.2500,0%,0,10015,10015020
2014年全年度,0645030011,臺北榮民總醫院玉里分院,3,0.0000,38.0000,38,0%,2,64.9736,13.16%,5,10015,10015030
2015年上半年度,0645030011,臺北榮民總醫院玉里分院,3,0.0000,24.0000,24,0%,2,64.2500,8.33%,2,10015,10015030
2015年全年度,0645030011,臺北榮民總醫院玉里分院,3,1.0000,48.0000,48,2.08%,2,64.2083,10.42%,5,10015,10015030
2016年上半年度,0645030011,臺北榮民總醫院玉里分院,3,0.0000,7.0000,7,0%,2,73.2857,14.29%,1,10015,10015030
2016年全年度,0645030011,臺北榮民總醫院玉里分院,3,1.0000,27.0000,27,3.7%,2,69.4074,18.52%,5,10015,10015030
2017年上半年度,0645030011,臺北榮民總醫院玉里分院,3,0.0000,18.0000,17,0%,2,67.9411,17.65%,3,10015,10015030
2017年全年度,0645030011,臺北榮民總醫院玉里分院,3,0.0000,36.0000,35,0%,2,68.6000,22.86%,8,10015,10015030
2018年上半年度,0645030011,臺北榮民總醫院玉里分院,3,0.0000,18.0000,18,0%,2,70.3333,11.11%,2,10015,10015030
2018年全年度,0645030011,臺北榮民總醫院玉里分院,3,0.0000,34.0000,34,0%,2,70.1470,11.76%,4,10015,10015030
2019年上半年度,0645030011,臺北榮民總醫院玉里分院,3,0.0000,11.0000,11,0%,2,71.5454,18.18%,2,10015,10015030
2019年全年度,0645030011,臺北榮民總醫院玉里分院,3,0.0000,33.0000,32,0%,2,67.8125,25%,8,10015,10015030
2020年上半年度,0645030011,臺北榮民總醫院玉里分院,3,0.0000,15.0000,15,0%,2,70.1333,40%,6,10015,10015030
2020年全年度,0645030011,臺北榮民總醫院玉里分院,3,0.0000,35.0000,34,0%,2,67.7647,29.41%,10,10015,10015030
2021年上半年度,0645030011,臺北榮民總醫院玉里分院,3,0.0000,14.0000,14,0%,3,67.0714,35.71%,5,10015,10015030
2021年全年度,0645030011,臺北榮民總醫院玉里分院,3,0.0000,32.0000,32,0%,4,67.1250,28.13%,9,10015,10015030
2022年上半年度,0645030011,臺北榮民總醫院玉里分院,3,0.0000,23.0000,23,0%,3,68.4347,17.39%,4,10015,10015030
2022年全年度,0645030011,臺北榮民總醫院玉里分院,3,0.0000,44.0000,44,0%,3,67.5000,13.64%,6,10015,10015030
2023年上半年度,0645030011,臺北榮民總醫院玉里分院,3,0.0000,19.0000,18,0%,2,68.6666,22.22%,4,10015,10015030
2023年全年度,0645030011,臺北榮民總醫院玉里分院,3,1.0000,48.0000,45,2.08%,2,69.1333,22.22%,10,10015,10015030
2024年上半年度,0645030011,臺北榮民總醫院玉里分院,3,0.0000,24.0000,24,0%,2,68.8333,29.17%,7,10015,10015030
2024年全年度,0645030011,臺北榮民總醫院玉里分院,3,0.0000,35.0000,33,0%,3,67.9090,24.24%,8,10015,10015030
2025年上半年度,0645030011,臺北榮民總醫院玉里分院,3,0.0000,24.0000,22,0%,2,71.3636,13.64%,3,10015,10015030
2014年全年度,0646010013,臺北榮民總醫院臺東分院,3,0.0000,15.0000,13,0%,1,72.5384,15.38%,2,10014,10014010
2015年上半年度,0646010013,臺北榮民總醫院臺東分院,3,0.0000,6.0000,6,0%,1,71.3333,0%,0,10014,10014010
2015年全年度,0646010013,臺北榮民總醫院臺東分院,3,0.0000,12.0000,12,0%,1,69.8333,0%,0,10014,10014010
2016年上半年度,0646010013,臺北榮民總醫院臺東分院,3,0.0000,8.0000,8,0%,1,70.8750,0%,0,10014,10014010
2016年全年度,0646010013,臺北榮民總醫院臺東分院,3,0.0000,24.0000,22,0%,1,68.8181,0%,0,10014,10014010
2017年上半年度,0646010013,臺北榮民總醫院臺東分院,3,0.0000,12.0000,11,0%,1,72.3636,9.09%,1,10014,10014010
2017年全年度,0646010013,臺北榮民總醫院臺東分院,3,1.0000,30.0000,29,3.33%,1,68.5172,3.45%,1,10014,10014010
2018年上半年度,0646010013,臺北榮民總醫院臺東分院,3,0.0000,14.0000,14,0%,1,71.2857,7.14%,1,10014,10014010
2018年全年度,0646010013,臺北榮民總醫院臺東分院,3,0.0000,35.0000,32,0%,1,71.4375,9.38%,3,10014,10014010
2019年上半年度,0646010013,臺北榮民總醫院臺東分院,3,0.0000,21.0000,21,0%,1,70.7142,9.52%,2,10014,10014010
2019年全年度,0646010013,臺北榮民總醫院臺東分院,3,0.0000,38.0000,36,0%,1,70.7222,11.11%,4,10014,10014010
2020年上半年度,0646010013,臺北榮民總醫院臺東分院,3,0.0000,10.0000,10,0%,1,74.4000,0%,0,10014,10014010
2020年全年度,0646010013,臺北榮民總醫院臺東分院,3,2.0000,39.0000,38,5.13%,2,74.5789,13.16%,5,10014,10014010
2021年上半年度,0646010013,臺北榮民總醫院臺東分院,3,1.0000,52.0000,51,1.92%,2,72.3137,23.53%,12,10014,10014010
2021年全年度,0646010013,臺北榮民總醫院臺東分院,3,1.0000,112.0000,107,0.89%,2,71.1308,16.82%,18,10014,10014010
2022年上半年度,0646010013,臺北榮民總醫院臺東分院,3,0.0000,54.0000,52,0%,3,69.8653,13.46%,7,10014,10014010
2022年全年度,0646010013,臺北榮民總醫院臺東分院,3,1.0000,92.0000,85,1.09%,4,70.5529,16.47%,14,10014,10014010
2023年上半年度,0646010013,臺北榮民總醫院臺東分院,3,0.0000,53.0000,53,0%,3,69.8867,13.21%,7,10014,10014010
2023年全年度,0646010013,臺北榮民總醫院臺東分院,3,0.0000,87.0000,83,0%,3,70.0843,12.05%,10,10014,10014010
2024年上半年度,0646010013,臺北榮民總醫院臺東分院,3,0.0000,49.0000,48,0%,2,69.5000,14.58%,7,10014,10014010
2024年全年度,0646010013,臺北榮民總醫院臺東分院,3,0.0000,92.0000,89,0%,2,68.4382,14.61%,13,10014,10014010
2025年上半年度,0646010013,臺北榮民總醫院臺東分院,3,0.0000,36.0000,35,0%,1,70.3714,8.57%,3,10014,10014010
2014年全年度,0901020013,中山醫療社團法人中山醫院,3,0.0000,67.0000,62,0%,6,70.6935,17.74%,11,63000,63000030
2015年上半年度,0901020013,中山醫療社團法人中山醫院,3,0.0000,23.0000,23,0%,6,71.6521,26.09%,6,63000,63000030
2015年全年度,0901020013,中山醫療社團法人中山醫院,3,2.0000,68.0000,65,2.94%,8,72.2000,12.31%,8,63000,63000030
2016年上半年度,0901020013,中山醫療社團法人中山醫院,3,0.0000,20.0000,20,0%,6,72.3000,10%,2,63000,63000030
2016年全年度,0901020013,中山醫療社團法人中山醫院,3,0.0000,61.0000,58,0%,9,72.7758,12.07%,7,63000,63000030
2017年上半年度,0901020013,中山醫療社團法人中山醫院,3,0.0000,32.0000,32,0%,10,68.0312,15.63%,5,63000,63000030
2017年全年度,0901020013,中山醫療社團法人中山醫院,3,0.0000,74.0000,71,0%,11,69.6760,12.68%,9,63000,63000030
2018年上半年度,0901020013,中山醫療社團法人中山醫院,3,1.0000,36.0000,36,2.78%,9,70.2222,11.11%,4,63000,63000030
2018年全年度,0901020013,中山醫療社團法人中山醫院,3,2.0000,77.0000,71,2.6%,10,69.7746,8.45%,6,63000,63000030
2019年上半年度,0901020013,中山醫療社團法人中山醫院,3,0.0000,31.0000,31,0%,8,73.0000,3.23%,1,63000,63000030
2019年全年度,0901020013,中山醫療社團法人中山醫院,3,0.0000,60.0000,60,0%,9,72.1166,10%,6,63000,63000030
2020年上半年度,0901020013,中山醫療社團法人中山醫院,3,0.0000,31.0000,29,0%,10,70.9310,3.45%,1,63000,63000030
2020年全年度,0901020013,中山醫療社團法人中山醫院,3,0.0000,62.0000,57,0%,10,71.4912,8.77%,5,63000,63000030
2021年上半年度,0901020013,中山醫療社團法人中山醫院,3,1.0000,21.0000,21,4.76%,9,70.9047,9.52%,2,63000,63000030
2021年全年度,0901020013,中山醫療社團法人中山醫院,3,1.0000,41.0000,41,2.44%,10,71.2682,7.32%,3,63000,63000030
2022年上半年度,0901020013,中山醫療社團法人中山醫院,3,1.0000,18.0000,18,5.56%,7,72.5555,5.56%,1,63000,63000030
2022年全年度,0901020013,中山醫療社團法人中山醫院,3,1.0000,43.0000,43,2.33%,10,72.1627,6.98%,3,63000,63000030
2023年上半年度,0901020013,中山醫療社團法人中山醫院,3,0.0000,26.0000,26,0%,6,69.3846,3.85%,1,63000,63000030
2023年全年度,0901020013,中山醫療社團法人中山醫院,3,0.0000,54.0000,52,0%,10,71.5384,11.54%,6,63000,63000030
2024年上半年度,0901020013,中山醫療社團法人中山醫院,3,1.0000,21.0000,21,4.76%,5,69.8095,19.05%,4,63000,63000030
2024年全年度,0901020013,中山醫療社團法人中山醫院,3,1.0000,38.0000,37,2.63%,7,68.9459,16.22%,6,63000,63000030
2025年上半年度,0901020013,中山醫療社團法人中山醫院,3,0.0000,25.0000,25,0%,8,71.5200,12%,3,63000,63000030
2015年全年度,0901180023,郵政醫院（委託中英醫療社團法人經營）,3,0.0000,435.0000,430,0%,1,70.5418,9.07%,39,63000,63000050
2016年上半年度,0901180023,郵政醫院（委託中英醫療社團法人經營）,3,1.0000,507.0000,498,0.2%,1,72.4638,11.85%,59,63000,63000050
2016年全年度,0901180023,郵政醫院（委託中英醫療社團法人經營）,3,1.0000,1146.0000,1062,0.09%,1,71.8973,10.73%,114,63000,63000050
2017年上半年度,0901180023,郵政醫院（委託中英醫療社團法人經營）,3,0.0000,542.0000,531,0%,1,71.7890,11.68%,62,63000,63000050
2017年全年度,0901180023,郵政醫院（委託中英醫療社團法人經營）,3,0.0000,1083.0000,1034,0%,1,72.0087,10.93%,113,63000,63000050
2018年上半年度,0901180023,郵政醫院（委託中英醫療社團法人經營）,3,0.0000,478.0000,468,0%,1,72.2307,11.75%,55,63000,63000050
2018年全年度,0901180023,郵政醫院（委託中英醫療社團法人經營）,3,1.0000,947.0000,920,0.11%,1,72.0684,11.63%,107,63000,63000050
2019年上半年度,0901180023,郵政醫院（委託中英醫療社團法人經營）,3,0.0000,361.0000,357,0%,1,71.5126,12.32%,44,63000,63000050
2019年全年度,0901180023,郵政醫院（委託中英醫療社團法人經營）,3,0.0000,720.0000,695,0%,1,71.5165,11.8%,82,63000,63000050
2020年上半年度,0901180023,郵政醫院（委託中英醫療社團法人經營）,3,0.0000,266.0000,260,0%,1,71.8923,11.54%,30,63000,63000050
2020年全年度,0901180023,郵政醫院（委託中英醫療社團法人經營）,3,1.0000,714.0000,692,0.14%,1,71.6777,11.71%,81,63000,63000050
2021年上半年度,0901180023,郵政醫院（委託中英醫療社團法人經營）,3,0.0000,309.0000,307,0%,3,73.3843,12.05%,37,63000,63000050
2021年全年度,0901180023,郵政醫院（委託中英醫療社團法人經營）,3,0.0000,730.0000,713,0%,3,72.1500,11.64%,83,63000,63000050
2022年上半年度,0901180023,郵政醫院（委託中英醫療社團法人經營）,3,0.0000,319.0000,318,0%,3,72.3364,11.95%,38,63000,63000050
2022年全年度,0901180023,郵政醫院（委託中英醫療社團法人經營）,3,0.0000,745.0000,734,0%,3,72.0504,12.81%,94,63000,63000050
2023年上半年度,0901180023,郵政醫院（委託中英醫療社團法人經營）,3,0.0000,416.0000,413,0%,3,71.9733,11.14%,46,63000,63000050
2023年全年度,0901180023,郵政醫院（委託中英醫療社團法人經營）,3,0.0000,775.0000,759,0%,3,72.0474,10.41%,79,63000,63000050
2024年上半年度,0901180023,郵政醫院（委託中英醫療社團法人經營）,3,0.0000,402.0000,396,0%,3,71.5732,16.16%,64,63000,63000050
2024年全年度,0901180023,郵政醫院（委託中英醫療社團法人經營）,3,0.0000,773.0000,749,0%,3,71.6341,15.22%,114,63000,63000050
2025年上半年度,0901180023,郵政醫院（委託中英醫療社團法人經營）,3,0.0000,421.0000,413,0%,3,71.9104,12.35%,51,63000,63000050
2018年上半年度,0901190010,西園醫療社團法人西園醫院,3,0.0000,12.0000,12,0%,2,73.7500,16.67%,2,63000,63000072
2018年全年度,0901190010,西園醫療社團法人西園醫院,3,0.0000,56.0000,52,0%,4,72.7307,15.38%,8,63000,63000072
2019年上半年度,0901190010,西園醫療社團法人西園醫院,3,1.0000,31.0000,28,3.23%,3,71.7857,14.29%,4,63000,63000072
2019年全年度,0901190010,西園醫療社團法人西園醫院,3,1.0000,76.0000,69,1.32%,5,73.5217,13.04%,9,63000,63000072
2020年上半年度,0901190010,西園醫療社團法人西園醫院,3,0.0000,45.0000,41,0%,5,71.7560,4.88%,2,63000,63000072
2020年全年度,0901190010,西園醫療社團法人西園醫院,3,1.0000,106.0000,100,0.94%,7,71.1500,9%,9,63000,63000072
2021年上半年度,0901190010,西園醫療社團法人西園醫院,3,0.0000,39.0000,38,0%,5,73.6315,10.53%,4,63000,63000072
2021年全年度,0901190010,西園醫療社團法人西園醫院,3,2.0000,76.0000,72,2.63%,5,73.7083,6.94%,5,63000,63000072
2022年上半年度,0901190010,西園醫療社團法人西園醫院,3,0.0000,22.0000,22,0%,5,69.3181,9.09%,2,63000,63000072
2022年全年度,0901190010,西園醫療社團法人西園醫院,3,0.0000,60.0000,60,0%,5,71.1333,5%,3,63000,63000072
2023年上半年度,0901190010,西園醫療社團法人西園醫院,3,0.0000,40.0000,39,0%,5,72.1538,17.95%,7,63000,63000072
2023年全年度,0901190010,西園醫療社團法人西園醫院,3,0.0000,79.0000,71,0%,5,72.2816,14.08%,10,63000,63000072
2024年上半年度,0901190010,西園醫療社團法人西園醫院,3,0.0000,41.0000,39,0%,5,74.4102,5.13%,2,63000,63000072
2024年全年度,0901190010,西園醫療社團法人西園醫院,3,0.0000,82.0000,77,0%,5,73.1038,11.69%,9,63000,63000072
2025年上半年度,0901190010,西園醫療社團法人西園醫院,3,0.0000,23.0000,22,0%,4,75.3181,18.18%,4,63000,63000072
2014年全年度,0902080013,阮綜合醫療社團法人阮綜合醫院,2,0.0000,61.0000,60,0%,7,68.8833,15%,9,64000,64000080
2015年上半年度,0902080013,阮綜合醫療社團法人阮綜合醫院,2,0.0000,41.0000,41,0%,6,70.0487,24.39%,10,64000,64000080
2015年全年度,0902080013,阮綜合醫療社團法人阮綜合醫院,2,0.0000,86.0000,83,0%,7,69.4819,14.46%,12,64000,64000080
2016年上半年度,0902080013,阮綜合醫療社團法人阮綜合醫院,2,2.0000,45.0000,44,4.44%,7,69.8181,9.09%,4,64000,64000080
2016年全年度,0902080013,阮綜合醫療社團法人阮綜合醫院,2,2.0000,99.0000,92,2.02%,8,69.4130,8.7%,8,64000,64000080
2017年上半年度,0902080013,阮綜合醫療社團法人阮綜合醫院,2,1.0000,52.0000,52,1.92%,9,68.4038,15.38%,8,64000,64000080
2017年全年度,0902080013,阮綜合醫療社團法人阮綜合醫院,2,1.0000,98.0000,92,1.02%,9,69.3152,13.04%,12,64000,64000080
2018年上半年度,0902080013,阮綜合醫療社團法人阮綜合醫院,2,0.0000,34.0000,33,0%,9,70.8484,30.3%,10,64000,64000080
2018年全年度,0902080013,阮綜合醫療社團法人阮綜合醫院,2,1.0000,75.0000,70,1.33%,10,70.5857,21.43%,15,64000,64000080
2019年上半年度,0902080013,阮綜合醫療社團法人阮綜合醫院,2,0.0000,42.0000,40,0%,11,68.4250,15%,6,64000,64000080
2019年全年度,0902080013,阮綜合醫療社團法人阮綜合醫院,2,0.0000,93.0000,85,0%,12,69.7529,21.18%,18,64000,64000080
2020年上半年度,0902080013,阮綜合醫療社團法人阮綜合醫院,2,0.0000,28.0000,28,0%,6,71.3571,25%,7,64000,64000080
2020年全年度,0902080013,阮綜合醫療社團法人阮綜合醫院,2,0.0000,76.0000,74,0%,9,71.1216,24.32%,18,64000,64000080
2021年上半年度,0902080013,阮綜合醫療社團法人阮綜合醫院,2,0.0000,19.0000,19,0%,7,70.1052,15.79%,3,64000,64000080
2021年全年度,0902080013,阮綜合醫療社團法人阮綜合醫院,2,0.0000,59.0000,56,0%,9,70.2321,16.07%,9,64000,64000080
2022年上半年度,0902080013,阮綜合醫療社團法人阮綜合醫院,2,1.0000,20.0000,20,5%,7,66.9000,15%,3,64000,64000080
2022年全年度,0902080013,阮綜合醫療社團法人阮綜合醫院,2,1.0000,72.0000,68,1.39%,8,68.7647,11.76%,8,64000,64000080
2023年上半年度,0902080013,阮綜合醫療社團法人阮綜合醫院,2,0.0000,54.0000,53,0%,8,71.2830,18.87%,10,64000,64000080
2023年全年度,0902080013,阮綜合醫療社團法人阮綜合醫院,2,0.0000,101.0000,96,0%,9,71.5520,18.75%,18,64000,64000080
2024年上半年度,0902080013,阮綜合醫療社團法人阮綜合醫院,2,1.0000,42.0000,42,2.38%,8,72.7380,30.95%,13,64000,64000080
2024年全年度,0902080013,阮綜合醫療社團法人阮綜合醫院,2,1.0000,75.0000,74,1.33%,9,71.8243,27.03%,20,64000,64000080
2025年上半年度,0902080013,阮綜合醫療社團法人阮綜合醫院,2,0.0000,42.0000,40,0%,8,71.8750,15%,6,64000,64000080
2017年上半年度,0903150014,林新醫療社團法人烏日林新醫院,3,0.0000,5.0000,5,0%,2,68.2000,20%,1,66000,66000230
2017年全年度,0903150014,林新醫療社團法人烏日林新醫院,3,1.0000,18.0000,18,5.56%,3,69.9444,33.33%,6,66000,66000230
2018年上半年度,0903150014,林新醫療社團法人烏日林新醫院,3,0.0000,12.0000,12,0%,3,68.2500,16.67%,2,66000,66000230
2018年全年度,0903150014,林新醫療社團法人烏日林新醫院,3,0.0000,22.0000,22,0%,3,72.0000,18.18%,4,66000,66000230
2019年上半年度,0903150014,林新醫療社團法人烏日林新醫院,3,0.0000,24.0000,24,0%,2,72.3750,8.33%,2,66000,66000230
2019年全年度,0903150014,林新醫療社團法人烏日林新醫院,3,0.0000,44.0000,40,0%,2,72.2750,7.5%,3,66000,66000230
2020年上半年度,0903150014,林新醫療社團法人烏日林新醫院,3,0.0000,15.0000,14,0%,2,69.6428,14.29%,2,66000,66000230
2020年全年度,0903150014,林新醫療社團法人烏日林新醫院,3,0.0000,38.0000,34,0%,3,71.2352,14.71%,5,66000,66000230
2021年上半年度,0903150014,林新醫療社團法人烏日林新醫院,3,0.0000,10.0000,9,0%,2,74.6666,11.11%,1,66000,66000230
2021年全年度,0903150014,林新醫療社團法人烏日林新醫院,3,1.0000,20.0000,19,5%,2,72.9473,10.53%,2,66000,66000230
2022年上半年度,0903150014,林新醫療社團法人烏日林新醫院,3,0.0000,11.0000,11,0%,2,71.5454,9.09%,1,66000,66000230
2022年全年度,0903150014,林新醫療社團法人烏日林新醫院,3,0.0000,32.0000,28,0%,3,70.8571,14.29%,4,66000,66000230
2023年上半年度,0903150014,林新醫療社團法人烏日林新醫院,3,0.0000,16.0000,16,0%,3,69.8125,25%,4,66000,66000230
2023年全年度,0903150014,林新醫療社團法人烏日林新醫院,3,0.0000,40.0000,39,0%,4,69.5641,15.38%,6,66000,66000230
2024年上半年度,0903150014,林新醫療社團法人烏日林新醫院,3,0.0000,46.0000,46,0%,4,70.6086,15.22%,7,66000,66000230
2024年全年度,0903150014,林新醫療社團法人烏日林新醫院,3,1.0000,103.0000,99,.97%,5,72.1616,18.18%,18,66000,66000230
2025年上半年度,0903150014,林新醫療社團法人烏日林新醫院,3,2.0000,55.0000,54,3.64%,4,72.4629,9.26%,5,66000,66000230
2017年全年度,0905320023,台南市立醫院(委託秀傳醫療社團法人經營),2,0.0000,9.0000,9,0%,5,73.3333,33.33%,3,10021,67000320
2018年上半年度,0905320023,台南市立醫院(委託秀傳醫療社團法人經營),2,0.0000,22.0000,22,0%,5,70.0909,22.73%,5,10021,67000320
2018年全年度,0905320023,台南市立醫院(委託秀傳醫療社團法人經營),2,0.0000,53.0000,50,0%,5,71.1600,22%,11,10021,67000320
2019年上半年度,0905320023,台南市立醫院(委託秀傳醫療社團法人經營),2,0.0000,20.0000,20,0%,6,70.8500,10%,2,10021,67000320
2019年全年度,0905320023,台南市立醫院(委託秀傳醫療社團法人經營),2,0.0000,42.0000,42,0%,6,70.8571,11.9%,5,10021,67000320
2020年上半年度,0905320023,台南市立醫院(委託秀傳醫療社團法人經營),2,0.0000,21.0000,21,0%,5,73.1428,9.52%,2,10021,67000320
2020年全年度,0905320023,台南市立醫院(委託秀傳醫療社團法人經營),2,1.0000,54.0000,51,1.85%,7,73.5098,21.57%,11,10021,67000320
2021年上半年度,0905320023,台南市立醫院(委託秀傳醫療社團法人經營),2,0.0000,22.0000,21,0%,7,75.5714,19.05%,4,10021,67000320
2021年全年度,0905320023,台南市立醫院(委託秀傳醫療社團法人經營),2,1.0000,46.0000,45,2.17%,7,73.3333,13.33%,6,10021,67000320
2022年上半年度,0905320023,台南市立醫院(委託秀傳醫療社團法人經營),2,0.0000,31.0000,30,0%,7,73.0666,20%,6,10021,67000320
2022年全年度,0905320023,台南市立醫院(委託秀傳醫療社團法人經營),2,0.0000,65.0000,61,0%,7,71.6885,14.75%,9,10021,67000320
2023年上半年度,0905320023,台南市立醫院(委託秀傳醫療社團法人經營),2,0.0000,28.0000,28,0%,6,71.0000,7.14%,2,10021,67000320
2023年全年度,0905320023,台南市立醫院(委託秀傳醫療社團法人經營),2,0.0000,63.0000,60,0%,6,69.8500,10%,6,10021,67000320
2024年上半年度,0905320023,台南市立醫院(委託秀傳醫療社團法人經營),2,0.0000,38.0000,37,0%,6,70.9729,16.22%,6,10021,67000320
2024年全年度,0905320023,台南市立醫院(委託秀傳醫療社團法人經營),2,0.0000,75.0000,72,0%,7,71.6666,15.28%,11,10021,67000320
2025年上半年度,0905320023,台南市立醫院(委託秀傳醫療社團法人經營),2,0.0000,29.0000,29,0%,4,72.6551,20.69%,6,10021,67000320
2025年上半年度,0907150029,秀傳醫療社團法人高雄秀傳紀念醫院,3,1.0000,12.0000,11,8.33%,4,73.2727,9.09%,1,64000,64000240
2014年全年度,0917070029,林新醫療社團法人林新醫院,2,0.0000,19.0000,19,0%,2,71.0000,10.53%,2,66000,66000070
2015年上半年度,0917070029,林新醫療社團法人林新醫院,2,0.0000,10.0000,10,0%,2,67.9000,10%,1,66000,66000070
2015年全年度,0917070029,林新醫療社團法人林新醫院,2,0.0000,30.0000,27,0%,3,69.4814,11.11%,3,66000,66000070
2016年上半年度,0917070029,林新醫療社團法人林新醫院,2,0.0000,9.0000,9,0%,2,70.6666,22.22%,2,66000,66000070
2016年全年度,0917070029,林新醫療社團法人林新醫院,2,0.0000,23.0000,22,0%,2,69.5909,9.09%,2,66000,66000070
2017年上半年度,0917070029,林新醫療社團法人林新醫院,2,0.0000,19.0000,19,0%,3,71.1578,15.79%,3,66000,66000070
2017年全年度,0917070029,林新醫療社團法人林新醫院,2,0.0000,42.0000,40,0%,4,70.0250,12.5%,5,66000,66000070
2018年上半年度,0917070029,林新醫療社團法人林新醫院,2,0.0000,19.0000,19,0%,3,70.3684,5.26%,1,66000,66000070
2018年全年度,0917070029,林新醫療社團法人林新醫院,2,1.0000,45.0000,44,2.22%,4,71.1363,11.36%,5,66000,66000070
2019年上半年度,0917070029,林新醫療社團法人林新醫院,2,0.0000,14.0000,14,0%,2,69.8571,28.57%,4,66000,66000070
2019年全年度,0917070029,林新醫療社團法人林新醫院,2,1.0000,39.0000,38,2.56%,3,70.8684,18.42%,7,66000,66000070
2020年上半年度,0917070029,林新醫療社團法人林新醫院,2,0.0000,7.0000,7,0%,3,70.0000,14.29%,1,66000,66000070
2020年全年度,0917070029,林新醫療社團法人林新醫院,2,0.0000,23.0000,22,0%,3,71.9090,18.18%,4,66000,66000070
2021年上半年度,0917070029,林新醫療社團法人林新醫院,2,0.0000,18.0000,17,0%,3,71.0000,17.65%,3,66000,66000070
2021年全年度,0917070029,林新醫療社團法人林新醫院,2,0.0000,31.0000,28,0%,3,73.2142,10.71%,3,66000,66000070
2022年上半年度,0917070029,林新醫療社團法人林新醫院,2,0.0000,13.0000,13,0%,3,76.6923,30.77%,4,66000,66000070
2022年全年度,0917070029,林新醫療社團法人林新醫院,2,0.0000,30.0000,30,0%,4,73.8333,23.33%,7,66000,66000070
2023年上半年度,0917070029,林新醫療社團法人林新醫院,2,0.0000,21.0000,20,0%,3,70.4500,15%,3,66000,66000070
2023年全年度,0917070029,林新醫療社團法人林新醫院,2,0.0000,48.0000,45,0%,3,72.0222,6.67%,3,66000,66000070
2024年上半年度,0917070029,林新醫療社團法人林新醫院,2,0.0000,19.0000,19,0%,3,72.0000,15.79%,3,66000,66000070
2024年全年度,0917070029,林新醫療社團法人林新醫院,2,0.0000,44.0000,42,0%,4,72.9523,14.29%,6,66000,66000070
2025年上半年度,0917070029,林新醫療社團法人林新醫院,2,0.0000,27.0000,26,0%,2,69.2692,15.38%,4,66000,66000070
2014年全年度,0931010016,中英醫療社團法人中英醫院,3,0.0000,4.0000,4,0%,1,70.7500,25%,1,65000,65000010
2015年上半年度,0931010016,中英醫療社團法人中英醫院,3,0.0000,1.0000,1,0%,1,52.0000,0%,0,65000,65000010
2015年全年度,0931010016,中英醫療社團法人中英醫院,3,0.0000,1.0000,1,0%,1,52.0000,0%,0,65000,65000010
2022年上半年度,0931010016,中英醫療社團法人中英醫院,3,0.0000,3.0000,3,0%,1,71.0000,0%,0,65000,65000010
2022年全年度,0931010016,中英醫療社團法人中英醫院,3,0.0000,4.0000,3,0%,1,71.0000,0%,0,65000,65000010
2023年上半年度,0931010016,中英醫療社團法人中英醫院,3,0.0000,3.0000,3,0%,1,71.3333,0%,0,65000,65000010
2023年全年度,0931010016,中英醫療社團法人中英醫院,3,0.0000,3.0000,3,0%,1,71.3333,0%,0,65000,65000010
2024年上半年度,0931010016,中英醫療社團法人中英醫院,3,0.0000,2.0000,2,0%,1,72.5000,0%,0,65000,65000010
2024年全年度,0931010016,中英醫療社團法人中英醫院,3,0.0000,3.0000,3,0%,1,74.0000,33.33%,1,65000,65000010
2025年上半年度,0931010016,中英醫療社團法人中英醫院,3,0.0000,2.0000,2,0%,1,72.0000,0%,0,65000,65000010
2014年全年度,0932020025,天成醫療社團法人天晟醫院,2,0.0000,65.0000,60,0%,4,69.5000,6.67%,4,68000,68000020
2015年上半年度,0932020025,天成醫療社團法人天晟醫院,2,0.0000,32.0000,32,0%,4,69.7187,3.13%,1,68000,68000020
2015年全年度,0932020025,天成醫療社團法人天晟醫院,2,0.0000,72.0000,71,0%,4,68.5915,4.23%,3,68000,68000020
2016年上半年度,0932020025,天成醫療社團法人天晟醫院,2,0.0000,14.0000,14,0%,4,72.1428,7.14%,1,68000,68000020
2016年全年度,0932020025,天成醫療社團法人天晟醫院,2,1.0000,51.0000,51,1.96%,4,72.1764,9.8%,5,68000,68000020
2017年上半年度,0932020025,天成醫療社團法人天晟醫院,2,1.0000,20.0000,20,5%,4,74.5500,5%,1,68000,68000020
2017年全年度,0932020025,天成醫療社團法人天晟醫院,2,1.0000,49.0000,49,2.04%,5,72.6938,10.2%,5,68000,68000020
2018年上半年度,0932020025,天成醫療社團法人天晟醫院,2,0.0000,27.0000,27,0%,4,73.4074,7.41%,2,68000,68000020
2018年全年度,0932020025,天成醫療社團法人天晟醫院,2,0.0000,51.0000,50,0%,4,74.0800,10%,5,68000,68000020
2019年上半年度,0932020025,天成醫療社團法人天晟醫院,2,0.0000,32.0000,31,0%,4,72.4516,6.45%,2,68000,68000020
2019年全年度,0932020025,天成醫療社團法人天晟醫院,2,0.0000,58.0000,56,0%,4,71.9464,7.14%,4,68000,68000020
2020年上半年度,0932020025,天成醫療社團法人天晟醫院,2,0.0000,21.0000,21,0%,4,68.5238,4.76%,1,68000,68000020
2020年全年度,0932020025,天成醫療社團法人天晟醫院,2,0.0000,51.0000,50,0%,4,69.8400,20%,10,68000,68000020
2021年上半年度,0932020025,天成醫療社團法人天晟醫院,2,0.0000,19.0000,18,0%,4,70.3333,11.11%,2,68000,68000020
2021年全年度,0932020025,天成醫療社團法人天晟醫院,2,0.0000,33.0000,31,0%,5,70.1612,16.13%,5,68000,68000020
2022年上半年度,0932020025,天成醫療社團法人天晟醫院,2,0.0000,13.0000,13,0%,3,68.4615,7.69%,1,68000,68000020
2022年全年度,0932020025,天成醫療社團法人天晟醫院,2,1.0000,28.0000,28,3.57%,4,68.8928,3.57%,1,68000,68000020
2023年上半年度,0932020025,天成醫療社團法人天晟醫院,2,0.0000,14.0000,14,0%,3,71.4285,7.14%,1,68000,68000020
2023年全年度,0932020025,天成醫療社團法人天晟醫院,2,0.0000,32.0000,32,0%,3,72.4062,15.63%,5,68000,68000020
2024年上半年度,0932020025,天成醫療社團法人天晟醫院,2,0.0000,20.0000,20,0%,3,70.2000,20%,4,68000,68000020
2024年全年度,0932020025,天成醫療社團法人天晟醫院,2,0.0000,39.0000,38,0%,3,71.1052,13.16%,5,68000,68000020
2025年上半年度,0932020025,天成醫療社團法人天晟醫院,2,0.0000,10.0000,10,0%,3,69.0000,20%,2,68000,68000020
2018年上半年度,0932020034,新國民醫療社團法人新國民醫院,3,0.0000,1.0000,1,0%,1,67.0000,0%,0,68000,68000020
2018年全年度,0932020034,新國民醫療社團法人新國民醫院,3,0.0000,3.0000,3,0%,1,73.0000,0%,0,68000,68000020
2019年上半年度,0932020034,新國民醫療社團法人新國民醫院,3,0.0000,1.0000,1,0%,1,75.0000,0%,0,68000,68000020
2019年全年度,0932020034,新國民醫療社團法人新國民醫院,3,0.0000,4.0000,3,0%,1,67.3333,0%,0,68000,68000020
2020年上半年度,0932020034,新國民醫療社團法人新國民醫院,3,0.0000,5.0000,5,0%,1,77.4000,0%,0,68000,68000020
2020年全年度,0932020034,新國民醫療社團法人新國民醫院,3,0.0000,28.0000,28,0%,2,72.0000,3.57%,1,68000,68000020
2021年上半年度,0932020034,新國民醫療社團法人新國民醫院,3,0.0000,14.0000,14,0%,2,70.0714,28.57%,4,68000,68000020
2021年全年度,0932020034,新國民醫療社團法人新國民醫院,3,0.0000,30.0000,29,0%,2,71.8620,13.79%,4,68000,68000020
2022年上半年度,0932020034,新國民醫療社團法人新國民醫院,3,0.0000,12.0000,12,0%,2,72.8333,8.33%,1,68000,68000020
2022年全年度,0932020034,新國民醫療社團法人新國民醫院,3,0.0000,31.0000,31,0%,2,75.9354,12.9%,4,68000,68000020
2023年上半年度,0932020034,新國民醫療社團法人新國民醫院,3,0.0000,15.0000,14,0%,2,78.2857,7.14%,1,68000,68000020
2023年全年度,0932020034,新國民醫療社團法人新國民醫院,3,0.0000,45.0000,41,0%,2,75.8048,9.76%,4,68000,68000020
2024年上半年度,0932020034,新國民醫療社團法人新國民醫院,3,0.0000,27.0000,26,0%,2,72.1538,15.38%,4,68000,68000020
2024年全年度,0932020034,新國民醫療社團法人新國民醫院,3,0.0000,45.0000,44,0%,2,72.7954,20.45%,9,68000,68000020
2025年上半年度,0932020034,新國民醫療社團法人新國民醫院,3,0.0000,23.0000,22,0%,2,74.8636,9.09%,2,68000,68000020
2019年上半年度,0933050018,東元醫療社團法人東元綜合醫院,2,0.0000,10.0000,10,0%,4,66.7000,10%,1,10004,10004010
2019年全年度,0933050018,東元醫療社團法人東元綜合醫院,2,0.0000,20.0000,19,0%,4,66.6842,21.05%,4,10004,10004010
2020年上半年度,0933050018,東元醫療社團法人東元綜合醫院,2,0.0000,10.0000,10,0%,3,70.8000,20%,2,10004,10004010
2020年全年度,0933050018,東元醫療社團法人東元綜合醫院,2,0.0000,22.0000,22,0%,5,71.6818,13.64%,3,10004,10004010
2021年上半年度,0933050018,東元醫療社團法人東元綜合醫院,2,0.0000,14.0000,13,0%,3,70.9230,15.38%,2,10004,10004010
2021年全年度,0933050018,東元醫療社團法人東元綜合醫院,2,0.0000,28.0000,26,0%,3,73.0000,15.38%,4,10004,10004010
2022年上半年度,0933050018,東元醫療社團法人東元綜合醫院,2,0.0000,15.0000,15,0%,3,71.9333,0%,0,10004,10004010
2022年全年度,0933050018,東元醫療社團法人東元綜合醫院,2,0.0000,36.0000,36,0%,3,71.4722,13.89%,5,10004,10004010
2023年上半年度,0933050018,東元醫療社團法人東元綜合醫院,2,0.0000,16.0000,16,0%,4,76.3750,12.5%,2,10004,10004010
2023年全年度,0933050018,東元醫療社團法人東元綜合醫院,2,0.0000,31.0000,30,0%,4,74.7000,13.33%,4,10004,10004010
2024年上半年度,0933050018,東元醫療社團法人東元綜合醫院,2,0.0000,20.0000,20,0%,4,69.3000,20%,4,10004,10004010
2024年全年度,0933050018,東元醫療社團法人東元綜合醫院,2,0.0000,53.0000,53,0%,4,69.9811,11.32%,6,10004,10004010
2025年上半年度,0933050018,東元醫療社團法人東元綜合醫院,2,1.0000,24.0000,24,4.17%,5,70.0833,25%,6,10004,10004010
2015年全年度,0935010012,梓榮醫療社團法人弘大醫院,3,0.0000,32.0000,32,0%,4,73.2812,9.38%,3,10005,10005010
2016年上半年度,0935010012,梓榮醫療社團法人弘大醫院,3,0.0000,110.0000,108,0%,5,72.9907,6.48%,7,10005,10005010
2016年全年度,0935010012,梓榮醫療社團法人弘大醫院,3,0.0000,242.0000,229,0%,5,72.5371,7.42%,17,10005,10005010
2017年上半年度,0935010012,梓榮醫療社團法人弘大醫院,3,0.0000,112.0000,109,0%,4,72.1284,12.84%,14,10005,10005010
2017年全年度,0935010012,梓榮醫療社團法人弘大醫院,3,0.0000,260.0000,246,0%,4,71.9634,13.82%,34,10005,10005010
2018年上半年度,0935010012,梓榮醫療社團法人弘大醫院,3,0.0000,117.0000,115,0%,5,73.5478,7.83%,9,10005,10005010
2018年全年度,0935010012,梓榮醫療社團法人弘大醫院,3,0.0000,240.0000,228,0%,5,73.1929,10.53%,24,10005,10005010
2019年上半年度,0935010012,梓榮醫療社團法人弘大醫院,3,0.0000,118.0000,118,0%,4,75.0169,11.02%,13,10005,10005010
2019年全年度,0935010012,梓榮醫療社團法人弘大醫院,3,0.0000,240.0000,227,0%,5,73.9955,7.93%,18,10005,10005010
2020年上半年度,0935010012,梓榮醫療社團法人弘大醫院,3,1.0000,77.0000,76,1.3%,4,73.0263,9.21%,7,10005,10005010
2020年全年度,0935010012,梓榮醫療社團法人弘大醫院,3,1.0000,218.0000,206,0.46%,5,72.5339,6.8%,14,10005,10005010
2021年上半年度,0935010012,梓榮醫療社團法人弘大醫院,3,1.0000,83.0000,83,1.2%,4,72.6265,12.05%,10,10005,10005010
2021年全年度,0935010012,梓榮醫療社團法人弘大醫院,3,1.0000,183.0000,176,0.55%,4,72.7215,10.8%,19,10005,10005010
2022年上半年度,0935010012,梓榮醫療社團法人弘大醫院,3,0.0000,80.0000,80,0%,4,72.0250,10%,8,10005,10005010
2022年全年度,0935010012,梓榮醫療社團法人弘大醫院,3,0.0000,189.0000,180,0%,4,72.6944,8.89%,16,10005,10005010
2023年上半年度,0935010012,梓榮醫療社團法人弘大醫院,3,0.0000,117.0000,112,0%,4,72.4732,8.93%,10,10005,10005010
2023年全年度,0935010012,梓榮醫療社團法人弘大醫院,3,0.0000,229.0000,215,0%,4,73.0511,9.77%,21,10005,10005010
2024年上半年度,0935010012,梓榮醫療社團法人弘大醫院,3,0.0000,106.0000,99,0%,4,72.1111,9.09%,9,10005,10005010
2024年全年度,0935010012,梓榮醫療社團法人弘大醫院,3,0.0000,199.0000,181,0%,4,72.8674,7.18%,13,10005,10005010
2025年上半年度,0935010012,梓榮醫療社團法人弘大醫院,3,0.0000,106.0000,104,0%,4,73.6923,8.65%,9,10005,10005010
2014年全年度,0935020027,李綜合醫療社團法人苑裡李綜合醫院,3,0.0000,4.0000,4,0%,1,74.5000,0%,0,10005,10005020
2015年上半年度,0935020027,李綜合醫療社團法人苑裡李綜合醫院,3,0.0000,1.0000,1,0%,1,64.0000,0%,0,10005,10005020
2015年全年度,0935020027,李綜合醫療社團法人苑裡李綜合醫院,3,0.0000,4.0000,4,0%,1,70.2500,0%,0,10005,10005020
2016年上半年度,0935020027,李綜合醫療社團法人苑裡李綜合醫院,3,0.0000,1.0000,1,0%,1,67.0000,0%,0,10005,10005020
2016年全年度,0935020027,李綜合醫療社團法人苑裡李綜合醫院,3,0.0000,1.0000,1,0%,1,67.0000,0%,0,10005,10005020
2017年上半年度,0935020027,李綜合醫療社團法人苑裡李綜合醫院,3,1.0000,2.0000,2,50%,1,59.0000,0%,0,10005,10005020
2017年全年度,0935020027,李綜合醫療社團法人苑裡李綜合醫院,3,1.0000,2.0000,2,50%,1,59.0000,0%,0,10005,10005020
2018年上半年度,0935020027,李綜合醫療社團法人苑裡李綜合醫院,3,0.0000,3.0000,3,0%,1,80.0000,33.33%,1,10005,10005020
2018年全年度,0935020027,李綜合醫療社團法人苑裡李綜合醫院,3,0.0000,8.0000,8,0%,1,74.8750,12.5%,1,10005,10005020
2019年全年度,0935020027,李綜合醫療社團法人苑裡李綜合醫院,3,0.0000,2.0000,2,0%,1,74.5000,0%,0,10005,10005020
2020年全年度,0935020027,李綜合醫療社團法人苑裡李綜合醫院,3,0.0000,6.0000,6,0%,1,74.1666,16.67%,1,10005,10005020
2021年上半年度,0935020027,李綜合醫療社團法人苑裡李綜合醫院,3,0.0000,2.0000,2,0%,1,83.0000,0%,0,10005,10005020
2021年全年度,0935020027,李綜合醫療社團法人苑裡李綜合醫院,3,0.0000,4.0000,4,0%,1,81.7500,25%,1,10005,10005020
2022年全年度,0935020027,李綜合醫療社團法人苑裡李綜合醫院,3,0.0000,1.0000,1,0%,1,88.0000,0%,0,10005,10005020
2023年上半年度,0935020027,李綜合醫療社團法人苑裡李綜合醫院,3,0.0000,2.0000,2,0%,1,65.0000,0%,0,10005,10005020
2023年全年度,0935020027,李綜合醫療社團法人苑裡李綜合醫院,3,0.0000,5.0000,5,0%,1,73.0000,40%,2,10005,10005020
2024年全年度,0935020027,李綜合醫療社團法人苑裡李綜合醫院,3,0.0000,5.0000,5,0%,1,70.8000,20%,1,10005,10005020
2025年上半年度,0935020027,李綜合醫療社團法人苑裡李綜合醫院,3,0.0000,4.0000,4,0%,1,73.5000,0%,0,10005,10005020
2014年全年度,0936030018,李綜合醫療社團法人大甲李綜合醫院,2,0.0000,32.0000,31,0%,3,70.9032,3.23%,1,66000,66000110
2015年上半年度,0936030018,李綜合醫療社團法人大甲李綜合醫院,2,0.0000,5.0000,5,0%,2,78.0000,0%,0,66000,66000110
2015年全年度,0936030018,李綜合醫療社團法人大甲李綜合醫院,2,0.0000,16.0000,15,0%,2,75.0000,0%,0,66000,66000110
2016年上半年度,0936030018,李綜合醫療社團法人大甲李綜合醫院,2,1.0000,70.0000,69,1.43%,3,71.3043,17.39%,12,66000,66000110
2016年全年度,0936030018,李綜合醫療社團法人大甲李綜合醫院,2,6.0000,173.0000,164,3.47%,4,70.4634,11.59%,19,66000,66000110
2017年上半年度,0936030018,李綜合醫療社團法人大甲李綜合醫院,2,2.0000,65.0000,63,3.08%,2,71.7460,9.52%,6,66000,66000110
2017年全年度,0936030018,李綜合醫療社團法人大甲李綜合醫院,2,5.0000,187.0000,169,2.67%,2,71.3609,10.65%,18,66000,66000110
2018年上半年度,0936030018,李綜合醫療社團法人大甲李綜合醫院,2,3.0000,118.0000,115,2.54%,2,71.8695,7.83%,9,66000,66000110
2018年全年度,0936030018,李綜合醫療社團法人大甲李綜合醫院,2,6.0000,248.0000,235,2.42%,2,71.0382,7.66%,18,66000,66000110
2019年上半年度,0936030018,李綜合醫療社團法人大甲李綜合醫院,2,2.0000,90.0000,88,2.22%,2,71.2272,12.5%,11,66000,66000110
2019年全年度,0936030018,李綜合醫療社團法人大甲李綜合醫院,2,3.0000,110.0000,108,2.73%,5,71.0092,12.04%,13,66000,66000110
2020年上半年度,0936030018,李綜合醫療社團法人大甲李綜合醫院,2,0.0000,13.0000,12,0%,3,75.6666,8.33%,1,66000,66000110
2020年全年度,0936030018,李綜合醫療社團法人大甲李綜合醫院,2,2.0000,68.0000,66,2.94%,4,72.0303,12.12%,8,66000,66000110
2021年上半年度,0936030018,李綜合醫療社團法人大甲李綜合醫院,2,1.0000,82.0000,81,1.22%,2,72.5308,4.94%,4,66000,66000110
2021年全年度,0936030018,李綜合醫療社團法人大甲李綜合醫院,2,5.0000,177.0000,169,2.82%,2,71.3254,8.28%,14,66000,66000110
2022年上半年度,0936030018,李綜合醫療社團法人大甲李綜合醫院,2,0.0000,75.0000,75,0%,2,70.4666,13.33%,10,66000,66000110
2022年全年度,0936030018,李綜合醫療社團法人大甲李綜合醫院,2,3.0000,167.0000,159,1.8%,2,70.7295,9.43%,15,66000,66000110
2023年上半年度,0936030018,李綜合醫療社團法人大甲李綜合醫院,2,3.0000,106.0000,105,2.83%,2,72.5142,9.52%,10,66000,66000110
2023年全年度,0936030018,李綜合醫療社團法人大甲李綜合醫院,2,5.0000,205.0000,200,2.44%,4,72.5650,10%,20,66000,66000110
2024年上半年度,0936030018,李綜合醫療社團法人大甲李綜合醫院,2,1.0000,104.0000,102,.96%,5,71.7549,5.88%,6,66000,66000110
2024年全年度,0936030018,李綜合醫療社團法人大甲李綜合醫院,2,2.0000,221.0000,219,.9%,5,72.1780,8.22%,18,66000,66000110
2025年上半年度,0936030018,李綜合醫療社團法人大甲李綜合醫院,2,0.0000,96.0000,96,0%,3,71.5729,18.75%,18,66000,66000110
2014年全年度,0936050029,光田醫療社團法人光田綜合醫院,2,0.0000,196.0000,184,0%,9,70.9619,10.87%,20,66000,66000130
2015年上半年度,0936050029,光田醫療社團法人光田綜合醫院,2,0.0000,98.0000,95,0%,9,70.7894,15.79%,15,66000,66000130
2015年全年度,0936050029,光田醫療社團法人光田綜合醫院,2,0.0000,220.0000,207,0%,9,70.2657,17.87%,37,66000,66000130
2016年上半年度,0936050029,光田醫療社團法人光田綜合醫院,2,2.0000,72.0000,69,2.78%,9,69.8405,10.14%,7,66000,66000130
2016年全年度,0936050029,光田醫療社團法人光田綜合醫院,2,2.0000,156.0000,147,1.28%,10,70.7823,8.84%,13,66000,66000130
2017年上半年度,0936050029,光田醫療社團法人光田綜合醫院,2,1.0000,85.0000,84,1.18%,9,71.3809,10.71%,9,66000,66000130
2017年全年度,0936050029,光田醫療社團法人光田綜合醫院,2,1.0000,165.0000,156,0.61%,11,70.5576,12.18%,19,66000,66000130
2018年上半年度,0936050029,光田醫療社團法人光田綜合醫院,2,2.0000,59.0000,59,3.39%,8,71.1694,16.95%,10,66000,66000130
2018年全年度,0936050029,光田醫療社團法人光田綜合醫院,2,4.0000,148.0000,140,2.7%,9,70.7714,15%,21,66000,66000130
2019年上半年度,0936050029,光田醫療社團法人光田綜合醫院,2,1.0000,71.0000,69,1.41%,9,69.8985,8.7%,6,66000,66000130
2019年全年度,0936050029,光田醫療社團法人光田綜合醫院,2,1.0000,150.0000,144,0.67%,10,71.1597,9.72%,14,66000,66000130
2020年上半年度,0936050029,光田醫療社團法人光田綜合醫院,2,0.0000,56.0000,55,0%,9,70.4363,5.45%,3,66000,66000130
2020年全年度,0936050029,光田醫療社團法人光田綜合醫院,2,0.0000,159.0000,151,0%,10,70.8741,11.26%,17,66000,66000130
2021年上半年度,0936050029,光田醫療社團法人光田綜合醫院,2,0.0000,57.0000,56,0%,8,71.3750,10.71%,6,66000,66000130
2021年全年度,0936050029,光田醫療社團法人光田綜合醫院,2,1.0000,112.0000,107,0.89%,10,71.6448,11.21%,12,66000,66000130
2022年上半年度,0936050029,光田醫療社團法人光田綜合醫院,2,0.0000,49.0000,49,0%,8,74.3673,14.29%,7,66000,66000130
2022年全年度,0936050029,光田醫療社團法人光田綜合醫院,2,0.0000,119.0000,117,0%,10,71.9487,15.38%,18,66000,66000130
2023年上半年度,0936050029,光田醫療社團法人光田綜合醫院,2,0.0000,59.0000,59,0%,11,71.7118,22.03%,13,66000,66000130
2023年全年度,0936050029,光田醫療社團法人光田綜合醫院,2,0.0000,131.0000,123,0%,11,71.7479,13.82%,17,66000,66000130
2024年上半年度,0936050029,光田醫療社團法人光田綜合醫院,2,0.0000,72.0000,71,0%,11,70.1267,16.9%,12,66000,66000130
2024年全年度,0936050029,光田醫療社團法人光田綜合醫院,2,0.0000,128.0000,125,0%,12,71.6240,15.2%,19,66000,66000130
2025年上半年度,0936050029,光田醫療社團法人光田綜合醫院,2,1.0000,67.0000,66,1.49%,10,72.1212,12.12%,8,66000,66000130
2014年全年度,0936060016,童綜合醫療社團法人童綜合醫院,2,7.0000,400.0000,377,1.75%,8,69.5676,9.02%,34,66000,66000140
2015年上半年度,0936060016,童綜合醫療社團法人童綜合醫院,2,2.0000,204.0000,202,0.98%,8,70.1683,10.89%,22,66000,66000140
2015年全年度,0936060016,童綜合醫療社團法人童綜合醫院,2,2.0000,432.0000,417,0.46%,10,69.8896,10.07%,42,66000,66000140
2016年上半年度,0936060016,童綜合醫療社團法人童綜合醫院,2,3.0000,200.0000,198,1.5%,8,71.1414,8.59%,17,66000,66000140
2016年全年度,0936060016,童綜合醫療社團法人童綜合醫院,2,3.0000,442.0000,427,0.68%,8,70.4473,9.6%,41,66000,66000140
2017年上半年度,0936060016,童綜合醫療社團法人童綜合醫院,2,2.0000,212.0000,212,0.94%,8,69.3726,14.15%,30,66000,66000140
2017年全年度,0936060016,童綜合醫療社團法人童綜合醫院,2,2.0000,434.0000,415,0.46%,8,69.3421,12.05%,50,66000,66000140
2018年上半年度,0936060016,童綜合醫療社團法人童綜合醫院,2,3.0000,169.0000,167,1.78%,8,69.3832,8.98%,15,66000,66000140
2018年全年度,0936060016,童綜合醫療社團法人童綜合醫院,2,3.0000,283.0000,276,1.06%,9,69.3623,10.51%,29,66000,66000140
2019年上半年度,0936060016,童綜合醫療社團法人童綜合醫院,2,1.0000,108.0000,106,0.93%,8,70.1603,11.32%,12,66000,66000140
2019年全年度,0936060016,童綜合醫療社團法人童綜合醫院,2,1.0000,227.0000,217,0.44%,9,69.5483,12.44%,27,66000,66000140
2020年上半年度,0936060016,童綜合醫療社團法人童綜合醫院,2,1.0000,103.0000,102,0.97%,9,69.1078,13.73%,14,66000,66000140
2020年全年度,0936060016,童綜合醫療社團法人童綜合醫院,2,2.0000,271.0000,260,0.74%,9,69.3961,13.85%,36,66000,66000140
2021年上半年度,0936060016,童綜合醫療社團法人童綜合醫院,2,1.0000,116.0000,115,0.86%,9,69.0000,13.91%,16,66000,66000140
2021年全年度,0936060016,童綜合醫療社團法人童綜合醫院,2,1.0000,276.0000,264,0.36%,11,69.7424,14.39%,38,66000,66000140
2022年上半年度,0936060016,童綜合醫療社團法人童綜合醫院,2,0.0000,120.0000,119,0%,11,68.6302,15.97%,19,66000,66000140
2022年全年度,0936060016,童綜合醫療社團法人童綜合醫院,2,4.0000,288.0000,279,1.39%,11,68.6344,14.34%,40,66000,66000140
2023年上半年度,0936060016,童綜合醫療社團法人童綜合醫院,2,1.0000,166.0000,164,.6%,11,70.6768,10.37%,17,66000,66000140
2023年全年度,0936060016,童綜合醫療社團法人童綜合醫院,2,2.0000,338.0000,323,.59%,11,70.3157,12.69%,41,66000,66000140
2024年上半年度,0936060016,童綜合醫療社團法人童綜合醫院,2,0.0000,225.0000,223,0%,11,71.2017,15.25%,34,66000,66000140
2024年全年度,0936060016,童綜合醫療社團法人童綜合醫院,2,0.0000,424.0000,410,0%,11,70.3536,14.15%,58,66000,66000140
2025年上半年度,0936060016,童綜合醫療社團法人童綜合醫院,2,3.0000,141.0000,138,2.13%,9,70.7463,10.87%,15,66000,66000140
2014年全年度,0937010019,秀傳醫療社團法人秀傳紀念醫院,2,1.0000,132.0000,131,0.76%,10,70.4656,11.45%,15,10007,10007010
2015年上半年度,0937010019,秀傳醫療社團法人秀傳紀念醫院,2,1.0000,70.0000,70,1.43%,8,70.6714,11.43%,8,10007,10007010
2015年全年度,0937010019,秀傳醫療社團法人秀傳紀念醫院,2,1.0000,157.0000,152,0.64%,10,70.4868,11.84%,18,10007,10007010
2016年上半年度,0937010019,秀傳醫療社團法人秀傳紀念醫院,2,0.0000,84.0000,83,0%,9,71.2891,8.43%,7,10007,10007010
2016年全年度,0937010019,秀傳醫療社團法人秀傳紀念醫院,2,0.0000,159.0000,152,0%,10,71.0460,10.53%,16,10007,10007010
2017年上半年度,0937010019,秀傳醫療社團法人秀傳紀念醫院,2,0.0000,99.0000,98,0%,8,70.6224,10.2%,10,10007,10007010
2017年全年度,0937010019,秀傳醫療社團法人秀傳紀念醫院,2,0.0000,174.0000,167,0%,9,70.5209,10.18%,17,10007,10007010
2018年上半年度,0937010019,秀傳醫療社團法人秀傳紀念醫院,2,0.0000,66.0000,66,0%,6,71.1969,15.15%,10,10007,10007010
2018年全年度,0937010019,秀傳醫療社團法人秀傳紀念醫院,2,0.0000,155.0000,145,0%,7,71.0413,11.72%,17,10007,10007010
2019年上半年度,0937010019,秀傳醫療社團法人秀傳紀念醫院,2,1.0000,86.0000,86,1.16%,6,73.2906,19.77%,17,10007,10007010
2019年全年度,0937010019,秀傳醫療社團法人秀傳紀念醫院,2,1.0000,179.0000,177,0.56%,8,72.0395,18.64%,33,10007,10007010
2020年上半年度,0937010019,秀傳醫療社團法人秀傳紀念醫院,2,0.0000,50.0000,50,0%,8,69.7000,6%,3,10007,10007010
2020年全年度,0937010019,秀傳醫療社團法人秀傳紀念醫院,2,1.0000,154.0000,150,0.65%,10,70.5533,17.33%,26,10007,10007010
2021年上半年度,0937010019,秀傳醫療社團法人秀傳紀念醫院,2,0.0000,64.0000,64,0%,7,71.7500,17.19%,11,10007,10007010
2021年全年度,0937010019,秀傳醫療社團法人秀傳紀念醫院,2,0.0000,131.0000,125,0%,8,72.3280,14.4%,18,10007,10007010
2022年上半年度,0937010019,秀傳醫療社團法人秀傳紀念醫院,2,0.0000,68.0000,66,0%,7,70.7878,16.67%,11,10007,10007010
2022年全年度,0937010019,秀傳醫療社團法人秀傳紀念醫院,2,0.0000,157.0000,151,0%,8,71.8609,16.56%,25,10007,10007010
2023年上半年度,0937010019,秀傳醫療社團法人秀傳紀念醫院,2,1.0000,93.0000,93,1.08%,7,73.0860,13.98%,13,10007,10007010
2023年全年度,0937010019,秀傳醫療社團法人秀傳紀念醫院,2,1.0000,216.0000,205,.46%,11,72.6536,15.61%,32,10007,10007010
2024年上半年度,0937010019,秀傳醫療社團法人秀傳紀念醫院,2,0.0000,136.0000,135,0%,7,72.3851,19.26%,26,10007,10007010
2024年全年度,0937010019,秀傳醫療社團法人秀傳紀念醫院,2,2.0000,265.0000,252,.75%,11,71.9563,19.05%,48,10007,10007010
2025年上半年度,0937010019,秀傳醫療社團法人秀傳紀念醫院,2,0.0000,130.0000,126,0%,7,71.5079,19.84%,25,10007,10007010
2015年上半年度,0937030012,道周醫療社團法人道周醫院,3,0.0000,2.0000,2,0%,1,67.5000,0%,0,10007,10007030
2015年全年度,0937030012,道周醫療社團法人道周醫院,3,0.0000,2.0000,2,0%,1,67.5000,0%,0,10007,10007030
2017年上半年度,0937030012,道周醫療社團法人道周醫院,3,0.0000,2.0000,2,0%,1,62.0000,0%,0,10007,10007030
2017年全年度,0937030012,道周醫療社團法人道周醫院,3,0.0000,3.0000,2,0%,1,62.0000,0%,0,10007,10007030
2018年全年度,0937030012,道周醫療社團法人道周醫院,3,0.0000,1.0000,1,0%,1,47.0000,0%,0,10007,10007030
2020年全年度,0937030012,道周醫療社團法人道周醫院,3,0.0000,1.0000,1,0%,1,74.0000,0%,0,10007,10007030
2024年上半年度,0937030012,道周醫療社團法人道周醫院,3,0.0000,1.0000,1,0%,1,79.0000,0%,0,10007,10007030
2024年全年度,0937030012,道周醫療社團法人道周醫院,3,0.0000,1.0000,1,0%,1,79.0000,0%,0,10007,10007030
2025年上半年度,0937030012,道周醫療社團法人道周醫院,3,0.0000,1.0000,1,0%,1,62.0000,0%,0,10007,10007030
2014年全年度,0937050014,員榮醫療社團法人員榮醫院,3,0.0000,66.0000,65,0%,2,70.0769,9.23%,6,10007,10007100
2015年上半年度,0937050014,員榮醫療社團法人員榮醫院,3,1.0000,46.0000,45,2.17%,1,71.9111,13.33%,6,10007,10007100
2015年全年度,0937050014,員榮醫療社團法人員榮醫院,3,2.0000,90.0000,89,2.22%,2,70.8651,8.99%,8,10007,10007100
2016年上半年度,0937050014,員榮醫療社團法人員榮醫院,3,0.0000,44.0000,44,0%,1,71.2727,9.09%,4,10007,10007100
2016年全年度,0937050014,員榮醫療社團法人員榮醫院,3,0.0000,88.0000,86,0%,1,71.3023,11.63%,10,10007,10007100
2017年上半年度,0937050014,員榮醫療社團法人員榮醫院,3,1.0000,33.0000,33,3.03%,1,75.3939,12.12%,4,10007,10007100
2017年全年度,0937050014,員榮醫療社團法人員榮醫院,3,1.0000,34.0000,34,2.94%,2,75.4411,11.76%,4,10007,10007100
2018年全年度,0937050014,員榮醫療社團法人員榮醫院,3,0.0000,7.0000,7,0%,2,68.4285,14.29%,1,10007,10007100
2019年上半年度,0937050014,員榮醫療社團法人員榮醫院,3,0.0000,19.0000,19,0%,2,73.6315,15.79%,3,10007,10007100
2019年全年度,0937050014,員榮醫療社團法人員榮醫院,3,0.0000,22.0000,21,0%,2,74.3809,19.05%,4,10007,10007100
2020年全年度,0937050014,員榮醫療社團法人員榮醫院,3,0.0000,3.0000,3,0%,1,73.3333,33.33%,1,10007,10007100
2021年上半年度,0937050014,員榮醫療社團法人員榮醫院,3,0.0000,9.0000,8,0%,1,71.3750,12.5%,1,10007,10007100
2021年全年度,0937050014,員榮醫療社團法人員榮醫院,3,0.0000,60.0000,59,0%,3,70.8474,11.86%,7,10007,10007100
2022年上半年度,0937050014,員榮醫療社團法人員榮醫院,3,1.0000,64.0000,61,1.56%,3,70.9016,13.11%,8,10007,10007100
2022年全年度,0937050014,員榮醫療社團法人員榮醫院,3,1.0000,136.0000,127,0.74%,4,71.0629,14.96%,19,10007,10007100
2023年上半年度,0937050014,員榮醫療社團法人員榮醫院,3,0.0000,79.0000,79,0%,3,71.8481,17.72%,14,10007,10007100
2023年全年度,0937050014,員榮醫療社團法人員榮醫院,3,0.0000,172.0000,167,0%,3,72.0778,14.37%,24,10007,10007100
2024年上半年度,0937050014,員榮醫療社團法人員榮醫院,3,0.0000,79.0000,78,0%,3,71.8589,15.38%,12,10007,10007100
2024年全年度,0937050014,員榮醫療社團法人員榮醫院,3,1.0000,164.0000,155,.61%,4,72.6451,14.19%,22,10007,10007100
2025年上半年度,0937050014,員榮醫療社團法人員榮醫院,3,0.0000,84.0000,81,0%,3,71.6913,6.17%,5,10007,10007100
2024年上半年度,0937050032,員郭醫療社團法人員郭醫院,3,0.0000,74.0000,70,0%,1,75.1000,21.43%,15,10007,10007100
2024年全年度,0937050032,員郭醫療社團法人員郭醫院,3,0.0000,97.0000,89,0%,1,73.9438,21.35%,19,10007,10007100
2025年上半年度,0937050032,員郭醫療社團法人員郭醫院,3,0.0000,1.0000,1,0%,1,83.0000,100%,1,10007,10007100
2014年全年度,0938030016,佑民醫療社團法人佑民醫院,3,0.0000,22.0000,22,0%,3,67.6363,13.64%,3,10008,10008030
2015年上半年度,0938030016,佑民醫療社團法人佑民醫院,3,0.0000,14.0000,13,0%,3,72.0000,7.69%,1,10008,10008030
2015年全年度,0938030016,佑民醫療社團法人佑民醫院,3,0.0000,26.0000,24,0%,3,70.7916,12.5%,3,10008,10008030
2016年上半年度,0938030016,佑民醫療社團法人佑民醫院,3,0.0000,18.0000,17,0%,3,68.0000,0%,0,10008,10008030
2016年全年度,0938030016,佑民醫療社團法人佑民醫院,3,0.0000,32.0000,31,0%,3,67.4838,6.45%,2,10008,10008030
2017年上半年度,0938030016,佑民醫療社團法人佑民醫院,3,0.0000,13.0000,12,0%,2,71.4166,16.67%,2,10008,10008030
2017年全年度,0938030016,佑民醫療社團法人佑民醫院,3,0.0000,29.0000,27,0%,2,69.9629,11.11%,3,10008,10008030
2018年上半年度,0938030016,佑民醫療社團法人佑民醫院,3,0.0000,13.0000,13,0%,3,72.3846,38.46%,5,10008,10008030
2018年全年度,0938030016,佑民醫療社團法人佑民醫院,3,0.0000,31.0000,30,0%,3,70.0666,20%,6,10008,10008030
2019年上半年度,0938030016,佑民醫療社團法人佑民醫院,3,0.0000,19.0000,19,0%,4,72.1052,15.79%,3,10008,10008030
2019年全年度,0938030016,佑民醫療社團法人佑民醫院,3,0.0000,43.0000,42,0%,4,72.4761,14.29%,6,10008,10008030
2020年上半年度,0938030016,佑民醫療社團法人佑民醫院,3,0.0000,22.0000,22,0%,2,71.1818,9.09%,2,10008,10008030
2020年全年度,0938030016,佑民醫療社團法人佑民醫院,3,1.0000,54.0000,53,1.85%,4,71.3018,11.32%,6,10008,10008030
2021年上半年度,0938030016,佑民醫療社團法人佑民醫院,3,0.0000,28.0000,28,0%,4,73.5357,14.29%,4,10008,10008030
2021年全年度,0938030016,佑民醫療社團法人佑民醫院,3,0.0000,58.0000,58,0%,4,72.4137,12.07%,7,10008,10008030
2022年上半年度,0938030016,佑民醫療社團法人佑民醫院,3,0.0000,29.0000,27,0%,3,70.2962,22.22%,6,10008,10008030
2022年全年度,0938030016,佑民醫療社團法人佑民醫院,3,0.0000,58.0000,54,0%,3,72.4814,16.67%,9,10008,10008030
2023年上半年度,0938030016,佑民醫療社團法人佑民醫院,3,0.0000,28.0000,28,0%,3,70.6785,14.29%,4,10008,10008030
2023年全年度,0938030016,佑民醫療社團法人佑民醫院,3,0.0000,59.0000,54,0%,3,72.0740,12.96%,7,10008,10008030
2024年上半年度,0938030016,佑民醫療社團法人佑民醫院,3,0.0000,38.0000,37,0%,4,71.2432,5.41%,2,10008,10008030
2024年全年度,0938030016,佑民醫療社團法人佑民醫院,3,0.0000,81.0000,78,0%,4,71.4358,8.97%,7,10008,10008030
2025年上半年度,0938030016,佑民醫療社團法人佑民醫院,3,0.0000,28.0000,27,0%,3,75.1111,11.11%,3,10008,10008030
2022年上半年度,0938040012,竹山秀傳醫療社團法人竹山秀傳醫院,3,0.0000,12.0000,12,0%,2,68.4166,8.33%,1,10008,10008040
2022年全年度,0938040012,竹山秀傳醫療社團法人竹山秀傳醫院,3,4.0000,30.0000,29,13.33%,2,70.5862,10.34%,3,10008,10008040
2023年上半年度,0938040012,竹山秀傳醫療社團法人竹山秀傳醫院,3,3.0000,16.0000,15,18.75%,2,66.8000,6.67%,1,10008,10008040
2023年全年度,0938040012,竹山秀傳醫療社團法人竹山秀傳醫院,3,4.0000,23.0000,22,17.39%,2,67.0000,9.09%,2,10008,10008040
2024年上半年度,0938040012,竹山秀傳醫療社團法人竹山秀傳醫院,3,3.0000,17.0000,16,17.65%,2,70.7500,18.75%,3,10008,10008040
2024年全年度,0938040012,竹山秀傳醫療社團法人竹山秀傳醫院,3,3.0000,29.0000,26,10.34%,2,69.5769,19.23%,5,10008,10008040
2025年上半年度,0938040012,竹山秀傳醫療社團法人竹山秀傳醫院,3,1.0000,5.0000,5,20%,1,68.2000,20%,1,10008,10008040
2014年全年度,0942020019,高雄市立岡山醫院（委託秀傳醫療社團法人經營）,3,0.0000,4.0000,4,0%,2,66.0000,50%,2,64000,64000190
2015年上半年度,0942020019,高雄市立岡山醫院（委託秀傳醫療社團法人經營）,3,0.0000,1.0000,1,0%,1,72.0000,0%,0,64000,64000190
2015年全年度,0942020019,高雄市立岡山醫院（委託秀傳醫療社團法人經營）,3,0.0000,3.0000,3,0%,1,73.3333,0%,0,64000,64000190
2016年上半年度,0942020019,高雄市立岡山醫院（委託秀傳醫療社團法人經營）,3,0.0000,1.0000,1,0%,1,73.0000,0%,0,64000,64000190
2016年全年度,0942020019,高雄市立岡山醫院（委託秀傳醫療社團法人經營）,3,0.0000,2.0000,2,0%,1,69.5000,0%,0,64000,64000190
2017年全年度,0942020019,高雄市立岡山醫院（委託秀傳醫療社團法人經營）,3,0.0000,2.0000,2,0%,1,69.0000,50%,1,64000,64000190
2018年全年度,0942020019,高雄市立岡山醫院（委託秀傳醫療社團法人經營）,3,0.0000,5.0000,5,0%,1,65.8000,0%,0,64000,64000190
2019年全年度,0942020019,高雄市立岡山醫院（委託秀傳醫療社團法人經營）,3,0.0000,1.0000,1,0%,1,63.0000,0%,0,64000,64000190
2020年全年度,0942020019,高雄市立岡山醫院（委託秀傳醫療社團法人經營）,3,0.0000,3.0000,3,0%,1,77.3333,66.67%,2,64000,64000190
2021年上半年度,0942020019,高雄市立岡山醫院（委託秀傳醫療社團法人經營）,3,0.0000,1.0000,1,0%,1,81.0000,0%,0,64000,64000190
2021年全年度,0942020019,高雄市立岡山醫院（委託秀傳醫療社團法人經營）,3,0.0000,3.0000,3,0%,1,79.6666,66.67%,2,64000,64000190
2022年上半年度,0942020019,高雄市立岡山醫院（委託秀傳醫療社團法人經營）,3,0.0000,2.0000,2,0%,1,69.5000,0%,0,64000,64000190
2022年全年度,0942020019,高雄市立岡山醫院（委託秀傳醫療社團法人經營）,3,0.0000,3.0000,3,0%,1,70.3333,0%,0,64000,64000190
2023年上半年度,0942020019,高雄市立岡山醫院（委託秀傳醫療社團法人經營）,3,0.0000,1.0000,1,0%,1,69.0000,0%,0,64000,64000190
2023年全年度,0942020019,高雄市立岡山醫院（委託秀傳醫療社團法人經營）,3,0.0000,4.0000,4,0%,1,71.7500,0%,0,64000,64000190
2024年上半年度,0942020019,高雄市立岡山醫院（委託秀傳醫療社團法人經營）,3,0.0000,1.0000,1,0%,1,77.0000,0%,0,64000,64000190
2024年全年度,0942020019,高雄市立岡山醫院（委託秀傳醫療社團法人經營）,3,0.0000,3.0000,2,0%,2,75.0000,0%,0,64000,64000190
2025年上半年度,0942020019,高雄市立岡山醫院（委託秀傳醫療社團法人經營）,3,1.0000,2.0000,2,50%,1,67.0000,50%,1,64000,64000190
2014年全年度,0943010017,寶建醫療社團法人寶建醫院,2,1.0000,58.0000,54,1.72%,4,68.3333,12.96%,7,10013,10013010
2015年上半年度,0943010017,寶建醫療社團法人寶建醫院,2,0.0000,26.0000,26,0%,4,70.5769,3.85%,1,10013,10013010
2015年全年度,0943010017,寶建醫療社團法人寶建醫院,2,1.0000,59.0000,57,1.69%,4,69.9824,8.77%,5,10013,10013010
2016年上半年度,0943010017,寶建醫療社團法人寶建醫院,2,1.0000,36.0000,33,2.78%,3,71.8181,9.09%,3,10013,10013010
2016年全年度,0943010017,寶建醫療社團法人寶建醫院,2,1.0000,70.0000,65,1.43%,4,69.9538,10.77%,7,10013,10013010
2017年上半年度,0943010017,寶建醫療社團法人寶建醫院,2,0.0000,27.0000,26,0%,4,68.5769,19.23%,5,10013,10013010
2017年全年度,0943010017,寶建醫療社團法人寶建醫院,2,0.0000,60.0000,56,0%,4,68.2321,10.71%,6,10013,10013010
2018年上半年度,0943010017,寶建醫療社團法人寶建醫院,2,0.0000,34.0000,33,0%,4,68.0606,15.15%,5,10013,10013010
2018年全年度,0943010017,寶建醫療社團法人寶建醫院,2,0.0000,75.0000,68,0%,4,68.1470,13.24%,9,10013,10013010
2019年上半年度,0943010017,寶建醫療社團法人寶建醫院,2,1.0000,27.0000,25,3.7%,6,67.4000,12%,3,10013,10013010
2019年全年度,0943010017,寶建醫療社團法人寶建醫院,2,1.0000,63.0000,60,1.59%,6,67.6000,11.67%,7,10013,10013010
2020年上半年度,0943010017,寶建醫療社團法人寶建醫院,2,1.0000,37.0000,37,2.7%,5,68.0270,10.81%,4,10013,10013010
2020年全年度,0943010017,寶建醫療社團法人寶建醫院,2,1.0000,75.0000,75,1.33%,6,69.2533,14.67%,11,10013,10013010
2021年上半年度,0943010017,寶建醫療社團法人寶建醫院,2,0.0000,29.0000,29,0%,4,71.0344,10.34%,3,10013,10013010
2021年全年度,0943010017,寶建醫療社團法人寶建醫院,2,3.0000,107.0000,104,2.8%,5,70.0096,12.5%,13,10013,10013010
2022年上半年度,0943010017,寶建醫療社團法人寶建醫院,2,0.0000,68.0000,65,0%,6,67.9384,7.69%,5,10013,10013010
2022年全年度,0943010017,寶建醫療社團法人寶建醫院,2,1.0000,136.0000,128,0.74%,6,67.1328,7.81%,10,10013,10013010
2023年上半年度,0943010017,寶建醫療社團法人寶建醫院,2,0.0000,109.0000,99,0%,5,70.3434,9.09%,9,10013,10013010
2023年全年度,0943010017,寶建醫療社團法人寶建醫院,2,0.0000,232.0000,212,0%,6,69.5613,13.21%,28,10013,10013010
2024年上半年度,0943010017,寶建醫療社團法人寶建醫院,2,0.0000,99.0000,92,0%,6,70.8695,20.65%,19,10013,10013010
2024年全年度,0943010017,寶建醫療社團法人寶建醫院,2,1.0000,198.0000,180,.51%,7,69.3333,20%,36,10013,10013010
2025年上半年度,0943010017,寶建醫療社團法人寶建醫院,2,0.0000,104.0000,99,0%,4,70.4646,9.09%,9,10013,10013010
2014年全年度,0943020013,安泰醫療社團法人潮州安泰醫院,3,0.0000,1.0000,1,0%,1,66.0000,0%,0,10013,10013020
2015年上半年度,0943020013,安泰醫療社團法人潮州安泰醫院,3,0.0000,2.0000,2,0%,1,76.0000,50%,1,10013,10013020
2015年全年度,0943020013,安泰醫療社團法人潮州安泰醫院,3,0.0000,3.0000,3,0%,1,71.6666,66.67%,2,10013,10013020
2016年上半年度,0943020013,安泰醫療社團法人潮州安泰醫院,3,0.0000,1.0000,1,0%,1,79.0000,0%,0,10013,10013020
2016年全年度,0943020013,安泰醫療社團法人潮州安泰醫院,3,0.0000,1.0000,1,0%,1,79.0000,0%,0,10013,10013020
2017年上半年度,0943020013,安泰醫療社團法人潮州安泰醫院,3,0.0000,1.0000,1,0%,1,80.0000,0%,0,10013,10013020
2017年全年度,0943020013,安泰醫療社團法人潮州安泰醫院,3,0.0000,1.0000,1,0%,1,80.0000,0%,0,10013,10013020
2019年上半年度,0943020013,安泰醫療社團法人潮州安泰醫院,3,0.0000,1.0000,1,0%,1,79.0000,0%,0,10013,10013020
2019年全年度,0943020013,安泰醫療社團法人潮州安泰醫院,3,0.0000,1.0000,1,0%,1,79.0000,0%,0,10013,10013020
2021年上半年度,0943020013,安泰醫療社團法人潮州安泰醫院,3,0.0000,1.0000,1,0%,1,63.0000,0%,0,10013,10013020
2021年全年度,0943020013,安泰醫療社團法人潮州安泰醫院,3,0.0000,1.0000,1,0%,1,63.0000,0%,0,10013,10013020
2022年上半年度,0943020013,安泰醫療社團法人潮州安泰醫院,3,0.0000,2.0000,2,0%,1,69.0000,0%,0,10013,10013020
2022年全年度,0943020013,安泰醫療社團法人潮州安泰醫院,3,0.0000,2.0000,2,0%,1,69.0000,0%,0,10013,10013020
2024年上半年度,0943020013,安泰醫療社團法人潮州安泰醫院,3,0.0000,1.0000,1,0%,1,77.0000,0%,0,10013,10013020
2024年全年度,0943020013,安泰醫療社團法人潮州安泰醫院,3,0.0000,1.0000,1,0%,1,77.0000,0%,0,10013,10013020
2014年全年度,0943030019,安泰醫療社團法人安泰醫院,3,1.0000,19.0000,19,5.26%,3,63.9473,21.05%,4,10013,10013030
2015年上半年度,0943030019,安泰醫療社團法人安泰醫院,3,0.0000,11.0000,11,0%,2,63.9090,9.09%,1,10013,10013030
2015年全年度,0943030019,安泰醫療社團法人安泰醫院,3,0.0000,18.0000,18,0%,4,65.0555,11.11%,2,10013,10013030
2016年上半年度,0943030019,安泰醫療社團法人安泰醫院,3,0.0000,8.0000,8,0%,2,69.1250,12.5%,1,10013,10013030
2016年全年度,0943030019,安泰醫療社團法人安泰醫院,3,0.0000,17.0000,15,0%,3,70.4666,6.67%,1,10013,10013030
2017年上半年度,0943030019,安泰醫療社團法人安泰醫院,3,0.0000,20.0000,20,0%,4,63.4000,15%,3,10013,10013030
2017年全年度,0943030019,安泰醫療社團法人安泰醫院,3,0.0000,32.0000,32,0%,4,64.9375,18.75%,6,10013,10013030
2018年上半年度,0943030019,安泰醫療社團法人安泰醫院,3,1.0000,14.0000,14,7.14%,3,68.1428,7.14%,1,10013,10013030
2018年全年度,0943030019,安泰醫療社團法人安泰醫院,3,1.0000,31.0000,30,3.23%,4,70.3333,10%,3,10013,10013030
2019年上半年度,0943030019,安泰醫療社團法人安泰醫院,3,0.0000,9.0000,9,0%,3,68.4444,11.11%,1,10013,10013030
2019年全年度,0943030019,安泰醫療社團法人安泰醫院,3,0.0000,25.0000,25,0%,4,67.8000,16%,4,10013,10013030
2020年上半年度,0943030019,安泰醫療社團法人安泰醫院,3,0.0000,22.0000,22,0%,2,66.3181,31.82%,7,10013,10013030
2020年全年度,0943030019,安泰醫療社團法人安泰醫院,3,0.0000,69.0000,64,0%,2,65.4062,21.88%,14,10013,10013030
2021年上半年度,0943030019,安泰醫療社團法人安泰醫院,3,0.0000,19.0000,19,0%,2,66.2105,10.53%,2,10013,10013030
2021年全年度,0943030019,安泰醫療社團法人安泰醫院,3,0.0000,56.0000,53,0%,3,67.5283,9.43%,5,10013,10013030
2022年上半年度,0943030019,安泰醫療社團法人安泰醫院,3,0.0000,32.0000,31,0%,3,64.5483,19.35%,6,10013,10013030
2022年全年度,0943030019,安泰醫療社團法人安泰醫院,3,0.0000,79.0000,76,0%,5,65.9210,17.11%,13,10013,10013030
2023年上半年度,0943030019,安泰醫療社團法人安泰醫院,3,0.0000,43.0000,43,0%,1,65.2790,6.98%,3,10013,10013030
2023年全年度,0943030019,安泰醫療社團法人安泰醫院,3,1.0000,93.0000,92,1.08%,3,66.4782,10.87%,10,10013,10013030
2024年上半年度,0943030019,安泰醫療社團法人安泰醫院,3,1.0000,44.0000,43,2.27%,3,69.5581,13.95%,6,10013,10013030
2024年全年度,0943030019,安泰醫療社團法人安泰醫院,3,1.0000,88.0000,85,1.14%,3,68.6000,12.94%,11,10013,10013030
2025年上半年度,0943030019,安泰醫療社團法人安泰醫院,3,0.0000,35.0000,34,0%,3,69.6176,11.76%,4,10013,10013030
2016年全年度,0943040015,南門醫療社團法人南門醫院,3,0.0000,1.0000,1,0%,1,81.0000,100%,1,10013,10013040
2017年上半年度,0943040015,南門醫療社團法人南門醫院,3,0.0000,1.0000,1,0%,1,84.0000,0%,0,10013,10013040
2017年全年度,0943040015,南門醫療社團法人南門醫院,3,0.0000,4.0000,3,0%,1,76.3333,0%,0,10013,10013040
2018年上半年度,0943040015,南門醫療社團法人南門醫院,3,0.0000,1.0000,1,0%,1,64.0000,0%,0,10013,10013040
2018年全年度,0943040015,南門醫療社團法人南門醫院,3,0.0000,3.0000,3,0%,1,70.0000,0%,0,10013,10013040
2020年全年度,0943040015,南門醫療社團法人南門醫院,3,0.0000,5.0000,5,0%,2,71.0000,0%,0,10013,10013040
2021年上半年度,0943040015,南門醫療社團法人南門醫院,3,0.0000,7.0000,7,0%,1,70.5714,14.29%,1,10013,10013040
2021年全年度,0943040015,南門醫療社團法人南門醫院,3,0.0000,10.0000,10,0%,1,68.4000,20%,2,10013,10013040
2022年上半年度,0943040015,南門醫療社團法人南門醫院,3,0.0000,4.0000,4,0%,2,65.2500,25%,1,10013,10013040
2022年全年度,0943040015,南門醫療社團法人南門醫院,3,0.0000,6.0000,6,0%,3,68.6666,16.67%,1,10013,10013040
2023年全年度,0943040015,南門醫療社團法人南門醫院,3,0.0000,3.0000,3,0%,2,70.0000,0%,0,10013,10013040
2024年全年度,0943040015,南門醫療社團法人南門醫院,3,0.0000,1.0000,1,0%,1,79.0000,100%,1,10013,10013040
2025年上半年度,0943040015,南門醫療社團法人南門醫院,3,0.0000,7.0000,6,0%,1,69.1666,33.33%,2,10013,10013040
2014年全年度,0943160012,枋寮醫療社團法人枋寮醫院,3,1.0000,54.0000,49,1.85%,1,67.3265,14.29%,7,10013,10013160
2015年上半年度,0943160012,枋寮醫療社團法人枋寮醫院,3,0.0000,16.0000,16,0%,1,66.8750,0%,0,10013,10013160
2015年全年度,0943160012,枋寮醫療社團法人枋寮醫院,3,0.0000,39.0000,38,0%,1,67.6578,5.26%,2,10013,10013160
2016年上半年度,0943160012,枋寮醫療社團法人枋寮醫院,3,0.0000,26.0000,26,0%,1,66.4615,11.54%,3,10013,10013160
2016年全年度,0943160012,枋寮醫療社團法人枋寮醫院,3,0.0000,44.0000,42,0%,1,66.7142,11.9%,5,10013,10013160
2017年上半年度,0943160012,枋寮醫療社團法人枋寮醫院,3,0.0000,22.0000,22,0%,1,69.7272,0%,0,10013,10013160
2017年全年度,0943160012,枋寮醫療社團法人枋寮醫院,3,0.0000,52.0000,50,0%,2,69.5800,6%,3,10013,10013160
2018年上半年度,0943160012,枋寮醫療社團法人枋寮醫院,3,0.0000,22.0000,22,0%,1,71.7272,9.09%,2,10013,10013160
2018年全年度,0943160012,枋寮醫療社團法人枋寮醫院,3,0.0000,49.0000,47,0%,1,71.3617,8.51%,4,10013,10013160
2019年上半年度,0943160012,枋寮醫療社團法人枋寮醫院,3,0.0000,30.0000,30,0%,1,67.9000,6.67%,2,10013,10013160
2019年全年度,0943160012,枋寮醫療社團法人枋寮醫院,3,0.0000,67.0000,66,0%,2,68.8181,13.64%,9,10013,10013160
2020年上半年度,0943160012,枋寮醫療社團法人枋寮醫院,3,0.0000,23.0000,23,0%,2,65.1739,0%,0,10013,10013160
2020年全年度,0943160012,枋寮醫療社團法人枋寮醫院,3,0.0000,50.0000,48,0%,3,70.3541,2.08%,1,10013,10013160
2021年上半年度,0943160012,枋寮醫療社團法人枋寮醫院,3,0.0000,17.0000,16,0%,2,69.3750,12.5%,2,10013,10013160
2021年全年度,0943160012,枋寮醫療社團法人枋寮醫院,3,0.0000,46.0000,44,0%,3,70.6136,9.09%,4,10013,10013160
2022年上半年度,0943160012,枋寮醫療社團法人枋寮醫院,3,0.0000,22.0000,22,0%,3,70.4090,13.64%,3,10013,10013160
2022年全年度,0943160012,枋寮醫療社團法人枋寮醫院,3,0.0000,50.0000,48,0%,3,70.0833,6.25%,3,10013,10013160
2023年上半年度,0943160012,枋寮醫療社團法人枋寮醫院,3,0.0000,21.0000,21,0%,2,71.5714,9.52%,2,10013,10013160
2023年全年度,0943160012,枋寮醫療社團法人枋寮醫院,3,0.0000,63.0000,60,0%,2,69.7000,10%,6,10013,10013160
2024年上半年度,0943160012,枋寮醫療社團法人枋寮醫院,3,0.0000,32.0000,31,0%,2,70.8387,6.45%,2,10013,10013160
2024年全年度,0943160012,枋寮醫療社團法人枋寮醫院,3,0.0000,72.0000,68,0%,2,70.3382,8.82%,6,10013,10013160
2025年上半年度,0943160012,枋寮醫療社團法人枋寮醫院,3,0.0000,36.0000,36,0%,2,70.9722,19.44%,7,10013,10013160
2011年上半年度,1101010021,基督復臨安息日會醫療財團法人臺安醫院,2,2,52,52,3.84%,4,71.4615,19.23%,10,63000,63000010
2011年全年度,1101010021,基督復臨安息日會醫療財團法人臺安醫院,2,2,118,117,1.69%,5,72.6495,17.09%,20,63000,63000010
2012年上半年度,1101010021,基督復臨安息日會醫療財團法人臺安醫院,2,0,67,66,0%,6,74.2121,13.63%,9,63000,63000010
2012年全年度,1101010021,基督復臨安息日會醫療財團法人臺安醫院,2,0,151,150,0%,7,73.1866,15.33%,23,63000,63000010
2013年上半年度,1101010021,基督復臨安息日會醫療財團法人臺安醫院,2,0,93,93,0%,6,71.9784,10.75%,10,63000,63000010
2013年全年度,1101010021,基督復臨安息日會醫療財團法人臺安醫院,2,0,178,178,0%,6,72.5898,14.04%,25,63000,63000010
2014年上半年度,1101010021,基督復臨安息日會醫療財團法人臺安醫院,2,0,70,70,0%,4,71.2857,8.57%,6,63000,63000010
2014年全年度,1101010021,基督復臨安息日會醫療財團法人臺安醫院,2,1.0000,149.0000,147,0.67%,4,71.1700,12.93%,19,63000,63000010
2015年上半年度,1101010021,基督復臨安息日會醫療財團法人臺安醫院,2,0.0000,65.0000,64,0%,4,72.7343,17.19%,11,63000,63000010
2015年全年度,1101010021,基督復臨安息日會醫療財團法人臺安醫院,2,1.0000,123.0000,122,0.81%,4,73.4016,16.39%,20,63000,63000010
2016年上半年度,1101010021,基督復臨安息日會醫療財團法人臺安醫院,2,0.0000,79.0000,78,0%,4,72.1282,16.67%,13,63000,63000010
2016年全年度,1101010021,基督復臨安息日會醫療財團法人臺安醫院,2,0.0000,168.0000,164,0%,5,71.8231,14.63%,24,63000,63000010
2017年上半年度,1101010021,基督復臨安息日會醫療財團法人臺安醫院,2,0.0000,82.0000,81,0%,5,71.5061,13.58%,11,63000,63000010
2017年全年度,1101010021,基督復臨安息日會醫療財團法人臺安醫院,2,0.0000,173.0000,167,0%,7,71.9401,14.97%,25,63000,63000010
2018年上半年度,1101010021,基督復臨安息日會醫療財團法人臺安醫院,2,1.0000,68.0000,68,1.47%,6,72.2794,8.82%,6,63000,63000010
2018年全年度,1101010021,基督復臨安息日會醫療財團法人臺安醫院,2,1.0000,137.0000,135,0.73%,6,73.0518,13.33%,18,63000,63000010
2019年上半年度,1101010021,基督復臨安息日會醫療財團法人臺安醫院,2,0.0000,73.0000,73,0%,6,72.3972,10.96%,8,63000,63000010
2019年全年度,1101010021,基督復臨安息日會醫療財團法人臺安醫院,2,0.0000,144.0000,142,0%,8,71.9647,11.27%,16,63000,63000010
2020年上半年度,1101010021,基督復臨安息日會醫療財團法人臺安醫院,2,0.0000,46.0000,45,0%,6,74.5111,17.78%,8,63000,63000010
2020年全年度,1101010021,基督復臨安息日會醫療財團法人臺安醫院,2,1.0000,129.0000,125,0.78%,7,73.3760,15.2%,19,63000,63000010
2021年上半年度,1101010021,基督復臨安息日會醫療財團法人臺安醫院,2,0.0000,37.0000,37,0%,4,72.6486,5.41%,2,63000,63000010
2021年全年度,1101010021,基督復臨安息日會醫療財團法人臺安醫院,2,0.0000,89.0000,89,0%,4,72.4382,8.99%,8,63000,63000010
2022年上半年度,1101010021,基督復臨安息日會醫療財團法人臺安醫院,2,0.0000,46.0000,46,0%,6,70.1304,8.7%,4,63000,63000010
2022年全年度,1101010021,基督復臨安息日會醫療財團法人臺安醫院,2,0.0000,119.0000,115,0%,6,71.8956,11.3%,13,63000,63000010
2023年上半年度,1101010021,基督復臨安息日會醫療財團法人臺安醫院,2,0.0000,73.0000,73,0%,7,72.1506,12.33%,9,63000,63000010
2023年全年度,1101010021,基督復臨安息日會醫療財團法人臺安醫院,2,0.0000,129.0000,126,0%,7,73.3412,11.9%,15,63000,63000010
2024年上半年度,1101010021,基督復臨安息日會醫療財團法人臺安醫院,2,0.0000,71.0000,70,0%,6,74.5285,10%,7,63000,63000010
2024年全年度,1101010021,基督復臨安息日會醫療財團法人臺安醫院,2,0.0000,122.0000,120,0%,6,74.1416,12.5%,15,63000,63000010
2025年上半年度,1101010021,基督復臨安息日會醫療財團法人臺安醫院,2,0.0000,53.0000,52,0%,6,74.9615,9.62%,5,63000,63000010
2006年全年度,1101010021,基督復臨安息日會醫療財團法人臺安醫院,2,0,50,47,0%,4,70.8723,8.51%,4,63000,63000010
2007年全年度,1101010021,基督復臨安息日會醫療財團法人臺安醫院,2,0,74,72,0%,5,68.8472,5.55%,4,63000,63000010
2008年全年度,1101010021,基督復臨安息日會醫療財團法人臺安醫院,2,0,91,90,0%,8,68.7555,3.33%,3,63000,63000010
2009年全年度,1101010021,基督復臨安息日會醫療財團法人臺安醫院,2,1,85,83,1.17%,5,69.7951,16.86%,14,63000,63000010
2010年全年度,1101010021,基督復臨安息日會醫療財團法人臺安醫院,2,0,153,148,0%,7,70.3581,13.51%,20,63000,63000010
2011年上半年度,1101020018,國泰醫療財團法人國泰綜合醫院,1,0,55,53,0%,7,73.0943,15.09%,8,63000,63000030
2011年全年度,1101020018,國泰醫療財團法人國泰綜合醫院,1,1,107,98,0.93%,8,72.3061,11.22%,11,63000,63000030
2012年上半年度,1101020018,國泰醫療財團法人國泰綜合醫院,1,0,33,33,0%,6,69.5757,6.06%,2,63000,63000030
2012年全年度,1101020018,國泰醫療財團法人國泰綜合醫院,1,0,88,81,0%,8,70.3086,14.81%,12,63000,63000030
2013年上半年度,1101020018,國泰醫療財團法人國泰綜合醫院,1,0,46,43,0%,6,71.5348,2.33%,1,63000,63000030
2013年全年度,1101020018,國泰醫療財團法人國泰綜合醫院,1,0,100,89,0%,7,71.4157,5.62%,5,63000,63000030
2014年上半年度,1101020018,國泰醫療財團法人國泰綜合醫院,1,0,47,44,0%,5,72.0454,20.45%,9,63000,63000030
2014年全年度,1101020018,國泰醫療財團法人國泰綜合醫院,1,0.0000,89.0000,83,0%,7,72.9277,16.87%,14,63000,63000030
2015年上半年度,1101020018,國泰醫療財團法人國泰綜合醫院,1,0.0000,24.0000,24,0%,6,70.2083,4.17%,1,63000,63000030
2015年全年度,1101020018,國泰醫療財團法人國泰綜合醫院,1,0.0000,80.0000,71,0%,7,71.7042,16.9%,12,63000,63000030
2016年上半年度,1101020018,國泰醫療財團法人國泰綜合醫院,1,0.0000,49.0000,47,0%,7,71.5106,14.89%,7,63000,63000030
2016年全年度,1101020018,國泰醫療財團法人國泰綜合醫院,1,0.0000,103.0000,98,0%,7,72.1122,15.31%,15,63000,63000030
2017年上半年度,1101020018,國泰醫療財團法人國泰綜合醫院,1,0.0000,42.0000,41,0%,6,71.6097,21.95%,9,63000,63000030
2017年全年度,1101020018,國泰醫療財團法人國泰綜合醫院,1,0.0000,83.0000,78,0%,8,72.2435,17.95%,14,63000,63000030
2018年上半年度,1101020018,國泰醫療財團法人國泰綜合醫院,1,0.0000,36.0000,36,0%,4,72.4166,25%,9,63000,63000030
2018年全年度,1101020018,國泰醫療財團法人國泰綜合醫院,1,1.0000,74.0000,72,1.35%,5,72.4027,20.83%,15,63000,63000030
2019年上半年度,1101020018,國泰醫療財團法人國泰綜合醫院,1,0.0000,31.0000,29,0%,5,73.5517,24.14%,7,63000,63000030
2019年全年度,1101020018,國泰醫療財團法人國泰綜合醫院,1,0.0000,52.0000,47,0%,5,72.7234,25.53%,12,63000,63000030
2020年上半年度,1101020018,國泰醫療財團法人國泰綜合醫院,1,0.0000,16.0000,16,0%,6,74.1250,12.5%,2,63000,63000030
2020年全年度,1101020018,國泰醫療財團法人國泰綜合醫院,1,0.0000,53.0000,49,0%,6,74.1428,18.37%,9,63000,63000030
2021年上半年度,1101020018,國泰醫療財團法人國泰綜合醫院,1,0.0000,18.0000,17,0%,4,72.5882,5.88%,1,63000,63000030
2021年全年度,1101020018,國泰醫療財團法人國泰綜合醫院,1,0.0000,35.0000,32,0%,5,73.6875,15.63%,5,63000,63000030
2022年上半年度,1101020018,國泰醫療財團法人國泰綜合醫院,1,0.0000,19.0000,19,0%,5,72.2105,26.32%,5,63000,63000030
2022年全年度,1101020018,國泰醫療財團法人國泰綜合醫院,1,0.0000,44.0000,42,0%,5,72.9285,19.05%,8,63000,63000030
2023年上半年度,1101020018,國泰醫療財團法人國泰綜合醫院,1,0.0000,23.0000,23,0%,4,72.6521,17.39%,4,63000,63000030
2023年全年度,1101020018,國泰醫療財團法人國泰綜合醫院,1,0.0000,60.0000,58,0%,4,70.8965,17.24%,10,63000,63000030
2024年上半年度,1101020018,國泰醫療財團法人國泰綜合醫院,1,0.0000,30.0000,29,0%,5,71.9310,13.79%,4,63000,63000030
2024年全年度,1101020018,國泰醫療財團法人國泰綜合醫院,1,0.0000,71.0000,66,0%,5,72.7424,13.64%,9,63000,63000030
2025年上半年度,1101020018,國泰醫療財團法人國泰綜合醫院,1,0.0000,47.0000,46,0%,6,73.6304,13.04%,6,63000,63000030
2006年全年度,1101020018,國泰醫療財團法人國泰綜合醫院,1,1,77,70,1.29%,9,69.7,17.14%,12,63000,63000030
2007年全年度,1101020018,國泰醫療財團法人國泰綜合醫院,1,1,106,101,0.94%,8,71.3762,7.92%,8,63000,63000030
2008年全年度,1101020018,國泰醫療財團法人國泰綜合醫院,1,0,100,96,0%,6,73.3437,8.33%,8,63000,63000030
2009年全年度,1101020018,國泰醫療財團法人國泰綜合醫院,1,0,110,103,0%,11,71.932,8.73%,9,63000,63000030
2010年全年度,1101020018,國泰醫療財團法人國泰綜合醫院,1,0,87,80,0%,8,70.4,15%,12,63000,63000030
2011年上半年度,1101020027,中心診所醫療財團法人中心綜合醫院,3,0,8,8,0%,2,67.625,12.50%,1,63000,63000030
2011年全年度,1101020027,中心診所醫療財團法人中心綜合醫院,3,0,14,14,0%,3,69.7142,7.14%,1,63000,63000030
2012年上半年度,1101020027,中心診所醫療財團法人中心綜合醫院,3,0,9,9,0%,2,70.1111,0%,0,63000,63000030
2012年全年度,1101020027,中心診所醫療財團法人中心綜合醫院,3,0,16,16,0%,2,69.8125,0%,0,63000,63000030
2013年上半年度,1101020027,中心診所醫療財團法人中心綜合醫院,3,1,6,6,16.67%,1,70.6666,0%,0,63000,63000030
2013年全年度,1101020027,中心診所醫療財團法人中心綜合醫院,3,1,16,16,6.25%,2,72.4375,6.25%,1,63000,63000030
2014年上半年度,1101020027,中心診所醫療財團法人中心綜合醫院,3,0,6,6,0%,3,74,16.67%,1,63000,63000030
2014年全年度,1101020027,中心診所醫療財團法人中心綜合醫院,3,0.0000,7.0000,7,0%,3,75.2857,14.29%,1,63000,63000030
2015年上半年度,1101020027,中心診所醫療財團法人中心綜合醫院,3,0.0000,5.0000,5,0%,4,66.4000,0%,0,63000,63000030
2015年全年度,1101020027,中心診所醫療財團法人中心綜合醫院,3,0.0000,9.0000,9,0%,4,68.6666,0%,0,63000,63000030
2016年上半年度,1101020027,中心診所醫療財團法人中心綜合醫院,3,0.0000,6.0000,6,0%,3,71.5000,0%,0,63000,63000030
2016年全年度,1101020027,中心診所醫療財團法人中心綜合醫院,3,0.0000,14.0000,13,0%,4,73.9230,7.69%,1,63000,63000030
2017年上半年度,1101020027,中心診所醫療財團法人中心綜合醫院,3,0.0000,7.0000,7,0%,4,70.2857,0%,0,63000,63000030
2017年全年度,1101020027,中心診所醫療財團法人中心綜合醫院,3,0.0000,16.0000,16,0%,5,71.6875,0%,0,63000,63000030
2018年上半年度,1101020027,中心診所醫療財團法人中心綜合醫院,3,0.0000,5.0000,5,0%,2,74.2000,40%,2,63000,63000030
2018年全年度,1101020027,中心診所醫療財團法人中心綜合醫院,3,0.0000,12.0000,12,0%,3,70.0000,25%,3,63000,63000030
2019年上半年度,1101020027,中心診所醫療財團法人中心綜合醫院,3,0.0000,9.0000,9,0%,3,71.7777,0%,0,63000,63000030
2019年全年度,1101020027,中心診所醫療財團法人中心綜合醫院,3,0.0000,15.0000,15,0%,4,70.4000,0%,0,63000,63000030
2020年上半年度,1101020027,中心診所醫療財團法人中心綜合醫院,3,0.0000,5.0000,5,0%,4,69.2000,40%,2,63000,63000030
2020年全年度,1101020027,中心診所醫療財團法人中心綜合醫院,3,0.0000,15.0000,15,0%,5,68.8666,20%,3,63000,63000030
2021年上半年度,1101020027,中心診所醫療財團法人中心綜合醫院,3,0.0000,8.0000,8,0%,3,68.8750,37.5%,3,63000,63000030
2021年全年度,1101020027,中心診所醫療財團法人中心綜合醫院,3,0.0000,16.0000,16,0%,4,72.3750,25%,4,63000,63000030
2022年上半年度,1101020027,中心診所醫療財團法人中心綜合醫院,3,0.0000,8.0000,8,0%,4,73.7500,12.5%,1,63000,63000030
2022年全年度,1101020027,中心診所醫療財團法人中心綜合醫院,3,0.0000,14.0000,14,0%,5,72.5000,7.14%,1,63000,63000030
2023年上半年度,1101020027,中心診所醫療財團法人中心綜合醫院,3,0.0000,8.0000,8,0%,4,69.2500,0%,0,63000,63000030
2023年全年度,1101020027,中心診所醫療財團法人中心綜合醫院,3,0.0000,16.0000,14,0%,4,69.4285,14.29%,2,63000,63000030
2024年上半年度,1101020027,中心診所醫療財團法人中心綜合醫院,3,0.0000,13.0000,13,0%,4,70.2307,7.69%,1,63000,63000030
2024年全年度,1101020027,中心診所醫療財團法人中心綜合醫院,3,0.0000,28.0000,27,0%,6,68.3703,11.11%,3,63000,63000030
2025年上半年度,1101020027,中心診所醫療財團法人中心綜合醫院,3,0.0000,9.0000,9,0%,4,71.3333,22.22%,2,63000,63000030
2006年全年度,1101020027,中心診所醫療財團法人中心綜合醫院,3,1,17,16,5.88%,5,71.0625,0%,0,63000,63000030
2007年全年度,1101020027,中心診所醫療財團法人中心綜合醫院,3,0,22,22,0%,5,73.6818,9.09%,2,63000,63000030
2008年全年度,1101020027,中心診所醫療財團法人中心綜合醫院,3,0,12,12,0%,2,73.5833,16.66%,2,63000,63000030
2009年全年度,1101020027,中心診所醫療財團法人中心綜合醫院,3,0,11,11,0%,4,71.6363,9.09%,1,63000,63000030
2010年全年度,1101020027,中心診所醫療財團法人中心綜合醫院,3,0,18,17,0%,4,72.3529,11.76%,2,63000,63000030
2011年全年度,1101020036,宏恩醫療財團法人宏恩綜合醫院,3,0,1,1,0%,1,60,0%,0,63000,63000030
2013年全年度,1101020036,宏恩醫療財團法人宏恩綜合醫院,3,0,1,1,0%,1,77,0%,0,63000,63000030
2022年上半年度,1101020036,宏恩醫療財團法人宏恩綜合醫院,3,0.0000,2.0000,2,0%,2,77.0000,0%,0,63000,63000030
2022年全年度,1101020036,宏恩醫療財團法人宏恩綜合醫院,3,0.0000,3.0000,3,0%,2,73.3333,0%,0,63000,63000030
2023年上半年度,1101020036,宏恩醫療財團法人宏恩綜合醫院,3,0.0000,3.0000,3,0%,1,69.6666,0%,0,63000,63000030
2023年全年度,1101020036,宏恩醫療財團法人宏恩綜合醫院,3,0.0000,7.0000,7,0%,1,71.8571,14.29%,1,63000,63000030
2024年上半年度,1101020036,宏恩醫療財團法人宏恩綜合醫院,3,0.0000,7.0000,7,0%,2,76.4285,0%,0,63000,63000030
2024年全年度,1101020036,宏恩醫療財團法人宏恩綜合醫院,3,0.0000,11.0000,11,0%,3,76.5454,0%,0,63000,63000030
2025年上半年度,1101020036,宏恩醫療財團法人宏恩綜合醫院,3,0.0000,1.0000,1,0%,1,62.0000,0%,0,63000,63000030
2006年全年度,1101020036,宏恩醫療財團法人宏恩綜合醫院,3,0,1,1,0%,1,53,0%,0,63000,63000030
2007年全年度,1101020036,宏恩醫療財團法人宏恩綜合醫院,3,0,2,2,0%,2,74.5,0%,0,63000,63000030
2009年全年度,1101020036,宏恩醫療財團法人宏恩綜合醫院,3,0,5,5,0%,1,66.6,0%,0,63000,63000030
2011年上半年度,1101100011,台灣基督長老教會馬偕醫療財團法人馬偕紀念醫院,1,1,130,125,0.76%,12,69.608,12%,15,63000,63000040
2011年全年度,1101100011,台灣基督長老教會馬偕醫療財團法人馬偕紀念醫院,1,1,286,263,0.34%,12,70.076,12.54%,33,63000,63000040
2012年上半年度,1101100011,台灣基督長老教會馬偕醫療財團法人馬偕紀念醫院,1,0,121,118,0%,8,70.8644,11.01%,13,63000,63000040
2012年全年度,1101100011,台灣基督長老教會馬偕醫療財團法人馬偕紀念醫院,1,0,289,267,0%,9,70.8464,11.99%,32,63000,63000040
2013年上半年度,1101100011,台灣基督長老教會馬偕醫療財團法人馬偕紀念醫院,1,0,115,112,0%,7,69.6964,11.61%,13,63000,63000040
2013年全年度,1101100011,台灣基督長老教會馬偕醫療財團法人馬偕紀念醫院,1,1,236,225,0.42%,8,70.0711,12%,27,63000,63000040
2014年上半年度,1101100011,台灣基督長老教會馬偕醫療財團法人馬偕紀念醫院,1,1,102,98,0.98%,11,70.1938,13.27%,13,63000,63000040
2014年全年度,1101100011,台灣基督長老教會馬偕醫療財團法人馬偕紀念醫院,1,1.0000,230.0000,219,0.43%,13,70.8082,13.7%,30,63000,63000040
2015年上半年度,1101100011,台灣基督長老教會馬偕醫療財團法人馬偕紀念醫院,1,0.0000,115.0000,113,0%,13,70.8318,21.24%,24,63000,63000040
2015年全年度,1101100011,台灣基督長老教會馬偕醫療財團法人馬偕紀念醫院,1,2.0000,224.0000,215,0.89%,14,70.3906,15.81%,34,63000,63000040
2016年上半年度,1101100011,台灣基督長老教會馬偕醫療財團法人馬偕紀念醫院,1,0.0000,99.0000,98,0%,11,70.7653,13.27%,13,63000,63000040
2016年全年度,1101100011,台灣基督長老教會馬偕醫療財團法人馬偕紀念醫院,1,1.0000,254.0000,239,0.39%,14,70.5313,12.97%,31,63000,63000040
2017年上半年度,1101100011,台灣基督長老教會馬偕醫療財團法人馬偕紀念醫院,1,1.0000,102.0000,102,0.98%,13,70.0882,10.78%,11,63000,63000040
2017年全年度,1101100011,台灣基督長老教會馬偕醫療財團法人馬偕紀念醫院,1,1.0000,218.0000,211,0.46%,16,70.4597,13.27%,28,63000,63000040
2018年上半年度,1101100011,台灣基督長老教會馬偕醫療財團法人馬偕紀念醫院,1,0.0000,99.0000,96,0%,12,71.1875,16.67%,16,63000,63000040
2018年全年度,1101100011,台灣基督長老教會馬偕醫療財團法人馬偕紀念醫院,1,2.0000,226.0000,216,0.88%,15,71.1342,13.43%,29,63000,63000040
2019年上半年度,1101100011,台灣基督長老教會馬偕醫療財團法人馬偕紀念醫院,1,0.0000,116.0000,115,0%,16,70.8000,21.74%,25,63000,63000040
2019年全年度,1101100011,台灣基督長老教會馬偕醫療財團法人馬偕紀念醫院,1,0.0000,258.0000,247,0%,17,70.9878,17%,42,63000,63000040
2020年上半年度,1101100011,台灣基督長老教會馬偕醫療財團法人馬偕紀念醫院,1,0.0000,97.0000,92,0%,14,69.7826,19.57%,18,63000,63000040
2020年全年度,1101100011,台灣基督長老教會馬偕醫療財團法人馬偕紀念醫院,1,0.0000,252.0000,233,0%,17,69.9055,15.02%,35,63000,63000040
2021年上半年度,1101100011,台灣基督長老教會馬偕醫療財團法人馬偕紀念醫院,1,0.0000,81.0000,80,0%,17,70.3625,16.25%,13,63000,63000040
2021年全年度,1101100011,台灣基督長老教會馬偕醫療財團法人馬偕紀念醫院,1,0.0000,210.0000,193,0%,19,70.3212,16.58%,32,63000,63000040
2022年上半年度,1101100011,台灣基督長老教會馬偕醫療財團法人馬偕紀念醫院,1,0.0000,95.0000,92,0%,14,68.4565,16.3%,15,63000,63000040
2022年全年度,1101100011,台灣基督長老教會馬偕醫療財團法人馬偕紀念醫院,1,1.0000,236.0000,224,0.42%,17,70.6250,15.18%,34,63000,63000040
2023年上半年度,1101100011,台灣基督長老教會馬偕醫療財團法人馬偕紀念醫院,1,1.0000,143.0000,138,.7%,17,71.6739,21.01%,29,63000,63000040
2023年全年度,1101100011,台灣基督長老教會馬偕醫療財團法人馬偕紀念醫院,1,1.0000,299.0000,281,.33%,18,71.4163,19.22%,54,63000,63000040
2024年上半年度,1101100011,台灣基督長老教會馬偕醫療財團法人馬偕紀念醫院,1,0.0000,187.0000,184,0%,18,71.6793,16.85%,31,63000,63000040
2024年全年度,1101100011,台灣基督長老教會馬偕醫療財團法人馬偕紀念醫院,1,0.0000,375.0000,347,0%,19,71.1152,14.99%,52,63000,63000040
2025年上半年度,1101100011,台灣基督長老教會馬偕醫療財團法人馬偕紀念醫院,1,0.0000,158.0000,153,0%,14,71.0261,16.99%,26,63000,63000040
2006年全年度,1101100011,台灣基督長老教會馬偕醫療財團法人馬偕紀念醫院,1,1,223,207,0.44%,10,69.8695,12.07%,25,63000,63000040
2007年全年度,1101100011,台灣基督長老教會馬偕醫療財團法人馬偕紀念醫院,1,1,239,230,0.41%,11,70.5217,9.56%,22,63000,63000040
2008年全年度,1101100011,台灣基督長老教會馬偕醫療財團法人馬偕紀念醫院,1,1,267,250,0.37%,11,69.42,8.40%,21,63000,63000040
2009年全年度,1101100011,台灣基督長老教會馬偕醫療財團法人馬偕紀念醫院,1,0,298,280,0%,12,70.7071,12.14%,34,63000,63000040
2010年全年度,1101100011,台灣基督長老教會馬偕醫療財團法人馬偕紀念醫院,1,0,244,227,0%,10,71.577,9.25%,21,63000,63000040
2011年上半年度,1101110026,康寧醫療財團法人康寧醫院,3,0,1,1,0%,1,67,100%,1,63000,63000100
2011年全年度,1101110026,康寧醫療財團法人康寧醫院,3,0,3,3,0%,3,69.6666,33.33%,1,63000,63000100
2012年上半年度,1101110026,康寧醫療財團法人康寧醫院,3,0,4,3,0%,2,71.6666,33.33%,1,63000,63000100
2012年全年度,1101110026,康寧醫療財團法人康寧醫院,3,0,5,4,0%,2,71.25,25%,1,63000,63000100
2013年上半年度,1101110026,康寧醫療財團法人康寧醫院,3,1,2,2,50%,2,70,0%,0,63000,63000100
2013年全年度,1101110026,康寧醫療財團法人康寧醫院,3,1,6,5,16.67%,3,71.2,0%,0,63000,63000100
2014年上半年度,1101110026,康寧醫療財團法人康寧醫院,3,0,3,3,0%,2,77.3333,33.33%,1,63000,63000100
2014年全年度,1101110026,康寧醫療財團法人康寧醫院,3,0.0000,4.0000,4,0%,2,73.5000,25%,1,63000,63000100
2015年上半年度,1101110026,康寧醫療財團法人康寧醫院,3,0.0000,1.0000,1,0%,1,63.0000,0%,0,63000,63000100
2015年全年度,1101110026,康寧醫療財團法人康寧醫院,3,0.0000,2.0000,2,0%,1,66.0000,0%,0,63000,63000100
2016年上半年度,1101110026,康寧醫療財團法人康寧醫院,3,0.0000,2.0000,2,0%,1,67.5000,50%,1,63000,63000100
2016年全年度,1101110026,康寧醫療財團法人康寧醫院,3,0.0000,54.0000,53,0%,3,70.2264,9.43%,5,63000,63000100
2017年上半年度,1101110026,康寧醫療財團法人康寧醫院,3,1.0000,43.0000,42,2.33%,2,70.0714,4.76%,2,63000,63000100
2017年全年度,1101110026,康寧醫療財團法人康寧醫院,3,3.0000,95.0000,90,3.16%,3,70.3111,12.22%,11,63000,63000100
2018年上半年度,1101110026,康寧醫療財團法人康寧醫院,3,1.0000,39.0000,38,2.56%,3,70.4210,18.42%,7,63000,63000100
2018年全年度,1101110026,康寧醫療財團法人康寧醫院,3,1.0000,80.0000,76,1.25%,4,70.7236,11.84%,9,63000,63000100
2019年上半年度,1101110026,康寧醫療財團法人康寧醫院,3,0.0000,21.0000,20,0%,3,70.2500,5%,1,63000,63000100
2019年全年度,1101110026,康寧醫療財團法人康寧醫院,3,1.0000,49.0000,48,2.04%,3,69.7916,4.17%,2,63000,63000100
2020年上半年度,1101110026,康寧醫療財團法人康寧醫院,3,0.0000,21.0000,21,0%,2,70.3809,28.57%,6,63000,63000100
2020年全年度,1101110026,康寧醫療財團法人康寧醫院,3,0.0000,25.0000,25,0%,2,71.0000,24%,6,63000,63000100
2021年上半年度,1101110026,康寧醫療財團法人康寧醫院,3,0.0000,9.0000,9,0%,1,71.0000,33.33%,3,63000,63000100
2021年全年度,1101110026,康寧醫療財團法人康寧醫院,3,0.0000,13.0000,11,0%,1,71.0909,27.27%,3,63000,63000100
2022年上半年度,1101110026,康寧醫療財團法人康寧醫院,3,0.0000,2.0000,2,0%,1,71.0000,0%,0,63000,63000100
2022年全年度,1101110026,康寧醫療財團法人康寧醫院,3,0.0000,12.0000,11,0%,2,72.0000,9.09%,1,63000,63000100
2023年上半年度,1101110026,康寧醫療財團法人康寧醫院,3,0.0000,3.0000,3,0%,1,72.0000,33.33%,1,63000,63000100
2023年全年度,1101110026,康寧醫療財團法人康寧醫院,3,0.0000,13.0000,13,0%,1,72.4615,7.69%,1,63000,63000100
2024年上半年度,1101110026,康寧醫療財團法人康寧醫院,3,0.0000,8.0000,8,0%,1,76.3750,0%,0,63000,63000100
2024年全年度,1101110026,康寧醫療財團法人康寧醫院,3,0.0000,11.0000,11,0%,1,75.5454,0%,0,63000,63000100
2025年上半年度,1101110026,康寧醫療財團法人康寧醫院,3,0.0000,9.0000,9,0%,1,74.3333,11.11%,1,63000,63000100
2006年全年度,1101110026,康寧醫療財團法人康寧醫院,3,0,3,3,0%,1,72.3333,0%,0,63000,63000100
2008年全年度,1101110026,康寧醫療財團法人康寧醫院,3,0,1,1,0%,1,66,0%,0,63000,63000100
2010年全年度,1101110026,康寧醫療財團法人康寧醫院,3,0,2,1,0%,1,71,100%,1,63000,63000100
2011年上半年度,1101150011,新光醫療財團法人新光吳火獅紀念醫院,1,2,62,61,3.22%,8,73.0327,13.11%,8,63000,63000110
2011年全年度,1101150011,新光醫療財團法人新光吳火獅紀念醫院,1,3,128,125,2.34%,8,72.368,12.80%,16,63000,63000110
2012年上半年度,1101150011,新光醫療財團法人新光吳火獅紀念醫院,1,0,67,66,0%,9,70.3484,13.63%,9,63000,63000110
2012年全年度,1101150011,新光醫療財團法人新光吳火獅紀念醫院,1,1,159,154,0.63%,9,70.7532,10.39%,16,63000,63000110
2013年上半年度,1101150011,新光醫療財團法人新光吳火獅紀念醫院,1,1,102,102,0.98%,7,72.5588,8.82%,9,63000,63000110
2013年全年度,1101150011,新光醫療財團法人新光吳火獅紀念醫院,1,1,197,191,0.51%,9,70.9685,11.52%,22,63000,63000110
2014年上半年度,1101150011,新光醫療財團法人新光吳火獅紀念醫院,1,1,109,109,0.92%,7,70.5596,7.34%,8,63000,63000110
2014年全年度,1101150011,新光醫療財團法人新光吳火獅紀念醫院,1,2.0000,188.0000,187,1.06%,8,70.3850,9.09%,17,63000,63000110
2015年上半年度,1101150011,新光醫療財團法人新光吳火獅紀念醫院,1,0.0000,77.0000,77,0%,6,70.5974,12.99%,10,63000,63000110
2015年全年度,1101150011,新光醫療財團法人新光吳火獅紀念醫院,1,0.0000,174.0000,170,0%,7,70.4352,12.35%,21,63000,63000110
2016年上半年度,1101150011,新光醫療財團法人新光吳火獅紀念醫院,1,0.0000,77.0000,77,0%,8,72.0389,10.39%,8,63000,63000110
2016年全年度,1101150011,新光醫療財團法人新光吳火獅紀念醫院,1,2.0000,197.0000,190,1.02%,10,72.6105,13.16%,25,63000,63000110
2017年上半年度,1101150011,新光醫療財團法人新光吳火獅紀念醫院,1,1.0000,94.0000,93,1.06%,8,72.2688,7.53%,7,63000,63000110
2017年全年度,1101150011,新光醫療財團法人新光吳火獅紀念醫院,1,2.0000,202.0000,196,0.99%,9,72.2602,10.2%,20,63000,63000110
2018年上半年度,1101150011,新光醫療財團法人新光吳火獅紀念醫院,1,1.0000,84.0000,84,1.19%,10,70.0000,15.48%,13,63000,63000110
2018年全年度,1101150011,新光醫療財團法人新光吳火獅紀念醫院,1,2.0000,171.0000,168,1.17%,11,70.9107,13.1%,22,63000,63000110
2019年上半年度,1101150011,新光醫療財團法人新光吳火獅紀念醫院,1,0.0000,89.0000,89,0%,11,71.7865,16.85%,15,63000,63000110
2019年全年度,1101150011,新光醫療財團法人新光吳火獅紀念醫院,1,0.0000,179.0000,175,0%,12,71.9600,14.29%,25,63000,63000110
2020年上半年度,1101150011,新光醫療財團法人新光吳火獅紀念醫院,1,0.0000,100.0000,97,0%,8,70.5567,14.43%,14,63000,63000110
2020年全年度,1101150011,新光醫療財團法人新光吳火獅紀念醫院,1,0.0000,189.0000,184,0%,10,70.7228,15.22%,28,63000,63000110
2021年上半年度,1101150011,新光醫療財團法人新光吳火獅紀念醫院,1,1.0000,67.0000,66,1.49%,8,71.5454,19.7%,13,63000,63000110
2021年全年度,1101150011,新光醫療財團法人新光吳火獅紀念醫院,1,1.0000,151.0000,150,0.66%,9,71.0533,14.67%,22,63000,63000110
2022年上半年度,1101150011,新光醫療財團法人新光吳火獅紀念醫院,1,0.0000,72.0000,70,0%,8,71.8428,14.29%,10,63000,63000110
2022年全年度,1101150011,新光醫療財團法人新光吳火獅紀念醫院,1,0.0000,174.0000,168,0%,14,71.4285,10.12%,17,63000,63000110
2023年上半年度,1101150011,新光醫療財團法人新光吳火獅紀念醫院,1,0.0000,92.0000,91,0%,10,71.9230,12.09%,11,63000,63000110
2023年全年度,1101150011,新光醫療財團法人新光吳火獅紀念醫院,1,0.0000,178.0000,172,0%,12,71.8895,13.37%,23,63000,63000110
2024年上半年度,1101150011,新光醫療財團法人新光吳火獅紀念醫院,1,1.0000,103.0000,103,.97%,10,70.0000,17.48%,18,63000,63000110
2024年全年度,1101150011,新光醫療財團法人新光吳火獅紀念醫院,1,1.0000,224.0000,220,.45%,12,71.0045,17.73%,39,63000,63000110
2025年上半年度,1101150011,新光醫療財團法人新光吳火獅紀念醫院,1,0.0000,107.0000,106,0%,11,72.6509,21.7%,23,63000,63000110
2006年全年度,1101150011,新光醫療財團法人新光吳火獅紀念醫院,1,1,76,73,1.31%,7,70.0547,8.21%,6,63000,63000110
2007年全年度,1101150011,新光醫療財團法人新光吳火獅紀念醫院,1,1,101,100,0.99%,8,70.07,5%,5,63000,63000110
2008年全年度,1101150011,新光醫療財團法人新光吳火獅紀念醫院,1,1,98,97,1.02%,7,70.7938,14.43%,14,63000,63000110
2009年全年度,1101150011,新光醫療財團法人新光吳火獅紀念醫院,1,0,94,94,0%,6,72.0106,4.25%,4,63000,63000110
2010年全年度,1101150011,新光醫療財團法人新光吳火獅紀念醫院,1,2,122,117,1.63%,7,70.4188,6.83%,8,63000,63000110
2011年上半年度,1101160017,振興醫療財團法人振興醫院,2,0,85,84,0%,7,71.9761,9.52%,8,63000,63000120
2011年全年度,1101160017,振興醫療財團法人振興醫院,2,1,204,197,0.49%,9,71.9492,10.65%,21,63000,63000120
2012年上半年度,1101160017,振興醫療財團法人振興醫院,2,0,89,88,0%,8,72.2386,9.09%,8,63000,63000120
2012年全年度,1101160017,振興醫療財團法人振興醫院,2,1,213,205,0.47%,11,72.0536,10.24%,21,63000,63000120
2013年上半年度,1101160017,振興醫療財團法人振興醫院,2,3,93,93,3.23%,9,71.7849,9.68%,9,63000,63000120
2013年全年度,1101160017,振興醫療財團法人振興醫院,2,5,211,205,2.37%,10,71.839,11.71%,24,63000,63000120
2014年上半年度,1101160017,振興醫療財團法人振興醫院,2,2,97,91,2.06%,9,72.8791,13.19%,12,63000,63000120
2014年全年度,1101160017,振興醫療財團法人振興醫院,2,2.0000,212.0000,201,0.94%,10,72.1044,10.95%,22,63000,63000120
2015年上半年度,1101160017,振興醫療財團法人振興醫院,2,2.0000,124.0000,119,1.61%,9,72.1176,11.76%,14,63000,63000120
2015年全年度,1101160017,振興醫療財團法人振興醫院,2,2.0000,258.0000,241,0.78%,9,71.9253,11.62%,28,63000,63000120
2016年上半年度,1101160017,振興醫療財團法人振興醫院,2,0.0000,148.0000,143,0%,10,70.9860,11.89%,17,63000,63000120
2016年全年度,1101160017,振興醫療財團法人振興醫院,2,0.0000,289.0000,276,0%,11,70.5326,11.96%,33,63000,63000120
2017年上半年度,1101160017,振興醫療財團法人振興醫院,2,1.0000,160.0000,156,0.63%,9,71.1217,12.82%,20,63000,63000120
2017年全年度,1101160017,振興醫療財團法人振興醫院,2,2.0000,318.0000,298,0.63%,10,71.6140,13.42%,40,63000,63000120
2018年上半年度,1101160017,振興醫療財團法人振興醫院,2,3.0000,126.0000,122,2.38%,11,71.5491,13.11%,16,63000,63000120
2018年全年度,1101160017,振興醫療財團法人振興醫院,2,3.0000,259.0000,247,1.16%,11,71.5141,11.74%,29,63000,63000120
2019年上半年度,1101160017,振興醫療財團法人振興醫院,2,0.0000,88.0000,85,0%,10,72.7294,10.59%,9,63000,63000120
2019年全年度,1101160017,振興醫療財團法人振興醫院,2,1.0000,233.0000,220,0.43%,10,72.8409,11.82%,26,63000,63000120
2020年上半年度,1101160017,振興醫療財團法人振興醫院,2,0.0000,100.0000,98,0%,11,70.7448,13.27%,13,63000,63000120
2020年全年度,1101160017,振興醫療財團法人振興醫院,2,0.0000,232.0000,227,0%,12,71.2290,13.22%,30,63000,63000120
2021年上半年度,1101160017,振興醫療財團法人振興醫院,2,1.0000,104.0000,102,0.96%,10,72.8921,17.65%,18,63000,63000120
2021年全年度,1101160017,振興醫療財團法人振興醫院,2,2.0000,205.0000,198,0.98%,11,72.3989,16.67%,33,63000,63000120
2022年上半年度,1101160017,振興醫療財團法人振興醫院,2,0.0000,77.0000,76,0%,11,72.2500,19.74%,15,63000,63000120
2022年全年度,1101160017,振興醫療財團法人振興醫院,2,0.0000,201.0000,194,0%,11,72.2989,14.95%,29,63000,63000120
2023年上半年度,1101160017,振興醫療財團法人振興醫院,2,0.0000,101.0000,101,0%,11,73.4653,19.8%,20,63000,63000120
2023年全年度,1101160017,振興醫療財團法人振興醫院,2,0.0000,236.0000,224,0%,11,73.1294,16.07%,36,63000,63000120
2024年上半年度,1101160017,振興醫療財團法人振興醫院,2,1.0000,145.0000,143,.69%,10,73.0839,17.48%,25,63000,63000120
2024年全年度,1101160017,振興醫療財團法人振興醫院,2,1.0000,299.0000,284,.33%,11,73.3063,15.49%,44,63000,63000120
2025年上半年度,1101160017,振興醫療財團法人振興醫院,2,1.0000,134.0000,130,.75%,11,73.2153,14.62%,19,63000,63000120
2006年全年度,1101160017,振興醫療財團法人振興醫院,2,1,150,145,0.66%,6,70.8344,3.44%,5,63000,63000120
2007年全年度,1101160017,振興醫療財團法人振興醫院,2,0,181,174,0%,6,71.5287,5.74%,10,63000,63000120
2008年全年度,1101160017,振興醫療財團法人振興醫院,2,2,154,149,1.29%,8,71.2751,9.39%,14,63000,63000120
2009年全年度,1101160017,振興醫療財團法人振興醫院,2,2,187,182,1.06%,8,71.3296,9.89%,18,63000,63000120
2010年全年度,1101160017,振興醫療財團法人振興醫院,2,0,184,180,0%,9,72.1111,7.22%,13,63000,63000120
2011年上半年度,1101160026,醫療財團法人辜公亮基金會和信治癌中心醫院,2,0,2,2,0%,1,58.5,100%,2,63000,63000120
2011年全年度,1101160026,醫療財團法人辜公亮基金會和信治癌中心醫院,2,0,3,3,0%,1,56.3333,100%,3,63000,63000120
2012年上半年度,1101160026,醫療財團法人辜公亮基金會和信治癌中心醫院,2,0,3,3,0%,1,74.3333,0%,0,63000,63000120
2012年全年度,1101160026,醫療財團法人辜公亮基金會和信治癌中心醫院,2,0,6,5,0%,1,69.2,40%,2,63000,63000120
2013年上半年度,1101160026,醫療財團法人辜公亮基金會和信治癌中心醫院,2,0,1,1,0%,1,43,100%,1,63000,63000120
2013年全年度,1101160026,醫療財團法人辜公亮基金會和信治癌中心醫院,2,0,2,2,0%,1,60,50%,1,63000,63000120
2014年上半年度,1101160026,醫療財團法人辜公亮基金會和信治癌中心醫院,2,0,1,1,0%,1,59,0%,0,63000,63000120
2014年全年度,1101160026,醫療財團法人辜公亮基金會和信治癌中心醫院,2,0.0000,5.0000,5,0%,1,68.8000,60%,3,63000,63000120
2015年全年度,1101160026,醫療財團法人辜公亮基金會和信治癌中心醫院,2,0.0000,2.0000,2,0%,1,64.0000,50%,1,63000,63000120
2016年上半年度,1101160026,醫療財團法人辜公亮基金會和信治癌中心醫院,2,0.0000,1.0000,1,0%,1,76.0000,0%,0,63000,63000120
2016年全年度,1101160026,醫療財團法人辜公亮基金會和信治癌中心醫院,2,0.0000,6.0000,6,0%,1,75.5000,50%,3,63000,63000120
2017年上半年度,1101160026,醫療財團法人辜公亮基金會和信治癌中心醫院,2,0.0000,2.0000,2,0%,1,69.0000,100%,2,63000,63000120
2017年全年度,1101160026,醫療財團法人辜公亮基金會和信治癌中心醫院,2,0.0000,2.0000,2,0%,1,69.0000,100%,2,63000,63000120
2018年上半年度,1101160026,醫療財團法人辜公亮基金會和信治癌中心醫院,2,0.0000,2.0000,2,0%,1,75.5000,100%,2,63000,63000120
2018年全年度,1101160026,醫療財團法人辜公亮基金會和信治癌中心醫院,2,0.0000,4.0000,4,0%,1,72.5000,50%,2,63000,63000120
2019年上半年度,1101160026,醫療財團法人辜公亮基金會和信治癌中心醫院,2,0.0000,4.0000,3,0%,1,70.6666,33.33%,1,63000,63000120
2019年全年度,1101160026,醫療財團法人辜公亮基金會和信治癌中心醫院,2,0.0000,6.0000,5,0%,1,71.2000,20%,1,63000,63000120
2020年上半年度,1101160026,醫療財團法人辜公亮基金會和信治癌中心醫院,2,0.0000,2.0000,2,0%,1,68.0000,100%,2,63000,63000120
2020年全年度,1101160026,醫療財團法人辜公亮基金會和信治癌中心醫院,2,0.0000,4.0000,3,0%,1,70.0000,66.67%,2,63000,63000120
2024年全年度,1101160026,醫療財團法人辜公亮基金會和信治癌中心醫院,2,0.0000,1.0000,1,0%,1,83.0000,0%,0,63000,63000120
2006年全年度,1101160026,醫療財團法人辜公亮基金會和信治癌中心醫院,2,0,5,4,0%,1,73.5,25%,1,63000,63000120
2007年全年度,1101160026,醫療財團法人辜公亮基金會和信治癌中心醫院,2,0,1,1,0%,1,63,0%,0,63000,63000120
2008年全年度,1101160026,醫療財團法人辜公亮基金會和信治癌中心醫院,2,0,6,4,0%,1,71.25,0%,0,63000,63000120
2009年全年度,1101160026,醫療財團法人辜公亮基金會和信治癌中心醫院,2,0,1,1,0%,1,73,0%,0,63000,63000120
2011年上半年度,1102110011,高雄市立小港醫院（委託財團法人私立高雄醫學大學經營）,2,1,40,39,2.50%,4,69,2.56%,1,64000,64000110
2011年全年度,1102110011,高雄市立小港醫院（委託財團法人私立高雄醫學大學經營）,2,1,95,78,1.05%,4,68.6666,7.69%,6,64000,64000110
2012年上半年度,1102110011,高雄市立小港醫院（委託財團法人私立高雄醫學大學經營）,2,1,41,40,2.43%,2,70.475,12.50%,5,64000,64000110
2012年全年度,1102110011,高雄市立小港醫院（委託財團法人私立高雄醫學大學經營）,2,1,85,80,1.18%,4,69.9375,12.50%,10,64000,64000110
2013年上半年度,1102110011,高雄市立小港醫院（委託財團法人私立高雄醫學大學經營）,2,0,30,29,0%,3,69.4137,6.90%,2,64000,64000110
2013年全年度,1102110011,高雄市立小港醫院（委託財團法人私立高雄醫學大學經營）,2,0,70,66,0%,5,69.2878,12.12%,8,64000,64000110
2014年上半年度,1102110011,高雄市立小港醫院（委託財團法人私立高雄醫學大學經營）,2,3,45,44,6.67%,6,70.159,18.18%,8,64000,64000110
2014年全年度,1102110011,高雄市立小港醫院（委託財團法人私立高雄醫學大學經營）,2,4.0000,79.0000,74,5.06%,6,69.6621,17.57%,13,64000,64000110
2015年上半年度,1102110011,高雄市立小港醫院（委託財團法人私立高雄醫學大學經營）,2,0.0000,35.0000,34,0%,4,71.5882,8.82%,3,64000,64000110
2015年全年度,1102110011,高雄市立小港醫院（委託財團法人私立高雄醫學大學經營）,2,0.0000,71.0000,67,0%,6,71.3731,11.94%,8,64000,64000110
2016年上半年度,1102110011,高雄市立小港醫院（委託財團法人私立高雄醫學大學經營）,2,0.0000,23.0000,22,0%,4,72.2272,4.55%,1,64000,64000110
2016年全年度,1102110011,高雄市立小港醫院（委託財團法人私立高雄醫學大學經營）,2,0.0000,53.0000,51,0%,7,72.3921,3.92%,2,64000,64000110
2017年上半年度,1102110011,高雄市立小港醫院（委託財團法人私立高雄醫學大學經營）,2,0.0000,22.0000,20,0%,5,66.4500,10%,2,64000,64000110
2017年全年度,1102110011,高雄市立小港醫院（委託財團法人私立高雄醫學大學經營）,2,0.0000,58.0000,52,0%,6,69.1730,13.46%,7,64000,64000110
2018年上半年度,1102110011,高雄市立小港醫院（委託財團法人私立高雄醫學大學經營）,2,0.0000,28.0000,27,0%,6,69.1851,14.81%,4,64000,64000110
2018年全年度,1102110011,高雄市立小港醫院（委託財團法人私立高雄醫學大學經營）,2,0.0000,68.0000,63,0%,6,68.8095,11.11%,7,64000,64000110
2019年上半年度,1102110011,高雄市立小港醫院（委託財團法人私立高雄醫學大學經營）,2,0.0000,40.0000,39,0%,5,71.3589,10.26%,4,64000,64000110
2019年全年度,1102110011,高雄市立小港醫院（委託財團法人私立高雄醫學大學經營）,2,0.0000,66.0000,64,0%,7,71.3593,9.38%,6,64000,64000110
2020年上半年度,1102110011,高雄市立小港醫院（委託財團法人私立高雄醫學大學經營）,2,0.0000,16.0000,16,0%,4,73.2500,18.75%,3,64000,64000110
2020年全年度,1102110011,高雄市立小港醫院（委託財團法人私立高雄醫學大學經營）,2,0.0000,61.0000,58,0%,6,71.8275,18.97%,11,64000,64000110
2021年上半年度,1102110011,高雄市立小港醫院（委託財團法人私立高雄醫學大學經營）,2,0.0000,37.0000,37,0%,6,70.5675,18.92%,7,64000,64000110
2021年全年度,1102110011,高雄市立小港醫院（委託財團法人私立高雄醫學大學經營）,2,1.0000,68.0000,65,1.47%,6,70.1692,15.38%,10,64000,64000110
2022年上半年度,1102110011,高雄市立小港醫院（委託財團法人私立高雄醫學大學經營）,2,1.0000,21.0000,21,4.76%,5,68.0476,4.76%,1,64000,64000110
2022年全年度,1102110011,高雄市立小港醫院（委託財團法人私立高雄醫學大學經營）,2,1.0000,49.0000,48,2.04%,6,69.1041,20.83%,10,64000,64000110
2023年上半年度,1102110011,高雄市立小港醫院（委託財團法人私立高雄醫學大學經營）,2,0.0000,33.0000,33,0%,5,71.1818,15.15%,5,64000,64000110
2023年全年度,1102110011,高雄市立小港醫院（委託財團法人私立高雄醫學大學經營）,2,0.0000,83.0000,79,0%,5,71.7341,13.92%,11,64000,64000110
2024年上半年度,1102110011,高雄市立小港醫院（委託財團法人私立高雄醫學大學經營）,2,0.0000,48.0000,47,0%,6,72.3617,23.4%,11,64000,64000110
2024年全年度,1102110011,高雄市立小港醫院（委託財團法人私立高雄醫學大學經營）,2,0.0000,92.0000,90,0%,6,71.4888,21.11%,19,64000,64000110
2025年上半年度,1102110011,高雄市立小港醫院（委託財團法人私立高雄醫學大學經營）,2,0.0000,46.0000,46,0%,5,70.1956,10.87%,5,64000,64000110
2006年全年度,1102110011,高雄市立小港醫院（委託財團法人私立高雄醫學大學經營）,2,0,49,47,0%,4,67.3191,8.51%,4,64000,64000110
2007年全年度,1102110011,高雄市立小港醫院（委託財團法人私立高雄醫學大學經營）,2,0,61,58,0%,5,69.1206,12.06%,7,64000,64000110
2008年全年度,1102110011,高雄市立小港醫院（委託財團法人私立高雄醫學大學經營）,2,0,68,64,0%,6,70,9.37%,6,64000,64000110
2009年全年度,1102110011,高雄市立小港醫院（委託財團法人私立高雄醫學大學經營）,2,1,65,62,1.53%,5,70.5161,11.29%,7,64000,64000110
2010年全年度,1102110011,高雄市立小港醫院（委託財團法人私立高雄醫學大學經營）,2,0,42,40,0%,4,69.55,10%,4,64000,64000110
2012年全年度,1105040016,台灣基督長老教會新樓醫療財團法人麻豆新樓醫院,3,1,8,8,12.50%,4,74,12.50%,1,10021,67000070
2013年上半年度,1105040016,台灣基督長老教會新樓醫療財團法人麻豆新樓醫院,3,0,66,66,0%,4,72.1818,10.61%,7,10021,67000070
2013年全年度,1105040016,台灣基督長老教會新樓醫療財團法人麻豆新樓醫院,3,0,133,126,0%,4,71.6507,10.32%,13,10021,67000070
2014年上半年度,1105040016,台灣基督長老教會新樓醫療財團法人麻豆新樓醫院,3,0,53,53,0%,5,72.7547,9.43%,5,10021,67000070
2014年全年度,1105040016,台灣基督長老教會新樓醫療財團法人麻豆新樓醫院,3,0.0000,102.0000,101,0%,5,71.6435,8.91%,9,10021,67000070
2015年上半年度,1105040016,台灣基督長老教會新樓醫療財團法人麻豆新樓醫院,3,0.0000,62.0000,61,0%,3,71.2131,14.75%,9,10021,67000070
2015年全年度,1105040016,台灣基督長老教會新樓醫療財團法人麻豆新樓醫院,3,1.0000,133.0000,128,0.75%,4,71.3671,18.75%,24,10021,67000070
2016年上半年度,1105040016,台灣基督長老教會新樓醫療財團法人麻豆新樓醫院,3,0.0000,71.0000,67,0%,3,71.7761,11.94%,8,10021,67000070
2016年全年度,1105040016,台灣基督長老教會新樓醫療財團法人麻豆新樓醫院,3,2.0000,158.0000,150,1.27%,3,72.1333,14%,21,10021,67000070
2017年上半年度,1105040016,台灣基督長老教會新樓醫療財團法人麻豆新樓醫院,3,0.0000,56.0000,54,0%,4,70.7407,12.96%,7,10021,67000070
2017年全年度,1105040016,台灣基督長老教會新樓醫療財團法人麻豆新樓醫院,3,1.0000,106.0000,101,0.94%,4,70.8811,9.9%,10,10021,67000070
2018年上半年度,1105040016,台灣基督長老教會新樓醫療財團法人麻豆新樓醫院,3,0.0000,49.0000,49,0%,4,74.7346,18.37%,9,10021,67000070
2018年全年度,1105040016,台灣基督長老教會新樓醫療財團法人麻豆新樓醫院,3,0.0000,101.0000,96,0%,4,73.4375,12.5%,12,10021,67000070
2019年上半年度,1105040016,台灣基督長老教會新樓醫療財團法人麻豆新樓醫院,3,0.0000,38.0000,37,0%,4,72.4594,18.92%,7,10021,67000070
2019年全年度,1105040016,台灣基督長老教會新樓醫療財團法人麻豆新樓醫院,3,0.0000,76.0000,72,0%,4,73.5416,13.89%,10,10021,67000070
2020年上半年度,1105040016,台灣基督長老教會新樓醫療財團法人麻豆新樓醫院,3,1.0000,34.0000,33,2.94%,4,71.6363,24.24%,8,10021,67000070
2020年全年度,1105040016,台灣基督長老教會新樓醫療財團法人麻豆新樓醫院,3,1.0000,87.0000,83,1.15%,4,71.3253,14.46%,12,10021,67000070
2021年上半年度,1105040016,台灣基督長老教會新樓醫療財團法人麻豆新樓醫院,3,0.0000,53.0000,52,0%,4,75.2115,19.23%,10,10021,67000070
2021年全年度,1105040016,台灣基督長老教會新樓醫療財團法人麻豆新樓醫院,3,0.0000,101.0000,94,0%,5,73.4680,15.96%,15,10021,67000070
2022年上半年度,1105040016,台灣基督長老教會新樓醫療財團法人麻豆新樓醫院,3,0.0000,27.0000,26,0%,3,73.5769,11.54%,3,10021,67000070
2022年全年度,1105040016,台灣基督長老教會新樓醫療財團法人麻豆新樓醫院,3,0.0000,48.0000,47,0%,3,72.4468,14.89%,7,10021,67000070
2023年上半年度,1105040016,台灣基督長老教會新樓醫療財團法人麻豆新樓醫院,3,0.0000,24.0000,24,0%,4,71.1250,20.83%,5,10021,67000070
2023年全年度,1105040016,台灣基督長老教會新樓醫療財團法人麻豆新樓醫院,3,0.0000,85.0000,80,0%,5,71.2375,17.5%,14,10021,67000070
2024年上半年度,1105040016,台灣基督長老教會新樓醫療財團法人麻豆新樓醫院,3,0.0000,93.0000,91,0%,5,71.1758,14.29%,13,10021,67000070
2024年全年度,1105040016,台灣基督長老教會新樓醫療財團法人麻豆新樓醫院,3,0.0000,155.0000,151,0%,5,70.2450,14.57%,22,10021,67000070
2025年上半年度,1105040016,台灣基督長老教會新樓醫療財團法人麻豆新樓醫院,3,1.0000,60.0000,60,1.67%,4,73.7833,15%,9,10021,67000070
2011年全年度,1105050012,奇美醫療財團法人佳里奇美醫院,3,0,7,7,0%,1,68.7142,14.28%,1,10021,67000120
2012年上半年度,1105050012,奇美醫療財團法人佳里奇美醫院,3,0,12,11,0%,1,71.3636,9.09%,1,10021,67000120
2012年全年度,1105050012,奇美醫療財團法人佳里奇美醫院,3,0,31,29,0%,2,73.4137,10.34%,3,10021,67000120
2013年上半年度,1105050012,奇美醫療財團法人佳里奇美醫院,3,1,16,16,6.25%,2,71.5,6.25%,1,10021,67000120
2013年全年度,1105050012,奇美醫療財團法人佳里奇美醫院,3,3,48,46,6.25%,3,71.7391,6.52%,3,10021,67000120
2014年上半年度,1105050012,奇美醫療財團法人佳里奇美醫院,3,0,29,29,0%,4,72.5862,10.34%,3,10021,67000120
2014年全年度,1105050012,奇美醫療財團法人佳里奇美醫院,3,1.0000,55.0000,54,1.82%,4,71.7222,11.11%,6,10021,67000120
2015年上半年度,1105050012,奇美醫療財團法人佳里奇美醫院,3,2.0000,20.0000,20,10%,3,73.9500,20%,4,10021,67000120
2015年全年度,1105050012,奇美醫療財團法人佳里奇美醫院,3,5.0000,48.0000,46,10.42%,3,73.4782,15.22%,7,10021,67000120
2016年上半年度,1105050012,奇美醫療財團法人佳里奇美醫院,3,0.0000,20.0000,19,0%,4,72.4210,31.58%,6,10021,67000120
2016年全年度,1105050012,奇美醫療財團法人佳里奇美醫院,3,1.0000,49.0000,47,2.04%,4,72.6595,21.28%,10,10021,67000120
2017年上半年度,1105050012,奇美醫療財團法人佳里奇美醫院,3,2.0000,24.0000,23,8.33%,3,74.5217,4.35%,1,10021,67000120
2017年全年度,1105050012,奇美醫療財團法人佳里奇美醫院,3,2.0000,45.0000,44,4.44%,3,73.3636,4.55%,2,10021,67000120
2018年上半年度,1105050012,奇美醫療財團法人佳里奇美醫院,3,0.0000,20.0000,19,0%,2,71.7368,15.79%,3,10021,67000120
2018年全年度,1105050012,奇美醫療財團法人佳里奇美醫院,3,3.0000,51.0000,49,5.88%,3,70.3469,12.24%,6,10021,67000120
2019年上半年度,1105050012,奇美醫療財團法人佳里奇美醫院,3,0.0000,38.0000,37,0%,2,71.5135,5.41%,2,10021,67000120
2019年全年度,1105050012,奇美醫療財團法人佳里奇美醫院,3,0.0000,73.0000,71,0%,2,71.9577,5.63%,4,10021,67000120
2020年上半年度,1105050012,奇美醫療財團法人佳里奇美醫院,3,0.0000,17.0000,17,0%,2,67.8235,17.65%,3,10021,67000120
2020年全年度,1105050012,奇美醫療財團法人佳里奇美醫院,3,0.0000,56.0000,55,0%,2,71.3272,10.91%,6,10021,67000120
2021年上半年度,1105050012,奇美醫療財團法人佳里奇美醫院,3,0.0000,46.0000,43,0%,2,71.2790,18.6%,8,10021,67000120
2021年全年度,1105050012,奇美醫療財團法人佳里奇美醫院,3,0.0000,90.0000,84,0%,3,72.0595,16.67%,14,10021,67000120
2022年上半年度,1105050012,奇美醫療財團法人佳里奇美醫院,3,0.0000,48.0000,46,0%,2,74.2391,21.74%,10,10021,67000120
2022年全年度,1105050012,奇美醫療財團法人佳里奇美醫院,3,0.0000,98.0000,88,0%,5,74.0000,19.32%,17,10021,67000120
2023年上半年度,1105050012,奇美醫療財團法人佳里奇美醫院,3,0.0000,46.0000,46,0%,3,70.7173,13.04%,6,10021,67000120
2023年全年度,1105050012,奇美醫療財團法人佳里奇美醫院,3,1.0000,102.0000,99,.98%,3,71.6363,14.14%,14,10021,67000120
2024年上半年度,1105050012,奇美醫療財團法人佳里奇美醫院,3,0.0000,56.0000,55,0%,4,72.4909,16.36%,9,10021,67000120
2024年全年度,1105050012,奇美醫療財團法人佳里奇美醫院,3,1.0000,106.0000,99,.94%,4,72.2121,17.17%,17,10021,67000120
2025年上半年度,1105050012,奇美醫療財團法人佳里奇美醫院,3,0.0000,46.0000,44,0%,3,74.3409,18.18%,8,10021,67000120
2016年上半年度,1107120017,義大醫療財團法人義大癌治療醫院,2,0.0000,1.0000,1,0%,1,61.0000,0%,0,64000,64000210
2016年全年度,1107120017,義大醫療財團法人義大癌治療醫院,2,0.0000,2.0000,2,0%,2,64.0000,0%,0,64000,64000210
2017年上半年度,1107120017,義大醫療財團法人義大癌治療醫院,2,0.0000,8.0000,8,0%,2,67.8750,0%,0,64000,64000210
2017年全年度,1107120017,義大醫療財團法人義大癌治療醫院,2,0.0000,22.0000,21,0%,3,70.1428,14.29%,3,64000,64000210
2018年上半年度,1107120017,義大醫療財團法人義大癌治療醫院,2,0.0000,115.0000,113,0%,3,69.8141,8.85%,10,64000,64000210
2018年全年度,1107120017,義大醫療財團法人義大癌治療醫院,2,1.0000,241.0000,223,0.41%,4,69.8968,11.66%,26,64000,64000210
2019年上半年度,1107120017,義大醫療財團法人義大癌治療醫院,2,1.0000,132.0000,130,0.76%,4,68.4538,10%,13,64000,64000210
2019年全年度,1107120017,義大醫療財團法人義大癌治療醫院,2,2.0000,271.0000,257,0.74%,5,68.6964,8.17%,21,64000,64000210
2020年上半年度,1107120017,義大醫療財團法人義大癌治療醫院,2,0.0000,91.0000,89,0%,3,69.9550,23.6%,21,64000,64000210
2020年全年度,1107120017,義大醫療財團法人義大癌治療醫院,2,1.0000,252.0000,235,0.4%,6,69.6042,16.17%,38,64000,64000210
2021年上半年度,1107120017,義大醫療財團法人義大癌治療醫院,2,1.0000,126.0000,125,0.79%,6,69.4960,12%,15,64000,64000210
2021年全年度,1107120017,義大醫療財團法人義大癌治療醫院,2,1.0000,257.0000,247,0.39%,7,69.7004,14.17%,35,64000,64000210
2022年上半年度,1107120017,義大醫療財團法人義大癌治療醫院,2,1.0000,131.0000,128,0.76%,6,69.3359,15.63%,20,64000,64000210
2022年全年度,1107120017,義大醫療財團法人義大癌治療醫院,2,1.0000,265.0000,249,0.38%,7,69.2329,17.27%,43,64000,64000210
2023年上半年度,1107120017,義大醫療財團法人義大癌治療醫院,2,1.0000,148.0000,141,.68%,2,69.3617,8.51%,12,64000,64000210
2023年全年度,1107120017,義大醫療財團法人義大癌治療醫院,2,1.0000,314.0000,291,.32%,4,69.5979,11.34%,33,64000,64000210
2024年上半年度,1107120017,義大醫療財團法人義大癌治療醫院,2,1.0000,126.0000,125,.79%,3,71.1600,16.8%,21,64000,64000210
2024年全年度,1107120017,義大醫療財團法人義大癌治療醫院,2,2.0000,279.0000,264,.72%,5,70.5189,16.67%,44,64000,64000210
2025年上半年度,1107120017,義大醫療財團法人義大癌治療醫院,2,0.0000,127.0000,127,0%,3,69.1417,14.17%,18,64000,64000210
2017年上半年度,1107320017,義大醫療財團法人義大大昌醫院,3,0.0000,5.0000,5,0%,1,70.6000,0%,0,64000,64000052
2017年全年度,1107320017,義大醫療財團法人義大大昌醫院,3,0.0000,15.0000,13,0%,1,67.1538,0%,0,64000,64000052
2018年上半年度,1107320017,義大醫療財團法人義大大昌醫院,3,0.0000,7.0000,7,0%,1,70.0000,0%,0,64000,64000052
2018年全年度,1107320017,義大醫療財團法人義大大昌醫院,3,0.0000,18.0000,18,0%,2,71.2222,0%,0,64000,64000052
2019年上半年度,1107320017,義大醫療財團法人義大大昌醫院,3,0.0000,6.0000,6,0%,2,70.0000,16.67%,1,64000,64000052
2019年全年度,1107320017,義大醫療財團法人義大大昌醫院,3,0.0000,22.0000,21,0%,3,70.3333,14.29%,3,64000,64000052
2020年上半年度,1107320017,義大醫療財團法人義大大昌醫院,3,0.0000,12.0000,12,0%,2,69.1666,50%,6,64000,64000052
2020年全年度,1107320017,義大醫療財團法人義大大昌醫院,3,0.0000,26.0000,24,0%,3,68.9583,29.17%,7,64000,64000052
2021年上半年度,1107320017,義大醫療財團法人義大大昌醫院,3,1.0000,15.0000,15,6.67%,2,69.5333,20%,3,64000,64000052
2021年全年度,1107320017,義大醫療財團法人義大大昌醫院,3,1.0000,35.0000,34,2.86%,3,68.3823,14.71%,5,64000,64000052
2022年上半年度,1107320017,義大醫療財團法人義大大昌醫院,3,1.0000,12.0000,12,8.33%,3,69.8333,16.67%,2,64000,64000052
2022年全年度,1107320017,義大醫療財團法人義大大昌醫院,3,2.0000,38.0000,35,5.26%,3,69.6857,8.57%,3,64000,64000052
2023年上半年度,1107320017,義大醫療財團法人義大大昌醫院,3,1.0000,26.0000,26,3.85%,3,72.0769,7.69%,2,64000,64000052
2023年全年度,1107320017,義大醫療財團法人義大大昌醫院,3,1.0000,46.0000,43,2.17%,4,73.0232,9.3%,4,64000,64000052
2024年上半年度,1107320017,義大醫療財團法人義大大昌醫院,3,0.0000,14.0000,14,0%,2,68.7857,7.14%,1,64000,64000052
2024年全年度,1107320017,義大醫療財團法人義大大昌醫院,3,1.0000,44.0000,41,2.27%,2,69.9024,19.51%,8,64000,64000052
2025年上半年度,1107320017,義大醫療財團法人義大大昌醫院,3,0.0000,35.0000,33,0%,2,71.6060,12.12%,4,64000,64000052
2015年上半年度,1107350015,天主教聖功醫療財團法人聖功醫院,3,0.0000,25.0000,24,0%,1,70.0000,20.83%,5,64000,64000080
2015年全年度,1107350015,天主教聖功醫療財團法人聖功醫院,3,0.0000,65.0000,60,0%,2,69.2333,21.67%,13,64000,64000080
2016年上半年度,1107350015,天主教聖功醫療財團法人聖功醫院,3,0.0000,28.0000,27,0%,2,68.8518,22.22%,6,64000,64000080
2016年全年度,1107350015,天主教聖功醫療財團法人聖功醫院,3,0.0000,69.0000,64,0%,2,70.2031,10.94%,7,64000,64000080
2017年上半年度,1107350015,天主教聖功醫療財團法人聖功醫院,3,1.0000,30.0000,28,3.33%,2,70.3571,3.57%,1,64000,64000080
2017年全年度,1107350015,天主教聖功醫療財團法人聖功醫院,3,1.0000,70.0000,66,1.43%,2,71.9393,10.61%,7,64000,64000080
2018年上半年度,1107350015,天主教聖功醫療財團法人聖功醫院,3,0.0000,43.0000,42,0%,2,69.9761,11.9%,5,64000,64000080
2018年全年度,1107350015,天主教聖功醫療財團法人聖功醫院,3,1.0000,78.0000,75,1.28%,2,70.4800,9.33%,7,64000,64000080
2019年上半年度,1107350015,天主教聖功醫療財團法人聖功醫院,3,1.0000,30.0000,30,3.33%,1,70.5333,20%,6,64000,64000080
2019年全年度,1107350015,天主教聖功醫療財團法人聖功醫院,3,4.0000,73.0000,69,5.48%,2,70.5797,13.04%,9,64000,64000080
2020年上半年度,1107350015,天主教聖功醫療財團法人聖功醫院,3,0.0000,25.0000,24,0%,1,72.3333,4.17%,1,64000,64000080
2020年全年度,1107350015,天主教聖功醫療財團法人聖功醫院,3,0.0000,62.0000,60,0%,1,70.0333,1.67%,1,64000,64000080
2021年上半年度,1107350015,天主教聖功醫療財團法人聖功醫院,3,0.0000,26.0000,26,0%,1,69.8846,15.38%,4,64000,64000080
2021年全年度,1107350015,天主教聖功醫療財團法人聖功醫院,3,0.0000,54.0000,52,0%,2,70.8461,11.54%,6,64000,64000080
2022年上半年度,1107350015,天主教聖功醫療財團法人聖功醫院,3,0.0000,32.0000,32,0%,1,71.5937,3.13%,1,64000,64000080
2022年全年度,1107350015,天主教聖功醫療財團法人聖功醫院,3,0.0000,74.0000,71,0%,2,71.0704,8.45%,6,64000,64000080
2023年上半年度,1107350015,天主教聖功醫療財團法人聖功醫院,3,0.0000,52.0000,48,0%,2,72.0416,18.75%,9,64000,64000080
2023年全年度,1107350015,天主教聖功醫療財團法人聖功醫院,3,0.0000,83.0000,78,0%,2,72.6025,20.51%,16,64000,64000080
2024年上半年度,1107350015,天主教聖功醫療財團法人聖功醫院,3,0.0000,40.0000,40,0%,1,70.8000,10%,4,64000,64000080
2024年全年度,1107350015,天主教聖功醫療財團法人聖功醫院,3,0.0000,98.0000,87,0%,2,70.7931,10.34%,9,64000,64000080
2025年上半年度,1107350015,天主教聖功醫療財團法人聖功醫院,3,0.0000,61.0000,59,0%,2,72.4406,18.64%,11,64000,64000080
2011年上半年度,1111060015,長庚醫療財團法人基隆長庚紀念醫院,2,1,16,16,6.25%,4,71.875,18.75%,3,10017,10017060
2011年全年度,1111060015,長庚醫療財團法人基隆長庚紀念醫院,2,1,50,47,2%,4,71.5106,14.89%,7,10017,10017060
2012年上半年度,1111060015,長庚醫療財團法人基隆長庚紀念醫院,2,0,16,16,0%,3,70.5,12.50%,2,10017,10017060
2012年全年度,1111060015,長庚醫療財團法人基隆長庚紀念醫院,2,0,37,35,0%,3,70.1428,14.29%,5,10017,10017060
2013年上半年度,1111060015,長庚醫療財團法人基隆長庚紀念醫院,2,2,19,19,10.53%,4,70.7894,5.26%,1,10017,10017060
2013年全年度,1111060015,長庚醫療財團法人基隆長庚紀念醫院,2,2,47,45,4.26%,4,68.0222,13.33%,6,10017,10017060
2014年上半年度,1111060015,長庚醫療財團法人基隆長庚紀念醫院,2,1,55,49,1.82%,4,71,8.16%,4,10017,10017060
2014年全年度,1111060015,長庚醫療財團法人基隆長庚紀念醫院,2,2.0000,134.0000,121,1.49%,6,70.2148,9.92%,12,10017,10017060
2015年上半年度,1111060015,長庚醫療財團法人基隆長庚紀念醫院,2,2.0000,62.0000,61,3.23%,5,69.7049,18.03%,11,10017,10017060
2015年全年度,1111060015,長庚醫療財團法人基隆長庚紀念醫院,2,3.0000,136.0000,126,2.21%,5,69.1746,16.67%,21,10017,10017060
2016年上半年度,1111060015,長庚醫療財團法人基隆長庚紀念醫院,2,0.0000,100.0000,96,0%,4,68.6145,11.46%,11,10017,10017060
2016年全年度,1111060015,長庚醫療財團法人基隆長庚紀念醫院,2,3.0000,250.0000,234,1.2%,6,70.1666,13.68%,32,10017,10017060
2017年上半年度,1111060015,長庚醫療財團法人基隆長庚紀念醫院,2,2.0000,123.0000,118,1.63%,4,72.0762,16.95%,20,10017,10017060
2017年全年度,1111060015,長庚醫療財團法人基隆長庚紀念醫院,2,4.0000,287.0000,259,1.39%,4,71.3976,13.9%,36,10017,10017060
2018年上半年度,1111060015,長庚醫療財團法人基隆長庚紀念醫院,2,0.0000,134.0000,125,0%,2,70.5040,11.2%,14,10017,10017060
2018年全年度,1111060015,長庚醫療財團法人基隆長庚紀念醫院,2,3.0000,276.0000,252,1.09%,4,70.4206,11.51%,29,10017,10017060
2019年上半年度,1111060015,長庚醫療財團法人基隆長庚紀念醫院,2,2.0000,116.0000,112,1.72%,4,70.4285,17.86%,20,10017,10017060
2019年全年度,1111060015,長庚醫療財團法人基隆長庚紀念醫院,2,3.0000,242.0000,221,1.24%,4,70.5927,15.38%,34,10017,10017060
2020年上半年度,1111060015,長庚醫療財團法人基隆長庚紀念醫院,2,0.0000,67.0000,65,0%,4,71.9076,12.31%,8,10017,10017060
2020年全年度,1111060015,長庚醫療財團法人基隆長庚紀念醫院,2,1.0000,169.0000,154,0.59%,6,70.9415,10.39%,16,10017,10017060
2021年上半年度,1111060015,長庚醫療財團法人基隆長庚紀念醫院,2,0.0000,74.0000,69,0%,5,72.4492,13.04%,9,10017,10017060
2021年全年度,1111060015,長庚醫療財團法人基隆長庚紀念醫院,2,2.0000,173.0000,155,1.16%,6,71.5806,10.32%,16,10017,10017060
2022年上半年度,1111060015,長庚醫療財團法人基隆長庚紀念醫院,2,0.0000,80.0000,77,0%,4,71.5714,15.58%,12,10017,10017060
2022年全年度,1111060015,長庚醫療財團法人基隆長庚紀念醫院,2,1.0000,198.0000,188,0.51%,6,71.5425,13.83%,26,10017,10017060
2023年上半年度,1111060015,長庚醫療財團法人基隆長庚紀念醫院,2,0.0000,111.0000,107,0%,5,71.8971,19.63%,21,10017,10017060
2023年全年度,1111060015,長庚醫療財團法人基隆長庚紀念醫院,2,1.0000,238.0000,230,.42%,6,71.7173,20%,46,10017,10017060
2024年上半年度,1111060015,長庚醫療財團法人基隆長庚紀念醫院,2,0.0000,143.0000,139,0%,6,71.0935,18.71%,26,10017,10017060
2024年全年度,1111060015,長庚醫療財團法人基隆長庚紀念醫院,2,0.0000,276.0000,262,0%,7,70.5839,15.27%,40,10017,10017060
2025年上半年度,1111060015,長庚醫療財團法人基隆長庚紀念醫院,2,0.0000,130.0000,127,0%,6,72.3937,14.17%,18,10017,10017060
2006年全年度,1111060015,長庚醫療財團法人基隆長庚紀念醫院,2,1,57,57,1.75%,4,71.5087,10.52%,6,10017,10017060
2007年全年度,1111060015,長庚醫療財團法人基隆長庚紀念醫院,2,0,61,59,0%,5,74.3559,11.86%,7,10017,10017060
2008年全年度,1111060015,長庚醫療財團法人基隆長庚紀念醫院,2,1,64,61,1.56%,3,70.0655,13.11%,8,10017,10017060
2009年全年度,1111060015,長庚醫療財團法人基隆長庚紀念醫院,2,1,62,62,1.61%,4,69.9354,4.83%,3,10017,10017060
2010年全年度,1111060015,長庚醫療財團法人基隆長庚紀念醫院,2,1,44,42,2.27%,4,72.1904,11.90%,5,10017,10017060
2011年上半年度,1112010519,台灣基督長老教會馬偕醫療財團法人新竹馬偕紀念醫院,2,0,14,14,0%,3,72.7857,0%,0,10018,10018010
2011年全年度,1112010519,台灣基督長老教會馬偕醫療財團法人新竹馬偕紀念醫院,2,0,47,46,0%,3,71.2608,2.17%,1,10018,10018010
2012年上半年度,1112010519,台灣基督長老教會馬偕醫療財團法人新竹馬偕紀念醫院,2,0,30,30,0%,3,70.7333,3.33%,1,10018,10018010
2012年全年度,1112010519,台灣基督長老教會馬偕醫療財團法人新竹馬偕紀念醫院,2,0,100,96,0%,3,67.0312,11.46%,11,10018,10018010
2013年上半年度,1112010519,台灣基督長老教會馬偕醫療財團法人新竹馬偕紀念醫院,2,0,54,54,0%,3,71.3333,9.26%,5,10018,10018010
2013年全年度,1112010519,台灣基督長老教會馬偕醫療財團法人新竹馬偕紀念醫院,2,0,98,92,0%,3,70.1521,9.78%,9,10018,10018010
2014年上半年度,1112010519,台灣基督長老教會馬偕醫療財團法人新竹馬偕紀念醫院,2,0,54,52,0%,3,68.4423,5.77%,3,10018,10018010
2014年全年度,1112010519,台灣基督長老教會馬偕醫療財團法人新竹馬偕紀念醫院,2,0.0000,108.0000,100,0%,3,67.5800,8%,8,10018,10018010
2015年上半年度,1112010519,台灣基督長老教會馬偕醫療財團法人新竹馬偕紀念醫院,2,0.0000,44.0000,42,0%,3,70.2380,16.67%,7,10018,10018010
2015年全年度,1112010519,台灣基督長老教會馬偕醫療財團法人新竹馬偕紀念醫院,2,0.0000,96.0000,90,0%,3,71.0777,12.22%,11,10018,10018010
2016年上半年度,1112010519,台灣基督長老教會馬偕醫療財團法人新竹馬偕紀念醫院,2,0.0000,62.0000,61,0%,3,71.6393,11.48%,7,10018,10018010
2016年全年度,1112010519,台灣基督長老教會馬偕醫療財團法人新竹馬偕紀念醫院,2,0.0000,106.0000,103,0%,3,70.0097,8.74%,9,10018,10018010
2017年上半年度,1112010519,台灣基督長老教會馬偕醫療財團法人新竹馬偕紀念醫院,2,0.0000,67.0000,66,0%,3,70.4545,7.58%,5,10018,10018010
2017年全年度,1112010519,台灣基督長老教會馬偕醫療財團法人新竹馬偕紀念醫院,2,0.0000,135.0000,126,0%,3,71.1746,9.52%,12,10018,10018010
2018年上半年度,1112010519,台灣基督長老教會馬偕醫療財團法人新竹馬偕紀念醫院,2,0.0000,55.0000,54,0%,2,72.1111,12.96%,7,10018,10018010
2018年全年度,1112010519,台灣基督長老教會馬偕醫療財團法人新竹馬偕紀念醫院,2,0.0000,115.0000,110,0%,4,72.3000,10.91%,12,10018,10018010
2019年上半年度,1112010519,台灣基督長老教會馬偕醫療財團法人新竹馬偕紀念醫院,2,0.0000,59.0000,55,0%,4,71.5818,7.27%,4,10018,10018010
2019年全年度,1112010519,台灣基督長老教會馬偕醫療財團法人新竹馬偕紀念醫院,2,0.0000,141.0000,128,0%,4,70.7812,9.38%,12,10018,10018010
2020年上半年度,1112010519,台灣基督長老教會馬偕醫療財團法人新竹馬偕紀念醫院,2,0.0000,32.0000,29,0%,3,71.3448,20.69%,6,10018,10018010
2020年全年度,1112010519,台灣基督長老教會馬偕醫療財團法人新竹馬偕紀念醫院,2,0.0000,95.0000,91,0%,4,71.1868,12.09%,11,10018,10018010
2021年上半年度,1112010519,台灣基督長老教會馬偕醫療財團法人新竹馬偕紀念醫院,2,0.0000,38.0000,38,0%,5,70.1842,7.89%,3,10018,10018010
2021年全年度,1112010519,台灣基督長老教會馬偕醫療財團法人新竹馬偕紀念醫院,2,0.0000,93.0000,92,0%,5,71.1304,8.7%,8,10018,10018010
2022年上半年度,1112010519,台灣基督長老教會馬偕醫療財團法人新竹馬偕紀念醫院,2,0.0000,46.0000,45,0%,4,71.4666,8.89%,4,10018,10018010
2022年全年度,1112010519,台灣基督長老教會馬偕醫療財團法人新竹馬偕紀念醫院,2,0.0000,103.0000,97,0%,5,71.2783,11.34%,11,10018,10018010
2023年上半年度,1112010519,台灣基督長老教會馬偕醫療財團法人新竹馬偕紀念醫院,2,0.0000,47.0000,45,0%,4,70.4222,15.56%,7,10018,10018010
2023年全年度,1112010519,台灣基督長老教會馬偕醫療財團法人新竹馬偕紀念醫院,2,0.0000,109.0000,102,0%,5,71.1960,13.73%,14,10018,10018010
2024年上半年度,1112010519,台灣基督長老教會馬偕醫療財團法人新竹馬偕紀念醫院,2,0.0000,60.0000,58,0%,4,71.2931,18.97%,11,10018,10018010
2024年全年度,1112010519,台灣基督長老教會馬偕醫療財團法人新竹馬偕紀念醫院,2,0.0000,116.0000,109,0%,5,71.2201,18.35%,20,10018,10018010
2025年上半年度,1112010519,台灣基督長老教會馬偕醫療財團法人新竹馬偕紀念醫院,2,0.0000,44.0000,44,0%,4,72.6818,4.55%,2,10018,10018010
2006年全年度,1112010519,台灣基督長老教會馬偕醫療財團法人新竹馬偕紀念醫院,2,0,47,43,0%,2,71.093,2.32%,1,10018,10018010
2007年全年度,1112010519,台灣基督長老教會馬偕醫療財團法人新竹馬偕紀念醫院,2,0,66,63,0%,2,69.9523,0%,0,10018,10018010
2008年全年度,1112010519,台灣基督長老教會馬偕醫療財團法人新竹馬偕紀念醫院,2,0,56,51,0%,2,69.0196,5.88%,3,10018,10018010
2009年全年度,1112010519,台灣基督長老教會馬偕醫療財團法人新竹馬偕紀念醫院,2,0,40,39,0%,3,69.8717,10.25%,4,10018,10018010
2010年全年度,1112010519,台灣基督長老教會馬偕醫療財團法人新竹馬偕紀念醫院,2,0,45,40,0%,2,70.8,17.50%,7,10018,10018010
2011年上半年度,1112010528,國泰醫療財團法人新竹國泰綜合醫院,3,0,17,17,0%,3,68.7647,5.88%,1,10018,10018010
2011年全年度,1112010528,國泰醫療財團法人新竹國泰綜合醫院,3,0,33,33,0%,4,69.0909,9.09%,3,10018,10018010
2012年上半年度,1112010528,國泰醫療財團法人新竹國泰綜合醫院,3,0,17,17,0%,2,73.7058,11.76%,2,10018,10018010
2012年全年度,1112010528,國泰醫療財團法人新竹國泰綜合醫院,3,1,38,37,2.63%,3,73.4054,5.41%,2,10018,10018010
2013年上半年度,1112010528,國泰醫療財團法人新竹國泰綜合醫院,3,0,16,15,0%,2,72.3333,0%,0,10018,10018010
2013年全年度,1112010528,國泰醫療財團法人新竹國泰綜合醫院,3,1,26,25,3.85%,3,71.52,0%,0,10018,10018010
2014年上半年度,1112010528,國泰醫療財團法人新竹國泰綜合醫院,3,1,13,13,7.69%,3,71.6923,15.38%,2,10018,10018010
2014年全年度,1112010528,國泰醫療財團法人新竹國泰綜合醫院,3,1.0000,36.0000,35,2.78%,3,70.7714,11.43%,4,10018,10018010
2015年上半年度,1112010528,國泰醫療財團法人新竹國泰綜合醫院,3,1.0000,16.0000,16,6.25%,3,71.6875,0%,0,10018,10018010
2015年全年度,1112010528,國泰醫療財團法人新竹國泰綜合醫院,3,1.0000,38.0000,37,2.63%,3,71.3783,5.41%,2,10018,10018010
2016年上半年度,1112010528,國泰醫療財團法人新竹國泰綜合醫院,3,0.0000,21.0000,20,0%,2,73.7500,10%,2,10018,10018010
2016年全年度,1112010528,國泰醫療財團法人新竹國泰綜合醫院,3,0.0000,38.0000,37,0%,2,72.3783,10.81%,4,10018,10018010
2017年上半年度,1112010528,國泰醫療財團法人新竹國泰綜合醫院,3,0.0000,14.0000,14,0%,2,73.6428,28.57%,4,10018,10018010
2017年全年度,1112010528,國泰醫療財團法人新竹國泰綜合醫院,3,0.0000,28.0000,26,0%,3,73.2307,19.23%,5,10018,10018010
2018年上半年度,1112010528,國泰醫療財團法人新竹國泰綜合醫院,3,1.0000,22.0000,22,4.55%,3,76.5454,9.09%,2,10018,10018010
2018年全年度,1112010528,國泰醫療財團法人新竹國泰綜合醫院,3,2.0000,46.0000,45,4.35%,4,73.6222,11.11%,5,10018,10018010
2019年上半年度,1112010528,國泰醫療財團法人新竹國泰綜合醫院,3,1.0000,24.0000,23,4.17%,4,69.6956,4.35%,1,10018,10018010
2019年全年度,1112010528,國泰醫療財團法人新竹國泰綜合醫院,3,1.0000,53.0000,50,1.89%,5,70.5800,8%,4,10018,10018010
2020年上半年度,1112010528,國泰醫療財團法人新竹國泰綜合醫院,3,0.0000,22.0000,22,0%,3,74.2727,13.64%,3,10018,10018010
2020年全年度,1112010528,國泰醫療財團法人新竹國泰綜合醫院,3,0.0000,54.0000,53,0%,3,71.6415,13.21%,7,10018,10018010
2021年上半年度,1112010528,國泰醫療財團法人新竹國泰綜合醫院,3,0.0000,26.0000,26,0%,3,71.9615,15.38%,4,10018,10018010
2021年全年度,1112010528,國泰醫療財團法人新竹國泰綜合醫院,3,0.0000,53.0000,53,0%,3,70.1320,11.32%,6,10018,10018010
2022年上半年度,1112010528,國泰醫療財團法人新竹國泰綜合醫院,3,0.0000,31.0000,31,0%,3,67.2258,9.68%,3,10018,10018010
2022年全年度,1112010528,國泰醫療財團法人新竹國泰綜合醫院,3,0.0000,72.0000,67,0%,3,69.0149,8.96%,6,10018,10018010
2023年上半年度,1112010528,國泰醫療財團法人新竹國泰綜合醫院,3,0.0000,19.0000,19,0%,3,72.2631,15.79%,3,10018,10018010
2023年全年度,1112010528,國泰醫療財團法人新竹國泰綜合醫院,3,0.0000,41.0000,38,0%,4,70.0263,15.79%,6,10018,10018010
2024年上半年度,1112010528,國泰醫療財團法人新竹國泰綜合醫院,3,0.0000,41.0000,41,0%,5,69.5365,9.76%,4,10018,10018010
2024年全年度,1112010528,國泰醫療財團法人新竹國泰綜合醫院,3,0.0000,84.0000,81,0%,5,70.3086,8.64%,7,10018,10018010
2025年上半年度,1112010528,國泰醫療財團法人新竹國泰綜合醫院,3,0.0000,30.0000,30,0%,3,71.4333,23.33%,7,10018,10018010
2006年全年度,1112010528,國泰醫療財團法人新竹國泰綜合醫院,3,0,24,23,0%,1,67.1304,8.69%,2,10018,10018010
2007年全年度,1112010528,國泰醫療財團法人新竹國泰綜合醫院,3,0,25,25,0%,1,70.24,4%,1,10018,10018010
2008年全年度,1112010528,國泰醫療財團法人新竹國泰綜合醫院,3,0,22,17,0%,2,67.1764,17.64%,3,10018,10018010
2009年全年度,1112010528,國泰醫療財團法人新竹國泰綜合醫院,3,1,33,30,3.03%,2,68.0333,10%,3,10018,10018010
2010年全年度,1112010528,國泰醫療財團法人新竹國泰綜合醫院,3,0,28,26,0%,3,72.6153,0%,0,10018,10018010
2011年全年度,1117010019,仁愛醫療財團法人台中仁愛醫院,3,0,1,1,0%,1,88,0%,0,66000,66000010
2013年上半年度,1117010019,仁愛醫療財團法人台中仁愛醫院,3,0,1,1,0%,1,55,0%,0,66000,66000010
2013年全年度,1117010019,仁愛醫療財團法人台中仁愛醫院,3,0,2,1,0%,1,55,0%,0,66000,66000010
2007年全年度,1117010019,仁愛醫療財團法人台中仁愛醫院,3,0,1,1,0%,1,80,0%,0,66000,66000010
2009年全年度,1117010019,仁愛醫療財團法人台中仁愛醫院,3,0,1,1,0%,1,80,0%,0,66000,66000010
2010年全年度,1117010019,仁愛醫療財團法人台中仁愛醫院,3,0,1,1,0%,1,69,100%,1,66000,66000010
2011年上半年度,1121010018,台灣基督長老教會新樓醫療財團法人台南新樓醫院,2,1,40,40,2.50%,4,71.125,7.50%,3,10021,67000320
2011年全年度,1121010018,台灣基督長老教會新樓醫療財團法人台南新樓醫院,2,2,85,80,2.35%,4,71.5875,8.75%,7,10021,67000320
2012年上半年度,1121010018,台灣基督長老教會新樓醫療財團法人台南新樓醫院,2,0,19,19,0%,4,70.2631,0%,0,10021,67000320
2012年全年度,1121010018,台灣基督長老教會新樓醫療財團法人台南新樓醫院,2,0,27,26,0%,7,69.8461,0%,0,10021,67000320
2013年上半年度,1121010018,台灣基督長老教會新樓醫療財團法人台南新樓醫院,2,0,10,10,0%,5,68.9,0%,0,10021,67000320
2013年全年度,1121010018,台灣基督長老教會新樓醫療財團法人台南新樓醫院,2,0,25,24,0%,5,69.0833,8.33%,2,10021,67000320
2014年上半年度,1121010018,台灣基督長老教會新樓醫療財團法人台南新樓醫院,2,0,19,18,0%,5,69.6666,11.11%,2,10021,67000320
2014年全年度,1121010018,台灣基督長老教會新樓醫療財團法人台南新樓醫院,2,0.0000,40.0000,37,0%,7,70.1081,10.81%,4,10021,67000320
2015年上半年度,1121010018,台灣基督長老教會新樓醫療財團法人台南新樓醫院,2,0.0000,16.0000,16,0%,3,69.6875,6.25%,1,10021,67000320
2015年全年度,1121010018,台灣基督長老教會新樓醫療財團法人台南新樓醫院,2,0.0000,27.0000,26,0%,4,68.7692,7.69%,2,10021,67000320
2016年上半年度,1121010018,台灣基督長老教會新樓醫療財團法人台南新樓醫院,2,0.0000,22.0000,21,0%,3,71.4285,0%,0,10021,67000320
2016年全年度,1121010018,台灣基督長老教會新樓醫療財團法人台南新樓醫院,2,0.0000,38.0000,35,0%,5,72.3714,8.57%,3,10021,67000320
2017年上半年度,1121010018,台灣基督長老教會新樓醫療財團法人台南新樓醫院,2,0.0000,26.0000,26,0%,5,69.2307,3.85%,1,10021,67000320
2017年全年度,1121010018,台灣基督長老教會新樓醫療財團法人台南新樓醫院,2,0.0000,47.0000,44,0%,6,69.8181,6.82%,3,10021,67000320
2018年上半年度,1121010018,台灣基督長老教會新樓醫療財團法人台南新樓醫院,2,0.0000,24.0000,23,0%,4,67.6956,8.7%,2,10021,67000320
2018年全年度,1121010018,台灣基督長老教會新樓醫療財團法人台南新樓醫院,2,0.0000,50.0000,49,0%,5,69.2040,12.24%,6,10021,67000320
2019年上半年度,1121010018,台灣基督長老教會新樓醫療財團法人台南新樓醫院,2,0.0000,33.0000,33,0%,4,69.9393,15.15%,5,10021,67000320
2019年全年度,1121010018,台灣基督長老教會新樓醫療財團法人台南新樓醫院,2,0.0000,67.0000,64,0%,4,69.2968,17.19%,11,10021,67000320
2020年上半年度,1121010018,台灣基督長老教會新樓醫療財團法人台南新樓醫院,2,0.0000,34.0000,33,0%,4,72.0303,24.24%,8,10021,67000320
2020年全年度,1121010018,台灣基督長老教會新樓醫療財團法人台南新樓醫院,2,0.0000,64.0000,58,0%,5,71.8620,24.14%,14,10021,67000320
2021年上半年度,1121010018,台灣基督長老教會新樓醫療財團法人台南新樓醫院,2,0.0000,12.0000,12,0%,4,75.2500,25%,3,10021,67000320
2021年全年度,1121010018,台灣基督長老教會新樓醫療財團法人台南新樓醫院,2,0.0000,42.0000,38,0%,4,72.2105,15.79%,6,10021,67000320
2022年上半年度,1121010018,台灣基督長老教會新樓醫療財團法人台南新樓醫院,2,0.0000,27.0000,27,0%,5,70.0740,18.52%,5,10021,67000320
2022年全年度,1121010018,台灣基督長老教會新樓醫療財團法人台南新樓醫院,2,0.0000,62.0000,62,0%,5,70.9032,20.97%,13,10021,67000320
2023年上半年度,1121010018,台灣基督長老教會新樓醫療財團法人台南新樓醫院,2,0.0000,33.0000,31,0%,4,73.1935,16.13%,5,10021,67000320
2023年全年度,1121010018,台灣基督長老教會新樓醫療財團法人台南新樓醫院,2,0.0000,77.0000,71,0%,5,73.0845,18.31%,13,10021,67000320
2024年上半年度,1121010018,台灣基督長老教會新樓醫療財團法人台南新樓醫院,2,0.0000,56.0000,54,0%,4,70.9444,18.52%,10,10021,67000320
2024年全年度,1121010018,台灣基督長老教會新樓醫療財團法人台南新樓醫院,2,0.0000,104.0000,101,0%,4,71.4158,19.8%,20,10021,67000320
2025年上半年度,1121010018,台灣基督長老教會新樓醫療財團法人台南新樓醫院,2,0.0000,62.0000,59,0%,4,70.3559,16.95%,10,10021,67000320
2006年全年度,1121010018,台灣基督長老教會新樓醫療財團法人台南新樓醫院,2,0,14,13,0%,4,73.6923,7.69%,1,10021,67000320
2007年全年度,1121010018,台灣基督長老教會新樓醫療財團法人台南新樓醫院,2,0,27,25,0%,6,70.32,8%,2,10021,67000320
2008年全年度,1121010018,台灣基督長老教會新樓醫療財團法人台南新樓醫院,2,0,29,29,0%,5,71.5517,20.68%,6,10021,67000320
2009年全年度,1121010018,台灣基督長老教會新樓醫療財團法人台南新樓醫院,2,0,37,36,0%,6,71.9444,8.33%,3,10021,67000320
2010年全年度,1121010018,台灣基督長老教會新樓醫療財團法人台南新樓醫院,2,0,73,68,0%,5,70.2941,5.88%,4,10021,67000320
2011年上半年度,1122010012,戴德森醫療財團法人嘉義基督教醫院,2,0,49,48,0%,6,70.8541,10.41%,5,10020,10020010
2011年全年度,1122010012,戴德森醫療財團法人嘉義基督教醫院,2,2,130,126,1.53%,8,70.992,14.28%,18,10020,10020010
2012年上半年度,1122010012,戴德森醫療財團法人嘉義基督教醫院,2,2,77,72,2.59%,7,70.25,13.88%,10,10020,10020010
2012年全年度,1122010012,戴德森醫療財團法人嘉義基督教醫院,2,4,143,130,2.80%,8,69.9769,15.38%,20,10020,10020010
2013年上半年度,1122010012,戴德森醫療財團法人嘉義基督教醫院,2,0,62,61,0%,8,71.4098,11.48%,7,10020,10020010
2013年全年度,1122010012,戴德森醫療財團法人嘉義基督教醫院,2,0,155,148,0%,9,71.6959,11.49%,17,10020,10020010
2014年上半年度,1122010012,戴德森醫療財團法人嘉義基督教醫院,2,0,62,61,0%,10,70.6065,11.48%,7,10020,10020010
2014年全年度,1122010012,戴德森醫療財團法人嘉義基督教醫院,2,0.0000,144.0000,137,0%,10,70.5912,11.68%,16,10020,10020010
2015年上半年度,1122010012,戴德森醫療財團法人嘉義基督教醫院,2,0.0000,76.0000,74,0%,8,72.2162,12.16%,9,10020,10020010
2015年全年度,1122010012,戴德森醫療財團法人嘉義基督教醫院,2,0.0000,149.0000,142,0%,10,71.8802,9.86%,14,10020,10020010
2016年上半年度,1122010012,戴德森醫療財團法人嘉義基督教醫院,2,0.0000,84.0000,83,0%,9,70.7710,10.84%,9,10020,10020010
2016年全年度,1122010012,戴德森醫療財團法人嘉義基督教醫院,2,1.0000,184.0000,170,0.54%,9,70.9117,13.53%,23,10020,10020010
2017年上半年度,1122010012,戴德森醫療財團法人嘉義基督教醫院,2,1.0000,86.0000,83,1.16%,10,72.4819,19.28%,16,10020,10020010
2017年全年度,1122010012,戴德森醫療財團法人嘉義基督教醫院,2,1.0000,162.0000,151,0.62%,10,72.6225,19.21%,29,10020,10020010
2018年上半年度,1122010012,戴德森醫療財團法人嘉義基督教醫院,2,1.0000,72.0000,72,1.39%,9,74.1527,5.56%,4,10020,10020010
2018年全年度,1122010012,戴德森醫療財團法人嘉義基督教醫院,2,3.0000,157.0000,153,1.91%,10,73.2418,16.99%,26,10020,10020010
2019年上半年度,1122010012,戴德森醫療財團法人嘉義基督教醫院,2,0.0000,74.0000,73,0%,10,72.8493,23.29%,17,10020,10020010
2019年全年度,1122010012,戴德森醫療財團法人嘉義基督教醫院,2,0.0000,177.0000,171,0%,11,72.1228,19.88%,34,10020,10020010
2020年上半年度,1122010012,戴德森醫療財團法人嘉義基督教醫院,2,0.0000,61.0000,60,0%,10,72.5000,23.33%,14,10020,10020010
2020年全年度,1122010012,戴德森醫療財團法人嘉義基督教醫院,2,0.0000,186.0000,176,0%,11,72.5454,20.45%,36,10020,10020010
2021年上半年度,1122010012,戴德森醫療財團法人嘉義基督教醫院,2,0.0000,59.0000,59,0%,10,71.5762,13.56%,8,10020,10020010
2021年全年度,1122010012,戴德森醫療財團法人嘉義基督教醫院,2,0.0000,125.0000,122,0%,10,71.7622,16.39%,20,10020,10020010
2022年上半年度,1122010012,戴德森醫療財團法人嘉義基督教醫院,2,0.0000,74.0000,73,0%,10,72.3150,13.7%,10,10020,10020010
2022年全年度,1122010012,戴德森醫療財團法人嘉義基督教醫院,2,0.0000,168.0000,164,0%,10,73.0792,15.85%,26,10020,10020010
2023年上半年度,1122010012,戴德森醫療財團法人嘉義基督教醫院,2,0.0000,105.0000,103,0%,9,72.9514,14.56%,15,10020,10020010
2023年全年度,1122010012,戴德森醫療財團法人嘉義基督教醫院,2,1.0000,219.0000,207,.46%,11,72.4830,15.46%,32,10020,10020010
2024年上半年度,1122010012,戴德森醫療財團法人嘉義基督教醫院,2,0.0000,134.0000,133,0%,12,73.7894,15.79%,21,10020,10020010
2024年全年度,1122010012,戴德森醫療財團法人嘉義基督教醫院,2,0.0000,243.0000,230,0%,13,73.5478,17.83%,41,10020,10020010
2025年上半年度,1122010012,戴德森醫療財團法人嘉義基督教醫院,2,0.0000,101.0000,101,0%,12,72.5841,16.83%,17,10020,10020010
2006年全年度,1122010012,戴德森醫療財團法人嘉義基督教醫院,2,0,46,46,0%,6,69.7608,8.69%,4,10020,10020010
2007年全年度,1122010012,戴德森醫療財團法人嘉義基督教醫院,2,0,70,65,0%,6,71.6461,6.15%,4,10020,10020010
2008年全年度,1122010012,戴德森醫療財團法人嘉義基督教醫院,2,1,92,87,1.08%,6,71,10.34%,9,10020,10020010
2009年全年度,1122010012,戴德森醫療財團法人嘉義基督教醫院,2,1,116,107,0.86%,6,69.4672,8.41%,9,10020,10020010
2010年全年度,1122010012,戴德森醫療財團法人嘉義基督教醫院,2,0,113,110,0%,7,70.1545,11.81%,13,10020,10020010
2011年上半年度,1122010021,天主教中華聖母修女會醫療財團法人天主教聖馬爾定醫院,2,0,50,47,0%,5,66.9574,10.63%,5,10020,10020010
2011年全年度,1122010021,天主教中華聖母修女會醫療財團法人天主教聖馬爾定醫院,2,1,114,111,0.87%,6,68.2432,8.10%,9,10020,10020010
2012年上半年度,1122010021,天主教中華聖母修女會醫療財團法人天主教聖馬爾定醫院,2,0,59,56,0%,5,68.6607,10.71%,6,10020,10020010
2012年全年度,1122010021,天主教中華聖母修女會醫療財團法人天主教聖馬爾定醫院,2,1,114,107,0.88%,5,69.3831,13.08%,14,10020,10020010
2013年上半年度,1122010021,天主教中華聖母修女會醫療財團法人天主教聖馬爾定醫院,2,0,49,47,0%,5,69.851,10.64%,5,10020,10020010
2013年全年度,1122010021,天主教中華聖母修女會醫療財團法人天主教聖馬爾定醫院,2,0,108,103,0%,5,70.0485,7.77%,8,10020,10020010
2014年上半年度,1122010021,天主教中華聖母修女會醫療財團法人天主教聖馬爾定醫院,2,0,44,43,0%,4,70.4186,11.63%,5,10020,10020010
2014年全年度,1122010021,天主教中華聖母修女會醫療財團法人天主教聖馬爾定醫院,2,1.0000,90.0000,88,1.11%,7,71.3295,12.5%,11,10020,10020010
2015年上半年度,1122010021,天主教中華聖母修女會醫療財團法人天主教聖馬爾定醫院,2,0.0000,26.0000,25,0%,4,72.2400,8%,2,10020,10020010
2015年全年度,1122010021,天主教中華聖母修女會醫療財團法人天主教聖馬爾定醫院,2,1.0000,88.0000,81,1.14%,4,70.2469,9.88%,8,10020,10020010
2016年上半年度,1122010021,天主教中華聖母修女會醫療財團法人天主教聖馬爾定醫院,2,2.0000,48.0000,48,4.17%,4,70.8333,12.5%,6,10020,10020010
2016年全年度,1122010021,天主教中華聖母修女會醫療財團法人天主教聖馬爾定醫院,2,2.0000,103.0000,101,1.94%,5,69.4752,12.87%,13,10020,10020010
2017年上半年度,1122010021,天主教中華聖母修女會醫療財團法人天主教聖馬爾定醫院,2,1.0000,42.0000,42,2.38%,4,70.0714,7.14%,3,10020,10020010
2017年全年度,1122010021,天主教中華聖母修女會醫療財團法人天主教聖馬爾定醫院,2,3.0000,76.0000,75,3.95%,6,70.2000,10.67%,8,10020,10020010
2018年上半年度,1122010021,天主教中華聖母修女會醫療財團法人天主教聖馬爾定醫院,2,1.0000,45.0000,44,2.22%,5,70.8181,13.64%,6,10020,10020010
2018年全年度,1122010021,天主教中華聖母修女會醫療財團法人天主教聖馬爾定醫院,2,3.0000,107.0000,104,2.8%,5,71.2115,15.38%,16,10020,10020010
2019年上半年度,1122010021,天主教中華聖母修女會醫療財團法人天主教聖馬爾定醫院,2,0.0000,42.0000,41,0%,5,69.6341,12.2%,5,10020,10020010
2019年全年度,1122010021,天主教中華聖母修女會醫療財團法人天主教聖馬爾定醫院,2,2.0000,115.0000,106,1.74%,6,69.4150,14.15%,15,10020,10020010
2020年上半年度,1122010021,天主教中華聖母修女會醫療財團法人天主教聖馬爾定醫院,2,0.0000,42.0000,41,0%,5,70.8536,14.63%,6,10020,10020010
2020年全年度,1122010021,天主教中華聖母修女會醫療財團法人天主教聖馬爾定醫院,2,1.0000,101.0000,99,0.99%,6,71.3838,16.16%,16,10020,10020010
2021年上半年度,1122010021,天主教中華聖母修女會醫療財團法人天主教聖馬爾定醫院,2,0.0000,43.0000,42,0%,4,72.5238,11.9%,5,10020,10020010
2021年全年度,1122010021,天主教中華聖母修女會醫療財團法人天主教聖馬爾定醫院,2,0.0000,104.0000,99,0%,5,69.7676,14.14%,14,10020,10020010
2022年上半年度,1122010021,天主教中華聖母修女會醫療財團法人天主教聖馬爾定醫院,2,0.0000,49.0000,47,0%,4,70.7659,12.77%,6,10020,10020010
2022年全年度,1122010021,天主教中華聖母修女會醫療財團法人天主教聖馬爾定醫院,2,0.0000,96.0000,91,0%,5,70.7802,18.68%,17,10020,10020010
2023年上半年度,1122010021,天主教中華聖母修女會醫療財團法人天主教聖馬爾定醫院,2,1.0000,67.0000,65,1.49%,7,70.3076,13.85%,9,10020,10020010
2023年全年度,1122010021,天主教中華聖母修女會醫療財團法人天主教聖馬爾定醫院,2,1.0000,136.0000,132,.74%,7,70.6136,14.39%,19,10020,10020010
2024年上半年度,1122010021,天主教中華聖母修女會醫療財團法人天主教聖馬爾定醫院,2,1.0000,97.0000,93,1.03%,6,70.3978,19.35%,18,10020,10020010
2024年全年度,1122010021,天主教中華聖母修女會醫療財團法人天主教聖馬爾定醫院,2,1.0000,193.0000,184,.52%,6,70.3750,16.85%,31,10020,10020010
2025年上半年度,1122010021,天主教中華聖母修女會醫療財團法人天主教聖馬爾定醫院,2,2.0000,97.0000,97,2.06%,6,70.7113,17.53%,17,10020,10020010
2006年全年度,1122010021,天主教中華聖母修女會醫療財團法人天主教聖馬爾定醫院,2,1,68,66,1.47%,4,70.3939,6.06%,4,10020,10020010
2007年全年度,1122010021,天主教中華聖母修女會醫療財團法人天主教聖馬爾定醫院,2,0,70,69,0%,4,69.2028,2.89%,2,10020,10020010
2008年全年度,1122010021,天主教中華聖母修女會醫療財團法人天主教聖馬爾定醫院,2,0,84,84,0%,4,69.619,7.14%,6,10020,10020010
2009年全年度,1122010021,天主教中華聖母修女會醫療財團法人天主教聖馬爾定醫院,2,0,111,106,0%,4,69.2169,10.37%,11,10020,10020010
2010年全年度,1122010021,天主教中華聖母修女會醫療財團法人天主教聖馬爾定醫院,2,0,108,107,0%,4,69.8411,6.54%,7,10020,10020010
2011年上半年度,1131010011,醫療財團法人徐元智先生醫藥基金會亞東紀念醫院,1,1,91,88,1.09%,6,68.9431,11.36%,10,65000,65000010
2011年全年度,1131010011,醫療財團法人徐元智先生醫藥基金會亞東紀念醫院,1,1,188,183,0.53%,7,69.3606,11.47%,21,65000,65000010
2012年上半年度,1131010011,醫療財團法人徐元智先生醫藥基金會亞東紀念醫院,1,0,83,82,0%,7,69,6.09%,5,65000,65000010
2012年全年度,1131010011,醫療財團法人徐元智先生醫藥基金會亞東紀念醫院,1,0,171,165,0%,7,70.0545,7.88%,13,65000,65000010
2013年上半年度,1131010011,醫療財團法人徐元智先生醫藥基金會亞東紀念醫院,1,0,57,56,0%,4,70.2142,10.71%,6,65000,65000010
2013年全年度,1131010011,醫療財團法人徐元智先生醫藥基金會亞東紀念醫院,1,2,132,126,1.52%,7,70.2777,9.52%,12,65000,65000010
2014年上半年度,1131010011,醫療財團法人徐元智先生醫藥基金會亞東紀念醫院,1,1,54,53,1.85%,6,70.8867,15.09%,8,65000,65000010
2014年全年度,1131010011,醫療財團法人徐元智先生醫藥基金會亞東紀念醫院,1,3.0000,139.0000,130,2.16%,9,69.8153,16.15%,21,65000,65000010
2015年上半年度,1131010011,醫療財團法人徐元智先生醫藥基金會亞東紀念醫院,1,1.0000,66.0000,62,1.52%,6,72.7258,20.97%,13,65000,65000010
2015年全年度,1131010011,醫療財團法人徐元智先生醫藥基金會亞東紀念醫院,1,1.0000,156.0000,145,0.64%,11,71.4551,17.24%,25,65000,65000010
2016年上半年度,1131010011,醫療財團法人徐元智先生醫藥基金會亞東紀念醫院,1,0.0000,86.0000,84,0%,7,69.2023,10.71%,9,65000,65000010
2016年全年度,1131010011,醫療財團法人徐元智先生醫藥基金會亞東紀念醫院,1,0.0000,158.0000,150,0%,7,69.7733,10%,15,65000,65000010
2017年上半年度,1131010011,醫療財團法人徐元智先生醫藥基金會亞東紀念醫院,1,3.0000,83.0000,81,3.61%,8,69.3209,11.11%,9,65000,65000010
2017年全年度,1131010011,醫療財團法人徐元智先生醫藥基金會亞東紀念醫院,1,3.0000,172.0000,163,1.74%,9,70.0981,11.04%,18,65000,65000010
2018年上半年度,1131010011,醫療財團法人徐元智先生醫藥基金會亞東紀念醫院,1,0.0000,78.0000,77,0%,8,70.4805,11.69%,9,65000,65000010
2018年全年度,1131010011,醫療財團法人徐元智先生醫藥基金會亞東紀念醫院,1,0.0000,158.0000,151,0%,8,70.4172,8.61%,13,65000,65000010
2019年上半年度,1131010011,醫療財團法人徐元智先生醫藥基金會亞東紀念醫院,1,0.0000,93.0000,91,0%,8,71.5384,13.19%,12,65000,65000010
2019年全年度,1131010011,醫療財團法人徐元智先生醫藥基金會亞東紀念醫院,1,0.0000,183.0000,177,0%,9,71.4406,12.99%,23,65000,65000010
2020年上半年度,1131010011,醫療財團法人徐元智先生醫藥基金會亞東紀念醫院,1,0.0000,44.0000,43,0%,6,70.6511,16.28%,7,65000,65000010
2020年全年度,1131010011,醫療財團法人徐元智先生醫藥基金會亞東紀念醫院,1,0.0000,141.0000,135,0%,11,71.0222,13.33%,18,65000,65000010
2021年上半年度,1131010011,醫療財團法人徐元智先生醫藥基金會亞東紀念醫院,1,0.0000,57.0000,56,0%,6,70.6250,8.93%,5,65000,65000010
2021年全年度,1131010011,醫療財團法人徐元智先生醫藥基金會亞東紀念醫院,1,0.0000,135.0000,129,0%,7,69.7596,12.4%,16,65000,65000010
2022年上半年度,1131010011,醫療財團法人徐元智先生醫藥基金會亞東紀念醫院,1,0.0000,74.0000,72,0%,6,72.4444,6.94%,5,65000,65000010
2022年全年度,1131010011,醫療財團法人徐元智先生醫藥基金會亞東紀念醫院,1,0.0000,147.0000,141,0%,8,71.0000,10.64%,15,65000,65000010
2023年上半年度,1131010011,醫療財團法人徐元智先生醫藥基金會亞東紀念醫院,1,0.0000,90.0000,88,0%,6,72.7727,12.5%,11,65000,65000010
2023年全年度,1131010011,醫療財團法人徐元智先生醫藥基金會亞東紀念醫院,1,0.0000,201.0000,187,0%,7,72.2245,10.7%,20,65000,65000010
2024年上半年度,1131010011,醫療財團法人徐元智先生醫藥基金會亞東紀念醫院,1,0.0000,96.0000,93,0%,7,71.1720,12.9%,12,65000,65000010
2024年全年度,1131010011,醫療財團法人徐元智先生醫藥基金會亞東紀念醫院,1,1.0000,193.0000,184,.52%,9,71.0000,16.85%,31,65000,65000010
2025年上半年度,1131010011,醫療財團法人徐元智先生醫藥基金會亞東紀念醫院,1,0.0000,99.0000,96,0%,8,70.7708,14.58%,14,65000,65000010
2006年全年度,1131010011,醫療財團法人徐元智先生醫藥基金會亞東紀念醫院,1,0,116,114,0%,6,69.3771,7.01%,8,65000,65000010
2007年全年度,1131010011,醫療財團法人徐元智先生醫藥基金會亞東紀念醫院,1,1,191,191,0.52%,8,71.4659,5.75%,11,65000,65000010
2008年全年度,1131010011,醫療財團法人徐元智先生醫藥基金會亞東紀念醫院,1,0,169,163,0%,8,70.1901,11.04%,18,65000,65000010
2009年全年度,1131010011,醫療財團法人徐元智先生醫藥基金會亞東紀念醫院,1,0,213,206,0%,9,69.6796,13.10%,27,65000,65000010
2010年全年度,1131010011,醫療財團法人徐元智先生醫藥基金會亞東紀念醫院,1,1,200,186,0.50%,9,69.7849,11.29%,21,65000,65000010
2011年上半年度,1131050515,佛教慈濟醫療財團法人台北慈濟醫院,1,2,109,103,1.83%,6,72.0679,9.70%,10,65000,65000060
2011年全年度,1131050515,佛教慈濟醫療財團法人台北慈濟醫院,1,3,219,201,1.36%,6,70.8905,9.95%,20,65000,65000060
2012年上半年度,1131050515,佛教慈濟醫療財團法人台北慈濟醫院,1,0,82,81,0%,6,71.3827,9.87%,8,65000,65000060
2012年全年度,1131050515,佛教慈濟醫療財團法人台北慈濟醫院,1,0,199,184,0%,7,71.1086,9.78%,18,65000,65000060
2013年上半年度,1131050515,佛教慈濟醫療財團法人台北慈濟醫院,1,1,98,96,1.02%,7,71.427,11.46%,11,65000,65000060
2013年全年度,1131050515,佛教慈濟醫療財團法人台北慈濟醫院,1,2,233,219,0.86%,8,71.5114,12.33%,27,65000,65000060
2014年上半年度,1131050515,佛教慈濟醫療財團法人台北慈濟醫院,1,1,119,115,0.84%,7,71.0608,11.30%,13,65000,65000060
2014年全年度,1131050515,佛教慈濟醫療財團法人台北慈濟醫院,1,2.0000,222.0000,211,0.9%,7,71.0284,12.8%,27,65000,65000060
2015年上半年度,1131050515,佛教慈濟醫療財團法人台北慈濟醫院,1,2.0000,90.0000,89,2.22%,8,72.1910,13.48%,12,65000,65000060
2015年全年度,1131050515,佛教慈濟醫療財團法人台北慈濟醫院,1,2.0000,186.0000,177,1.08%,8,71.9774,15.82%,28,65000,65000060
2016年上半年度,1131050515,佛教慈濟醫療財團法人台北慈濟醫院,1,0.0000,102.0000,102,0%,7,73.5980,13.73%,14,65000,65000060
2016年全年度,1131050515,佛教慈濟醫療財團法人台北慈濟醫院,1,0.0000,210.0000,198,0%,7,73.3888,14.65%,29,65000,65000060
2017年上半年度,1131050515,佛教慈濟醫療財團法人台北慈濟醫院,1,0.0000,136.0000,132,0%,9,74.3636,12.12%,16,65000,65000060
2017年全年度,1131050515,佛教慈濟醫療財團法人台北慈濟醫院,1,1.0000,287.0000,271,0.35%,11,73.3763,11.81%,32,65000,65000060
2018年上半年度,1131050515,佛教慈濟醫療財團法人台北慈濟醫院,1,0.0000,152.0000,148,0%,7,73.0608,12.16%,18,65000,65000060
2018年全年度,1131050515,佛教慈濟醫療財團法人台北慈濟醫院,1,0.0000,329.0000,308,0%,10,73.4025,13.31%,41,65000,65000060
2019年上半年度,1131050515,佛教慈濟醫療財團法人台北慈濟醫院,1,0.0000,142.0000,139,0%,7,73.3093,15.83%,22,65000,65000060
2019年全年度,1131050515,佛教慈濟醫療財團法人台北慈濟醫院,1,0.0000,299.0000,284,0%,8,72.8838,15.14%,43,65000,65000060
2020年上半年度,1131050515,佛教慈濟醫療財團法人台北慈濟醫院,1,0.0000,89.0000,88,0%,6,72.5681,13.64%,12,65000,65000060
2020年全年度,1131050515,佛教慈濟醫療財團法人台北慈濟醫院,1,0.0000,234.0000,228,0%,7,73.2192,17.11%,39,65000,65000060
2021年上半年度,1131050515,佛教慈濟醫療財團法人台北慈濟醫院,1,0.0000,122.0000,122,0%,8,74.4672,19.67%,24,65000,65000060
2021年全年度,1131050515,佛教慈濟醫療財團法人台北慈濟醫院,1,0.0000,243.0000,233,0%,8,74.1888,18.03%,42,65000,65000060
2022年上半年度,1131050515,佛教慈濟醫療財團法人台北慈濟醫院,1,0.0000,94.0000,94,0%,10,73.0531,20.21%,19,65000,65000060
2022年全年度,1131050515,佛教慈濟醫療財團法人台北慈濟醫院,1,0.0000,238.0000,231,0%,13,72.7878,16.88%,39,65000,65000060
2023年上半年度,1131050515,佛教慈濟醫療財團法人台北慈濟醫院,1,0.0000,119.0000,119,0%,8,73.2436,21.01%,25,65000,65000060
2023年全年度,1131050515,佛教慈濟醫療財團法人台北慈濟醫院,1,0.0000,267.0000,262,0%,12,73.2251,17.18%,45,65000,65000060
2024年上半年度,1131050515,佛教慈濟醫療財團法人台北慈濟醫院,1,0.0000,133.0000,132,0%,8,74.1893,17.42%,23,65000,65000060
2024年全年度,1131050515,佛教慈濟醫療財團法人台北慈濟醫院,1,0.0000,284.0000,273,0%,10,74.0402,17.58%,48,65000,65000060
2025年上半年度,1131050515,佛教慈濟醫療財團法人台北慈濟醫院,1,0.0000,122.0000,118,0%,10,73.8983,11.86%,14,65000,65000060
2006年全年度,1131050515,佛教慈濟醫療財團法人台北慈濟醫院,1,1,188,170,0.53%,7,70.0705,5.88%,10,65000,65000060
2007年全年度,1131050515,佛教慈濟醫療財團法人台北慈濟醫院,1,2,237,217,0.84%,7,71.341,7.83%,17,65000,65000060
2008年全年度,1131050515,佛教慈濟醫療財團法人台北慈濟醫院,1,2,200,192,1%,7,71.0208,7.29%,14,65000,65000060
2009年全年度,1131050515,佛教慈濟醫療財團法人台北慈濟醫院,1,0,224,213,0%,8,71.2441,10.32%,22,65000,65000060
2010年全年度,1131050515,佛教慈濟醫療財團法人台北慈濟醫院,1,1,269,246,0.37%,6,71.6788,11.38%,28,65000,65000060
2011年上半年度,1131090019,行天宮醫療志業醫療財團法人恩主公醫院,2,1,97,97,1.03%,6,70.8453,4.12%,4,65000,65000090
2011年全年度,1131090019,行天宮醫療志業醫療財團法人恩主公醫院,2,1,214,214,0.46%,6,71.042,6.54%,14,65000,65000090
2012年上半年度,1131090019,行天宮醫療志業醫療財團法人恩主公醫院,2,0,94,94,0%,6,71.2765,10.63%,10,65000,65000090
2012年全年度,1131090019,行天宮醫療志業醫療財團法人恩主公醫院,2,2,213,208,0.94%,6,70.4567,9.62%,20,65000,65000090
2013年上半年度,1131090019,行天宮醫療志業醫療財團法人恩主公醫院,2,1,90,90,1.11%,6,71.2111,10%,9,65000,65000090
2013年全年度,1131090019,行天宮醫療志業醫療財團法人恩主公醫院,2,4,227,226,1.76%,6,71.2654,9.73%,22,65000,65000090
2014年上半年度,1131090019,行天宮醫療志業醫療財團法人恩主公醫院,2,1,127,127,0.79%,7,69.2125,9.45%,12,65000,65000090
2014年全年度,1131090019,行天宮醫療志業醫療財團法人恩主公醫院,2,4.0000,276.0000,270,1.45%,7,69.9777,10.37%,28,65000,65000090
2015年上半年度,1131090019,行天宮醫療志業醫療財團法人恩主公醫院,2,1.0000,120.0000,118,0.83%,7,70.9237,11.02%,13,65000,65000090
2015年全年度,1131090019,行天宮醫療志業醫療財團法人恩主公醫院,2,2.0000,242.0000,239,0.83%,8,71.1297,10.88%,26,65000,65000090
2016年上半年度,1131090019,行天宮醫療志業醫療財團法人恩主公醫院,2,1.0000,113.0000,111,0.88%,7,69.0900,7.21%,8,65000,65000090
2016年全年度,1131090019,行天宮醫療志業醫療財團法人恩主公醫院,2,1.0000,230.0000,225,0.43%,7,69.6533,6.67%,15,65000,65000090
2017年上半年度,1131090019,行天宮醫療志業醫療財團法人恩主公醫院,2,1.0000,110.0000,110,0.91%,7,69.9454,13.64%,15,65000,65000090
2017年全年度,1131090019,行天宮醫療志業醫療財團法人恩主公醫院,2,2.0000,263.0000,257,0.76%,7,70.4863,10.89%,28,65000,65000090
2018年上半年度,1131090019,行天宮醫療志業醫療財團法人恩主公醫院,2,0.0000,124.0000,122,0%,7,70.7295,10.66%,13,65000,65000090
2018年全年度,1131090019,行天宮醫療志業醫療財團法人恩主公醫院,2,0.0000,258.0000,252,0%,7,70.8769,12.7%,32,65000,65000090
2019年上半年度,1131090019,行天宮醫療志業醫療財團法人恩主公醫院,2,1.0000,100.0000,100,1%,7,72.6900,7%,7,65000,65000090
2019年全年度,1131090019,行天宮醫療志業醫療財團法人恩主公醫院,2,1.0000,220.0000,216,0.45%,7,71.9629,9.72%,21,65000,65000090
2020年上半年度,1131090019,行天宮醫療志業醫療財團法人恩主公醫院,2,1.0000,88.0000,87,1.14%,6,71.1724,13.79%,12,65000,65000090
2020年全年度,1131090019,行天宮醫療志業醫療財團法人恩主公醫院,2,3.0000,218.0000,215,1.38%,9,71.5162,15.81%,34,65000,65000090
2021年上半年度,1131090019,行天宮醫療志業醫療財團法人恩主公醫院,2,0.0000,88.0000,88,0%,7,71.0568,13.64%,12,65000,65000090
2021年全年度,1131090019,行天宮醫療志業醫療財團法人恩主公醫院,2,1.0000,172.0000,172,0.58%,7,70.6918,13.95%,24,65000,65000090
2022年上半年度,1131090019,行天宮醫療志業醫療財團法人恩主公醫院,2,0.0000,63.0000,63,0%,7,70.8571,15.87%,10,65000,65000090
2022年全年度,1131090019,行天宮醫療志業醫療財團法人恩主公醫院,2,0.0000,140.0000,138,0%,8,71.1014,13.77%,19,65000,65000090
2023年上半年度,1131090019,行天宮醫療志業醫療財團法人恩主公醫院,2,1.0000,95.0000,94,1.05%,8,72.5106,20.21%,19,65000,65000090
2023年全年度,1131090019,行天宮醫療志業醫療財團法人恩主公醫院,2,2.0000,202.0000,196,.99%,10,71.7500,13.78%,27,65000,65000090
2024年上半年度,1131090019,行天宮醫療志業醫療財團法人恩主公醫院,2,0.0000,109.0000,109,0%,8,71.8623,14.68%,16,65000,65000090
2024年全年度,1131090019,行天宮醫療志業醫療財團法人恩主公醫院,2,0.0000,224.0000,219,0%,9,71.4474,15.53%,34,65000,65000090
2025年上半年度,1131090019,行天宮醫療志業醫療財團法人恩主公醫院,2,3.0000,121.0000,120,2.48%,8,70.9333,15%,18,65000,65000090
2006年全年度,1131090019,行天宮醫療志業醫療財團法人恩主公醫院,2,0,76,73,0%,5,71.5068,6.84%,5,65000,65000090
2007年全年度,1131090019,行天宮醫療志業醫療財團法人恩主公醫院,2,0,113,109,0%,5,69.6697,6.42%,7,65000,65000090
2008年全年度,1131090019,行天宮醫療志業醫療財團法人恩主公醫院,2,2,154,150,1.29%,6,70.5066,10%,15,65000,65000090
2009年全年度,1131090019,行天宮醫療志業醫療財團法人恩主公醫院,2,0,183,182,0%,5,70.967,6.59%,12,65000,65000090
2010年全年度,1131090019,行天宮醫療志業醫療財團法人恩主公醫院,2,2,165,165,1.21%,5,69.9454,7.87%,13,65000,65000090
2011年上半年度,1131110516,國泰醫療財團法人汐止國泰綜合醫院,2,0,14,14,0%,3,66.8571,14.28%,2,65000,65000110
2011年全年度,1131110516,國泰醫療財團法人汐止國泰綜合醫院,2,0,24,24,0%,6,68.0416,8.33%,2,65000,65000110
2012年上半年度,1131110516,國泰醫療財團法人汐止國泰綜合醫院,2,0,13,13,0%,5,71.3076,0%,0,65000,65000110
2012年全年度,1131110516,國泰醫療財團法人汐止國泰綜合醫院,2,0,36,33,0%,5,70.3939,6.06%,2,65000,65000110
2013年上半年度,1131110516,國泰醫療財團法人汐止國泰綜合醫院,2,0,17,16,0%,4,69.75,25%,4,65000,65000110
2013年全年度,1131110516,國泰醫療財團法人汐止國泰綜合醫院,2,0,49,44,0%,6,70.4772,18.18%,8,65000,65000110
2014年上半年度,1131110516,國泰醫療財團法人汐止國泰綜合醫院,2,0,29,28,0%,8,71.3928,10.71%,3,65000,65000110
2014年全年度,1131110516,國泰醫療財團法人汐止國泰綜合醫院,2,0.0000,45.0000,44,0%,9,70.4772,6.82%,3,65000,65000110
2015年上半年度,1131110516,國泰醫療財團法人汐止國泰綜合醫院,2,0.0000,19.0000,19,0%,4,72.5789,15.79%,3,65000,65000110
2015年全年度,1131110516,國泰醫療財團法人汐止國泰綜合醫院,2,0.0000,55.0000,52,0%,5,73.2500,13.46%,7,65000,65000110
2016年上半年度,1131110516,國泰醫療財團法人汐止國泰綜合醫院,2,0.0000,22.0000,22,0%,4,71.6818,4.55%,1,65000,65000110
2016年全年度,1131110516,國泰醫療財團法人汐止國泰綜合醫院,2,0.0000,50.0000,48,0%,5,70.4791,6.25%,3,65000,65000110
2017年上半年度,1131110516,國泰醫療財團法人汐止國泰綜合醫院,2,0.0000,25.0000,24,0%,5,70.7916,8.33%,2,65000,65000110
2017年全年度,1131110516,國泰醫療財團法人汐止國泰綜合醫院,2,0.0000,56.0000,54,0%,6,70.3518,12.96%,7,65000,65000110
2018年上半年度,1131110516,國泰醫療財團法人汐止國泰綜合醫院,2,0.0000,22.0000,21,0%,4,68.8095,4.76%,1,65000,65000110
2018年全年度,1131110516,國泰醫療財團法人汐止國泰綜合醫院,2,0.0000,58.0000,52,0%,8,70.9038,11.54%,6,65000,65000110
2019年上半年度,1131110516,國泰醫療財團法人汐止國泰綜合醫院,2,0.0000,31.0000,30,0%,8,73.9000,23.33%,7,65000,65000110
2019年全年度,1131110516,國泰醫療財團法人汐止國泰綜合醫院,2,1.0000,64.0000,61,1.56%,8,72.4426,22.95%,14,65000,65000110
2020年上半年度,1131110516,國泰醫療財團法人汐止國泰綜合醫院,2,0.0000,19.0000,18,0%,6,74.5555,16.67%,3,65000,65000110
2020年全年度,1131110516,國泰醫療財團法人汐止國泰綜合醫院,2,0.0000,59.0000,56,0%,8,74.0535,19.64%,11,65000,65000110
2021年上半年度,1131110516,國泰醫療財團法人汐止國泰綜合醫院,2,0.0000,23.0000,23,0%,4,71.4782,13.04%,3,65000,65000110
2021年全年度,1131110516,國泰醫療財團法人汐止國泰綜合醫院,2,1.0000,46.0000,44,2.17%,6,70.3863,11.36%,5,65000,65000110
2022年上半年度,1131110516,國泰醫療財團法人汐止國泰綜合醫院,2,0.0000,15.0000,15,0%,5,70.7333,6.67%,1,65000,65000110
2022年全年度,1131110516,國泰醫療財團法人汐止國泰綜合醫院,2,0.0000,35.0000,34,0%,5,70.9705,5.88%,2,65000,65000110
2023年上半年度,1131110516,國泰醫療財團法人汐止國泰綜合醫院,2,0.0000,22.0000,21,0%,5,74.7142,4.76%,1,65000,65000110
2023年全年度,1131110516,國泰醫療財團法人汐止國泰綜合醫院,2,0.0000,52.0000,50,0%,6,74.0000,10%,5,65000,65000110
2024年上半年度,1131110516,國泰醫療財團法人汐止國泰綜合醫院,2,0.0000,15.0000,14,0%,4,71.1428,7.14%,1,65000,65000110
2024年全年度,1131110516,國泰醫療財團法人汐止國泰綜合醫院,2,0.0000,36.0000,34,0%,7,71.5294,8.82%,3,65000,65000110
2025年上半年度,1131110516,國泰醫療財團法人汐止國泰綜合醫院,2,0.0000,27.0000,26,0%,7,72.3076,15.38%,4,65000,65000110
2006年全年度,1131110516,國泰醫療財團法人汐止國泰綜合醫院,2,0,18,16,0%,4,73.75,12.50%,2,65000,65000110
2007年全年度,1131110516,國泰醫療財團法人汐止國泰綜合醫院,2,0,25,23,0%,5,69.5217,13.04%,3,65000,65000110
2008年全年度,1131110516,國泰醫療財團法人汐止國泰綜合醫院,2,0,32,30,0%,5,68.9,13.33%,4,65000,65000110
2009年全年度,1131110516,國泰醫療財團法人汐止國泰綜合醫院,2,0,34,30,0%,7,67.4666,10%,3,65000,65000110
2010年全年度,1131110516,國泰醫療財團法人汐止國泰綜合醫院,2,0,29,28,0%,6,71.2142,0%,0,65000,65000110
2020年上半年度,1131130018,新北市立土城醫院（委託長庚醫療財團法人興建經營）,2,0.0000,10.0000,10,0%,4,66.9000,30%,3,65000,65000130
2020年全年度,1131130018,新北市立土城醫院（委託長庚醫療財團法人興建經營）,2,1.0000,82.0000,79,1.22%,9,69.1772,16.46%,13,65000,65000130
2021年上半年度,1131130018,新北市立土城醫院（委託長庚醫療財團法人興建經營）,2,0.0000,47.0000,45,0%,6,70.4222,11.11%,5,65000,65000130
2021年全年度,1131130018,新北市立土城醫院（委託長庚醫療財團法人興建經營）,2,0.0000,93.0000,85,0%,10,70.5411,10.59%,9,65000,65000130
2022年上半年度,1131130018,新北市立土城醫院（委託長庚醫療財團法人興建經營）,2,0.0000,33.0000,32,0%,8,73.1250,12.5%,4,65000,65000130
2022年全年度,1131130018,新北市立土城醫院（委託長庚醫療財團法人興建經營）,2,0.0000,105.0000,98,0%,11,71.1326,17.35%,17,65000,65000130
2023年上半年度,1131130018,新北市立土城醫院（委託長庚醫療財團法人興建經營）,2,0.0000,74.0000,72,0%,9,71.3888,18.06%,13,65000,65000130
2023年全年度,1131130018,新北市立土城醫院（委託長庚醫療財團法人興建經營）,2,0.0000,140.0000,136,0%,9,71.5294,15.44%,21,65000,65000130
2024年上半年度,1131130018,新北市立土城醫院（委託長庚醫療財團法人興建經營）,2,2.0000,93.0000,89,2.15%,9,70.4943,14.61%,13,65000,65000130
2024年全年度,1131130018,新北市立土城醫院（委託長庚醫療財團法人興建經營）,2,2.0000,228.0000,214,.88%,10,71.5794,13.55%,29,65000,65000130
2025年上半年度,1131130018,新北市立土城醫院（委託長庚醫療財團法人興建經營）,2,0.0000,98.0000,97,0%,8,71.6288,14.43%,14,65000,65000130
2013年全年度,1132010024,沙爾德聖保祿修女會醫療財團法人聖保祿醫院,2,0,7,7,0%,3,67.8571,28.57%,2,68000,68000010
2014年上半年度,1132010024,沙爾德聖保祿修女會醫療財團法人聖保祿醫院,2,0,21,21,0%,3,71.7142,4.76%,1,68000,68000010
2014年全年度,1132010024,沙爾德聖保祿修女會醫療財團法人聖保祿醫院,2,0.0000,42.0000,40,0%,4,71.4750,2.5%,1,68000,68000010
2015年上半年度,1132010024,沙爾德聖保祿修女會醫療財團法人聖保祿醫院,2,1.0000,27.0000,27,3.7%,3,67.7037,7.41%,2,68000,68000010
2015年全年度,1132010024,沙爾德聖保祿修女會醫療財團法人聖保祿醫院,2,1.0000,61.0000,59,1.64%,4,67.9661,8.47%,5,68000,68000010
2016年上半年度,1132010024,沙爾德聖保祿修女會醫療財團法人聖保祿醫院,2,0.0000,29.0000,28,0%,4,69.1071,3.57%,1,68000,68000010
2016年全年度,1132010024,沙爾德聖保祿修女會醫療財團法人聖保祿醫院,2,0.0000,63.0000,58,0%,4,70.0344,6.9%,4,68000,68000010
2017年上半年度,1132010024,沙爾德聖保祿修女會醫療財團法人聖保祿醫院,2,0.0000,21.0000,21,0%,3,66.7142,9.52%,2,68000,68000010
2017年全年度,1132010024,沙爾德聖保祿修女會醫療財團法人聖保祿醫院,2,0.0000,48.0000,45,0%,4,68.1111,11.11%,5,68000,68000010
2018年上半年度,1132010024,沙爾德聖保祿修女會醫療財團法人聖保祿醫院,2,0.0000,29.0000,27,0%,4,71.4074,22.22%,6,68000,68000010
2018年全年度,1132010024,沙爾德聖保祿修女會醫療財團法人聖保祿醫院,2,0.0000,63.0000,59,0%,4,69.7288,16.95%,10,68000,68000010
2019年上半年度,1132010024,沙爾德聖保祿修女會醫療財團法人聖保祿醫院,2,1.0000,35.0000,33,2.86%,3,72.7575,9.09%,3,68000,68000010
2019年全年度,1132010024,沙爾德聖保祿修女會醫療財團法人聖保祿醫院,2,1.0000,79.0000,71,1.27%,4,70.7887,7.04%,5,68000,68000010
2020年上半年度,1132010024,沙爾德聖保祿修女會醫療財團法人聖保祿醫院,2,0.0000,26.0000,25,0%,3,69.4800,12%,3,68000,68000010
2020年全年度,1132010024,沙爾德聖保祿修女會醫療財團法人聖保祿醫院,2,0.0000,62.0000,57,0%,3,69.4035,19.3%,11,68000,68000010
2021年上半年度,1132010024,沙爾德聖保祿修女會醫療財團法人聖保祿醫院,2,0.0000,18.0000,18,0%,3,68.5555,11.11%,2,68000,68000010
2021年全年度,1132010024,沙爾德聖保祿修女會醫療財團法人聖保祿醫院,2,0.0000,37.0000,35,0%,3,69.1142,8.57%,3,68000,68000010
2022年上半年度,1132010024,沙爾德聖保祿修女會醫療財團法人聖保祿醫院,2,1.0000,28.0000,28,3.57%,3,68.6785,7.14%,2,68000,68000010
2022年全年度,1132010024,沙爾德聖保祿修女會醫療財團法人聖保祿醫院,2,1.0000,55.0000,54,1.82%,4,70.2962,9.26%,5,68000,68000010
2023年上半年度,1132010024,沙爾德聖保祿修女會醫療財團法人聖保祿醫院,2,0.0000,47.0000,46,0%,4,69.3913,6.52%,3,68000,68000010
2023年全年度,1132010024,沙爾德聖保祿修女會醫療財團法人聖保祿醫院,2,0.0000,84.0000,77,0%,5,70.2987,12.99%,10,68000,68000010
2024年上半年度,1132010024,沙爾德聖保祿修女會醫療財團法人聖保祿醫院,2,0.0000,36.0000,36,0%,4,69.6666,2.78%,1,68000,68000010
2024年全年度,1132010024,沙爾德聖保祿修女會醫療財團法人聖保祿醫院,2,0.0000,71.0000,70,0%,5,69.6000,5.71%,4,68000,68000010
2025年上半年度,1132010024,沙爾德聖保祿修女會醫療財團法人聖保祿醫院,2,0.0000,41.0000,40,0%,5,73.1500,12.5%,5,68000,68000010
2011年上半年度,1132070011,長庚醫療財團法人林口長庚紀念醫院,1,3,351,345,0.85%,16,70.1942,11.30%,39,68000,68000070
2011年全年度,1132070011,長庚醫療財團法人林口長庚紀念醫院,1,6,850,800,0.70%,19,69.7612,10.12%,81,68000,68000070
2012年上半年度,1132070011,長庚醫療財團法人林口長庚紀念醫院,1,1,456,445,0.21%,17,69.9573,12.13%,54,68000,68000070
2012年全年度,1132070011,長庚醫療財團法人林口長庚紀念醫院,1,5,989,931,0.51%,19,69.7422,10.31%,96,68000,68000070
2013年上半年度,1132070011,長庚醫療財團法人林口長庚紀念醫院,1,4,461,458,0.87%,16,70.3951,7.21%,33,68000,68000070
2013年全年度,1132070011,長庚醫療財團法人林口長庚紀念醫院,1,8,1012,954,0.79%,22,70.2798,8.91%,85,68000,68000070
2014年上半年度,1132070011,長庚醫療財團法人林口長庚紀念醫院,1,2,478,465,0.42%,19,70.0086,9.68%,45,68000,68000070
2014年全年度,1132070011,長庚醫療財團法人林口長庚紀念醫院,1,4.0000,1110.0000,1041,0.36%,25,70.4831,10.18%,106,68000,68000070
2015年上半年度,1132070011,長庚醫療財團法人林口長庚紀念醫院,1,3.0000,595.0000,583,0.5%,22,70.3962,10.12%,59,68000,68000070
2015年全年度,1132070011,長庚醫療財團法人林口長庚紀念醫院,1,6.0000,1296.0000,1222,0.46%,24,70.3977,10.31%,126,68000,68000070
2016年上半年度,1132070011,長庚醫療財團法人林口長庚紀念醫院,1,3.0000,658.0000,639,0.46%,21,70.6244,12.05%,77,68000,68000070
2016年全年度,1132070011,長庚醫療財團法人林口長庚紀念醫院,1,5.0000,1501.0000,1406,0.33%,25,70.5561,12.3%,173,68000,68000070
2017年上半年度,1132070011,長庚醫療財團法人林口長庚紀念醫院,1,3.0000,694.0000,672,0.43%,23,70.7232,11.76%,79,68000,68000070
2017年全年度,1132070011,長庚醫療財團法人林口長庚紀念醫院,1,5.0000,1477.0000,1395,0.34%,24,70.9548,11.04%,154,68000,68000070
2018年上半年度,1132070011,長庚醫療財團法人林口長庚紀念醫院,1,2.0000,674.0000,653,0.3%,22,71.3797,13.63%,89,68000,68000070
2018年全年度,1132070011,長庚醫療財團法人林口長庚紀念醫院,1,6.0000,1437.0000,1337,0.42%,25,70.9925,13.39%,179,68000,68000070
2019年上半年度,1132070011,長庚醫療財團法人林口長庚紀念醫院,1,2.0000,762.0000,739,0.26%,22,71.1258,12.31%,91,68000,68000070
2019年全年度,1132070011,長庚醫療財團法人林口長庚紀念醫院,1,6.0000,1571.0000,1463,0.38%,25,70.7648,13.26%,194,68000,68000070
2020年上半年度,1132070011,長庚醫療財團法人林口長庚紀念醫院,1,0.0000,442.0000,427,0%,22,71.0866,14.75%,63,68000,68000070
2020年全年度,1132070011,長庚醫療財團法人林口長庚紀念醫院,1,1.0000,1272.0000,1190,0.08%,30,71.3117,13.28%,158,68000,68000070
2021年上半年度,1132070011,長庚醫療財團法人林口長庚紀念醫院,1,1.0000,492.0000,483,0.2%,21,71.2877,14.91%,72,68000,68000070
2021年全年度,1132070011,長庚醫療財團法人林口長庚紀念醫院,1,4.0000,1162.0000,1113,0.34%,25,71.0718,16.35%,182,68000,68000070
2022年上半年度,1132070011,長庚醫療財團法人林口長庚紀念醫院,1,1.0000,566.0000,555,0.18%,26,71.5495,15.86%,88,68000,68000070
2022年全年度,1132070011,長庚醫療財團法人林口長庚紀念醫院,1,2.0000,1363.0000,1296,0.15%,29,71.2137,14.51%,188,68000,68000070
2023年上半年度,1132070011,長庚醫療財團法人林口長庚紀念醫院,1,0.0000,725.0000,714,0%,26,72.2044,13.59%,97,68000,68000070
2023年全年度,1132070011,長庚醫療財團法人林口長庚紀念醫院,1,0.0000,1572.0000,1501,0%,29,71.5956,14.46%,217,68000,68000070
2024年上半年度,1132070011,長庚醫療財團法人林口長庚紀念醫院,1,3.0000,926.0000,906,.32%,24,71.6909,15.78%,143,68000,68000070
2024年全年度,1132070011,長庚醫療財團法人林口長庚紀念醫院,1,4.0000,1902.0000,1819,.21%,27,71.3721,15.06%,274,68000,68000070
2025年上半年度,1132070011,長庚醫療財團法人林口長庚紀念醫院,1,0.0000,908.0000,892,0%,26,71.0997,17.15%,153,68000,68000070
2006年全年度,1132070011,長庚醫療財團法人林口長庚紀念醫院,1,8,673,625,1.18%,21,70.1168,9.12%,57,68000,68000070
2007年全年度,1132070011,長庚醫療財團法人林口長庚紀念醫院,1,11,746,695,1.47%,21,70.5251,7.76%,54,68000,68000070
2008年全年度,1132070011,長庚醫療財團法人林口長庚紀念醫院,1,6,834,787,0.71%,19,69.8703,9.65%,76,68000,68000070
2009年全年度,1132070011,長庚醫療財團法人林口長庚紀念醫院,1,3,823,765,0.36%,20,70.2143,10.32%,79,68000,68000070
2010年全年度,1132070011,長庚醫療財團法人林口長庚紀念醫院,1,4,861,822,0.46%,20,70.0681,11.19%,92,68000,68000070
2011年上半年度,1132071036,長庚醫療財團法人桃園長庚紀念醫院,2,1,53,53,1.88%,4,72.1698,1.88%,1,68000,68000070
2011年全年度,1132071036,長庚醫療財團法人桃園長庚紀念醫院,2,6,131,124,4.58%,5,69.5967,5.64%,7,68000,68000070
2012年上半年度,1132071036,長庚醫療財團法人桃園長庚紀念醫院,2,0,49,49,0%,5,67.8571,4.08%,2,68000,68000070
2012年全年度,1132071036,長庚醫療財團法人桃園長庚紀念醫院,2,0,101,95,0%,5,67.7368,7.37%,7,68000,68000070
2013年上半年度,1132071036,長庚醫療財團法人桃園長庚紀念醫院,2,0,75,71,0%,5,69.4788,12.68%,9,68000,68000070
2013年全年度,1132071036,長庚醫療財團法人桃園長庚紀念醫院,2,0,162,153,0%,6,69.5555,11.11%,17,68000,68000070
2014年上半年度,1132071036,長庚醫療財團法人桃園長庚紀念醫院,2,0,73,72,0%,6,69.2638,9.72%,7,68000,68000070
2014年全年度,1132071036,長庚醫療財團法人桃園長庚紀念醫院,2,0.0000,168.0000,158,0%,8,69.7341,7.59%,12,68000,68000070
2015年上半年度,1132071036,長庚醫療財團法人桃園長庚紀念醫院,2,0.0000,82.0000,81,0%,6,70.2962,9.88%,8,68000,68000070
2015年全年度,1132071036,長庚醫療財團法人桃園長庚紀念醫院,2,1.0000,189.0000,179,0.53%,8,69.1675,12.85%,23,68000,68000070
2016年上半年度,1132071036,長庚醫療財團法人桃園長庚紀念醫院,2,0.0000,96.0000,92,0%,7,71.0000,8.7%,8,68000,68000070
2016年全年度,1132071036,長庚醫療財團法人桃園長庚紀念醫院,2,1.0000,199.0000,192,0.5%,9,69.7031,9.38%,18,68000,68000070
2017年上半年度,1132071036,長庚醫療財團法人桃園長庚紀念醫院,2,2.0000,87.0000,84,2.3%,7,69.7023,9.52%,8,68000,68000070
2017年全年度,1132071036,長庚醫療財團法人桃園長庚紀念醫院,2,2.0000,163.0000,156,1.23%,8,70.3141,8.97%,14,68000,68000070
2018年上半年度,1132071036,長庚醫療財團法人桃園長庚紀念醫院,2,0.0000,47.0000,45,0%,3,71.3333,11.11%,5,68000,68000070
2018年全年度,1132071036,長庚醫療財團法人桃園長庚紀念醫院,2,0.0000,90.0000,82,0%,3,69.9512,7.32%,6,68000,68000070
2019年上半年度,1132071036,長庚醫療財團法人桃園長庚紀念醫院,2,0.0000,43.0000,41,0%,2,71.7073,0%,0,68000,68000070
2019年全年度,1132071036,長庚醫療財團法人桃園長庚紀念醫院,2,0.0000,83.0000,77,0%,4,71.6233,5.19%,4,68000,68000070
2020年上半年度,1132071036,長庚醫療財團法人桃園長庚紀念醫院,2,0.0000,26.0000,26,0%,4,68.0769,7.69%,2,68000,68000070
2020年全年度,1132071036,長庚醫療財團法人桃園長庚紀念醫院,2,0.0000,85.0000,82,0%,5,72.0365,15.85%,13,68000,68000070
2021年上半年度,1132071036,長庚醫療財團法人桃園長庚紀念醫院,2,1.0000,25.0000,24,4%,3,72.5833,20.83%,5,68000,68000070
2021年全年度,1132071036,長庚醫療財團法人桃園長庚紀念醫院,2,1.0000,66.0000,62,1.52%,3,70.2258,14.52%,9,68000,68000070
2022年上半年度,1132071036,長庚醫療財團法人桃園長庚紀念醫院,2,0.0000,26.0000,25,0%,4,70.2000,8%,2,68000,68000070
2022年全年度,1132071036,長庚醫療財團法人桃園長庚紀念醫院,2,0.0000,63.0000,59,0%,4,70.3728,10.17%,6,68000,68000070
2023年上半年度,1132071036,長庚醫療財團法人桃園長庚紀念醫院,2,0.0000,44.0000,44,0%,5,71.9318,9.09%,4,68000,68000070
2023年全年度,1132071036,長庚醫療財團法人桃園長庚紀念醫院,2,0.0000,85.0000,85,0%,7,70.7176,9.41%,8,68000,68000070
2024年上半年度,1132071036,長庚醫療財團法人桃園長庚紀念醫院,2,0.0000,44.0000,44,0%,6,71.4545,9.09%,4,68000,68000070
2024年全年度,1132071036,長庚醫療財團法人桃園長庚紀念醫院,2,0.0000,102.0000,100,0%,8,71.2000,9%,9,68000,68000070
2025年上半年度,1132071036,長庚醫療財團法人桃園長庚紀念醫院,2,0.0000,50.0000,49,0%,7,71.2857,10.2%,5,68000,68000070
2006年全年度,1132071036,長庚醫療財團法人桃園長庚紀念醫院,2,0,68,60,0%,5,68,6.66%,4,68000,68000070
2007年全年度,1132071036,長庚醫療財團法人桃園長庚紀念醫院,2,2,139,121,1.43%,5,68.2479,5.78%,7,68000,68000070
2008年全年度,1132071036,長庚醫療財團法人桃園長庚紀念醫院,2,1,153,139,0.65%,7,68.9424,8.63%,12,68000,68000070
2009年全年度,1132071036,長庚醫療財團法人桃園長庚紀念醫院,2,1,135,129,0.74%,7,69.7519,10.07%,13,68000,68000070
2010年全年度,1132071036,長庚醫療財團法人桃園長庚紀念醫院,2,1,126,120,0.79%,4,70.2166,9.16%,11,68000,68000070
2011年上半年度,1133060019,天主教仁慈醫療財團法人仁慈醫院,3,0,1,1,0%,1,59,0%,0,10004,10004050
2011年全年度,1133060019,天主教仁慈醫療財團法人仁慈醫院,3,0,4,3,0%,2,70.3333,33.33%,1,10004,10004050
2012年全年度,1133060019,天主教仁慈醫療財團法人仁慈醫院,3,0,1,1,0%,1,69,0%,0,10004,10004050
2013年上半年度,1133060019,天主教仁慈醫療財團法人仁慈醫院,3,0,1,1,0%,1,70,0%,0,10004,10004050
2013年全年度,1133060019,天主教仁慈醫療財團法人仁慈醫院,3,0,4,3,0%,1,71.3333,33.33%,1,10004,10004050
2014年上半年度,1133060019,天主教仁慈醫療財團法人仁慈醫院,3,0,1,1,0%,1,69,0%,0,10004,10004050
2014年全年度,1133060019,天主教仁慈醫療財團法人仁慈醫院,3,0.0000,2.0000,2,0%,1,71.5000,0%,0,10004,10004050
2015年上半年度,1133060019,天主教仁慈醫療財團法人仁慈醫院,3,0.0000,1.0000,1,0%,1,77.0000,0%,0,10004,10004050
2015年全年度,1133060019,天主教仁慈醫療財團法人仁慈醫院,3,0.0000,5.0000,5,0%,1,71.2000,20%,1,10004,10004050
2016年上半年度,1133060019,天主教仁慈醫療財團法人仁慈醫院,3,0.0000,3.0000,3,0%,1,70.6666,0%,0,10004,10004050
2016年全年度,1133060019,天主教仁慈醫療財團法人仁慈醫院,3,0.0000,6.0000,6,0%,1,70.6666,0%,0,10004,10004050
2017年上半年度,1133060019,天主教仁慈醫療財團法人仁慈醫院,3,0.0000,2.0000,2,0%,1,70.0000,50%,1,10004,10004050
2017年全年度,1133060019,天主教仁慈醫療財團法人仁慈醫院,3,0.0000,9.0000,9,0%,1,72.0000,11.11%,1,10004,10004050
2018年上半年度,1133060019,天主教仁慈醫療財團法人仁慈醫院,3,0.0000,7.0000,6,0%,1,71.5000,0%,0,10004,10004050
2018年全年度,1133060019,天主教仁慈醫療財團法人仁慈醫院,3,0.0000,13.0000,12,0%,1,71.5000,16.67%,2,10004,10004050
2019年上半年度,1133060019,天主教仁慈醫療財團法人仁慈醫院,3,0.0000,8.0000,8,0%,1,73.8750,0%,0,10004,10004050
2019年全年度,1133060019,天主教仁慈醫療財團法人仁慈醫院,3,0.0000,17.0000,17,0%,1,71.7647,0%,0,10004,10004050
2020年上半年度,1133060019,天主教仁慈醫療財團法人仁慈醫院,3,0.0000,5.0000,5,0%,1,66.4000,20%,1,10004,10004050
2020年全年度,1133060019,天主教仁慈醫療財團法人仁慈醫院,3,0.0000,10.0000,9,0%,1,69.2222,11.11%,1,10004,10004050
2021年上半年度,1133060019,天主教仁慈醫療財團法人仁慈醫院,3,0.0000,1.0000,1,0%,1,80.0000,0%,0,10004,10004050
2021年全年度,1133060019,天主教仁慈醫療財團法人仁慈醫院,3,0.0000,8.0000,8,0%,1,77.7500,0%,0,10004,10004050
2022年上半年度,1133060019,天主教仁慈醫療財團法人仁慈醫院,3,0.0000,2.0000,2,0%,1,72.0000,50%,1,10004,10004050
2022年全年度,1133060019,天主教仁慈醫療財團法人仁慈醫院,3,0.0000,3.0000,3,0%,1,73.3333,33.33%,1,10004,10004050
2023年上半年度,1133060019,天主教仁慈醫療財團法人仁慈醫院,3,0.0000,1.0000,1,0%,1,72.0000,0%,0,10004,10004050
2023年全年度,1133060019,天主教仁慈醫療財團法人仁慈醫院,3,0.0000,2.0000,2,0%,1,72.0000,50%,1,10004,10004050
2024年上半年度,1133060019,天主教仁慈醫療財團法人仁慈醫院,3,0.0000,3.0000,3,0%,1,72.3333,0%,0,10004,10004050
2024年全年度,1133060019,天主教仁慈醫療財團法人仁慈醫院,3,0.0000,5.0000,5,0%,1,71.8000,0%,0,10004,10004050
2007年全年度,1133060019,天主教仁慈醫療財團法人仁慈醫院,3,0,2,2,0%,1,72.5,0%,0,10004,10004050
2008年全年度,1133060019,天主教仁慈醫療財團法人仁慈醫院,3,0,1,1,0%,1,75,0%,0,10004,10004050
2010年全年度,1133060019,天主教仁慈醫療財團法人仁慈醫院,3,0,4,3,0%,1,72.6666,0%,0,10004,10004050
2011年上半年度,1134010022,宜蘭仁愛醫療財團法人宜蘭仁愛醫院,3,0,6,6,0%,1,67.6666,16.66%,1,10002,10002010
2011年全年度,1134010022,宜蘭仁愛醫療財團法人宜蘭仁愛醫院,3,0,8,7,0%,1,68,14.28%,1,10002,10002010
2012年全年度,1134010022,宜蘭仁愛醫療財團法人宜蘭仁愛醫院,3,0,1,1,0%,1,79,100%,1,10002,10002010
2013年上半年度,1134010022,宜蘭仁愛醫療財團法人宜蘭仁愛醫院,3,0,3,3,0%,1,69,0%,0,10002,10002010
2013年全年度,1134010022,宜蘭仁愛醫療財團法人宜蘭仁愛醫院,3,0,8,8,0%,1,71.5,12.50%,1,10002,10002010
2014年上半年度,1134010022,宜蘭仁愛醫療財團法人宜蘭仁愛醫院,3,0,2,2,0%,1,64.5,0%,0,10002,10002010
2014年全年度,1134010022,宜蘭仁愛醫療財團法人宜蘭仁愛醫院,3,0.0000,4.0000,4,0%,1,67.7500,0%,0,10002,10002010
2015年全年度,1134010022,宜蘭仁愛醫療財團法人宜蘭仁愛醫院,3,0.0000,1.0000,1,0%,1,82.0000,0%,0,10002,10002010
2016年上半年度,1134010022,宜蘭仁愛醫療財團法人宜蘭仁愛醫院,3,0.0000,1.0000,1,0%,1,81.0000,0%,0,10002,10002010
2016年全年度,1134010022,宜蘭仁愛醫療財團法人宜蘭仁愛醫院,3,0.0000,1.0000,1,0%,1,81.0000,0%,0,10002,10002010
2017年上半年度,1134010022,宜蘭仁愛醫療財團法人宜蘭仁愛醫院,3,0.0000,1.0000,1,0%,1,75.0000,0%,0,10002,10002010
2017年全年度,1134010022,宜蘭仁愛醫療財團法人宜蘭仁愛醫院,3,0.0000,1.0000,1,0%,1,75.0000,0%,0,10002,10002010
2022年全年度,1134010022,宜蘭仁愛醫療財團法人宜蘭仁愛醫院,3,0.0000,1.0000,1,0%,1,74.0000,100%,1,10002,10002010
2023年上半年度,1134010022,宜蘭仁愛醫療財團法人宜蘭仁愛醫院,3,0.0000,1.0000,1,0%,1,71.0000,100%,1,10002,10002010
2023年全年度,1134010022,宜蘭仁愛醫療財團法人宜蘭仁愛醫院,3,0.0000,2.0000,2,0%,1,76.0000,50%,1,10002,10002010
2024年上半年度,1134010022,宜蘭仁愛醫療財團法人宜蘭仁愛醫院,3,0.0000,2.0000,2,0%,1,75.5000,0%,0,10002,10002010
2024年全年度,1134010022,宜蘭仁愛醫療財團法人宜蘭仁愛醫院,3,0.0000,3.0000,3,0%,1,78.3333,0%,0,10002,10002010
2025年上半年度,1134010022,宜蘭仁愛醫療財團法人宜蘭仁愛醫院,3,0.0000,1.0000,1,0%,1,64.0000,100%,1,10002,10002010
2006年全年度,1134010022,宜蘭仁愛醫療財團法人宜蘭仁愛醫院,3,0,11,10,0%,1,75.8,10%,1,10002,10002010
2007年全年度,1134010022,宜蘭仁愛醫療財團法人宜蘭仁愛醫院,3,0,15,13,0%,1,69.8461,7.69%,1,10002,10002010
2008年全年度,1134010022,宜蘭仁愛醫療財團法人宜蘭仁愛醫院,3,0,9,9,0%,1,69.7777,0%,0,10002,10002010
2009年全年度,1134010022,宜蘭仁愛醫療財團法人宜蘭仁愛醫院,3,0,4,3,0%,1,72.3333,33.33%,1,10002,10002010
2010年全年度,1134010022,宜蘭仁愛醫療財團法人宜蘭仁愛醫院,3,0,8,8,0%,1,66.25,25%,2,10002,10002010
2016年上半年度,1134020019,醫療財團法人羅許基金會羅東博愛醫院,2,0.0000,50.0000,49,0%,6,70.0204,12.24%,6,10002,10002020
2016年全年度,1134020019,醫療財團法人羅許基金會羅東博愛醫院,2,0.0000,96.0000,95,0%,6,70.5473,14.74%,14,10002,10002020
2017年上半年度,1134020019,醫療財團法人羅許基金會羅東博愛醫院,2,0.0000,75.0000,75,0%,6,72.6266,9.33%,7,10002,10002020
2017年全年度,1134020019,醫療財團法人羅許基金會羅東博愛醫院,2,0.0000,166.0000,160,0%,6,71.9375,12.5%,20,10002,10002020
2018年上半年度,1134020019,醫療財團法人羅許基金會羅東博愛醫院,2,1.0000,63.0000,60,1.59%,8,70.6500,15%,9,10002,10002020
2018年全年度,1134020019,醫療財團法人羅許基金會羅東博愛醫院,2,1.0000,132.0000,128,0.76%,9,71.2968,14.84%,19,10002,10002020
2019年上半年度,1134020019,醫療財團法人羅許基金會羅東博愛醫院,2,0.0000,87.0000,87,0%,6,70.8275,14.94%,13,10002,10002020
2019年全年度,1134020019,醫療財團法人羅許基金會羅東博愛醫院,2,0.0000,180.0000,175,0%,8,70.6400,13.71%,24,10002,10002020
2020年上半年度,1134020019,醫療財團法人羅許基金會羅東博愛醫院,2,0.0000,66.0000,66,0%,6,71.4545,21.21%,14,10002,10002020
2020年全年度,1134020019,醫療財團法人羅許基金會羅東博愛醫院,2,1.0000,172.0000,169,0.58%,8,72.0355,17.75%,30,10002,10002020
2021年上半年度,1134020019,醫療財團法人羅許基金會羅東博愛醫院,2,0.0000,85.0000,85,0%,8,71.0470,11.76%,10,10002,10002020
2021年全年度,1134020019,醫療財團法人羅許基金會羅東博愛醫院,2,0.0000,199.0000,192,0%,8,70.6927,16.67%,32,10002,10002020
2022年上半年度,1134020019,醫療財團法人羅許基金會羅東博愛醫院,2,0.0000,87.0000,86,0%,7,71.6395,8.14%,7,10002,10002020
2022年全年度,1134020019,醫療財團法人羅許基金會羅東博愛醫院,2,0.0000,186.0000,178,0%,7,71.1011,13.48%,24,10002,10002020
2023年上半年度,1134020019,醫療財團法人羅許基金會羅東博愛醫院,2,1.0000,106.0000,106,.94%,6,70.3018,12.26%,13,10002,10002020
2023年全年度,1134020019,醫療財團法人羅許基金會羅東博愛醫院,2,3.0000,220.0000,213,1.36%,8,70.9765,15.49%,33,10002,10002020
2024年上半年度,1134020019,醫療財團法人羅許基金會羅東博愛醫院,2,1.0000,120.0000,118,.83%,8,70.8389,12.71%,15,10002,10002020
2024年全年度,1134020019,醫療財團法人羅許基金會羅東博愛醫院,2,1.0000,255.0000,243,.39%,8,70.5432,13.17%,32,10002,10002020
2025年上半年度,1134020019,醫療財團法人羅許基金會羅東博愛醫院,2,0.0000,95.0000,94,0%,7,69.8085,13.83%,13,10002,10002020
2018年全年度,1134020028,天主教靈醫會醫療財團法人羅東聖母醫院,2,0.0000,15.0000,15,0%,4,69.9333,6.67%,1,10002,10002020
2019年上半年度,1134020028,天主教靈醫會醫療財團法人羅東聖母醫院,2,0.0000,72.0000,71,0%,6,72.1267,9.86%,7,10002,10002020
2019年全年度,1134020028,天主教靈醫會醫療財團法人羅東聖母醫院,2,1.0000,130.0000,126,0.77%,6,72.9047,10.32%,13,10002,10002020
2020年上半年度,1134020028,天主教靈醫會醫療財團法人羅東聖母醫院,2,0.0000,43.0000,43,0%,4,72.5348,11.63%,5,10002,10002020
2020年全年度,1134020028,天主教靈醫會醫療財團法人羅東聖母醫院,2,0.0000,119.0000,117,0%,5,71.3931,11.97%,14,10002,10002020
2021年上半年度,1134020028,天主教靈醫會醫療財團法人羅東聖母醫院,2,0.0000,49.0000,48,0%,4,73.4583,12.5%,6,10002,10002020
2021年全年度,1134020028,天主教靈醫會醫療財團法人羅東聖母醫院,2,0.0000,126.0000,118,0%,4,72.6694,13.56%,16,10002,10002020
2022年上半年度,1134020028,天主教靈醫會醫療財團法人羅東聖母醫院,2,0.0000,41.0000,41,0%,4,75.3170,14.63%,6,10002,10002020
2022年全年度,1134020028,天主教靈醫會醫療財團法人羅東聖母醫院,2,0.0000,101.0000,96,0%,4,72.8229,13.54%,13,10002,10002020
2023年上半年度,1134020028,天主教靈醫會醫療財團法人羅東聖母醫院,2,1.0000,68.0000,68,1.47%,4,71.3235,11.76%,8,10002,10002020
2023年全年度,1134020028,天主教靈醫會醫療財團法人羅東聖母醫院,2,2.0000,137.0000,131,1.46%,4,71.8396,11.45%,15,10002,10002020
2024年上半年度,1134020028,天主教靈醫會醫療財團法人羅東聖母醫院,2,0.0000,51.0000,49,0%,4,73.3061,12.24%,6,10002,10002020
2024年全年度,1134020028,天主教靈醫會醫療財團法人羅東聖母醫院,2,1.0000,106.0000,102,.94%,4,72.8921,16.67%,17,10002,10002020
2025年上半年度,1134020028,天主教靈醫會醫療財團法人羅東聖母醫院,2,0.0000,44.0000,44,0%,4,72.2500,18.18%,8,10002,10002020
2011年上半年度,1135050020,為恭醫療財團法人為恭紀念醫院,2,1,28,28,3.57%,4,70.6785,21.42%,6,10005,10005050
2011年全年度,1135050020,為恭醫療財團法人為恭紀念醫院,2,1,71,64,1.40%,4,71.6875,14.06%,9,10005,10005050
2012年上半年度,1135050020,為恭醫療財團法人為恭紀念醫院,2,0,41,40,0%,3,74.15,7.50%,3,10005,10005050
2012年全年度,1135050020,為恭醫療財團法人為恭紀念醫院,2,0,72,68,0%,3,72.9852,8.82%,6,10005,10005050
2013年上半年度,1135050020,為恭醫療財團法人為恭紀念醫院,2,0,25,24,0%,3,72.7083,16.67%,4,10005,10005050
2013年全年度,1135050020,為恭醫療財團法人為恭紀念醫院,2,0,54,51,0%,3,72.7254,11.76%,6,10005,10005050
2014年上半年度,1135050020,為恭醫療財團法人為恭紀念醫院,2,1,25,24,4%,2,68.9583,4.17%,1,10005,10005050
2014年全年度,1135050020,為恭醫療財團法人為恭紀念醫院,2,1.0000,49.0000,46,2.04%,3,70.1956,2.17%,1,10005,10005050
2015年上半年度,1135050020,為恭醫療財團法人為恭紀念醫院,2,0.0000,16.0000,16,0%,4,73.0625,12.5%,2,10005,10005050
2015年全年度,1135050020,為恭醫療財團法人為恭紀念醫院,2,0.0000,25.0000,25,0%,4,70.9200,24%,6,10005,10005050
2016年上半年度,1135050020,為恭醫療財團法人為恭紀念醫院,2,1.0000,13.0000,13,7.69%,3,70.6153,23.08%,3,10005,10005050
2016年全年度,1135050020,為恭醫療財團法人為恭紀念醫院,2,2.0000,21.0000,20,9.52%,3,71.5000,15%,3,10005,10005050
2017年上半年度,1135050020,為恭醫療財團法人為恭紀念醫院,2,0.0000,8.0000,8,0%,2,76.2500,12.5%,1,10005,10005050
2017年全年度,1135050020,為恭醫療財團法人為恭紀念醫院,2,1.0000,16.0000,16,6.25%,3,73.8750,6.25%,1,10005,10005050
2018年上半年度,1135050020,為恭醫療財團法人為恭紀念醫院,2,0.0000,13.0000,13,0%,3,72.4615,23.08%,3,10005,10005050
2018年全年度,1135050020,為恭醫療財團法人為恭紀念醫院,2,1.0000,23.0000,23,4.35%,3,70.5652,13.04%,3,10005,10005050
2019年上半年度,1135050020,為恭醫療財團法人為恭紀念醫院,2,0.0000,15.0000,14,0%,2,70.0000,7.14%,1,10005,10005050
2019年全年度,1135050020,為恭醫療財團法人為恭紀念醫院,2,0.0000,26.0000,25,0%,2,70.4400,4%,1,10005,10005050
2020年上半年度,1135050020,為恭醫療財團法人為恭紀念醫院,2,0.0000,11.0000,11,0%,2,71.0909,36.36%,4,10005,10005050
2020年全年度,1135050020,為恭醫療財團法人為恭紀念醫院,2,0.0000,26.0000,26,0%,3,69.5384,19.23%,5,10005,10005050
2021年上半年度,1135050020,為恭醫療財團法人為恭紀念醫院,2,0.0000,22.0000,21,0%,3,70.7619,14.29%,3,10005,10005050
2021年全年度,1135050020,為恭醫療財團法人為恭紀念醫院,2,0.0000,34.0000,31,0%,3,71.5161,19.35%,6,10005,10005050
2022年上半年度,1135050020,為恭醫療財團法人為恭紀念醫院,2,0.0000,15.0000,15,0%,3,66.5333,40%,6,10005,10005050
2022年全年度,1135050020,為恭醫療財團法人為恭紀念醫院,2,0.0000,28.0000,28,0%,5,69.7857,32.14%,9,10005,10005050
2023年上半年度,1135050020,為恭醫療財團法人為恭紀念醫院,2,0.0000,27.0000,26,0%,5,69.9230,11.54%,3,10005,10005050
2023年全年度,1135050020,為恭醫療財團法人為恭紀念醫院,2,0.0000,45.0000,43,0%,5,71.9767,11.63%,5,10005,10005050
2024年上半年度,1135050020,為恭醫療財團法人為恭紀念醫院,2,0.0000,18.0000,18,0%,4,69.7222,11.11%,2,10005,10005050
2024年全年度,1135050020,為恭醫療財團法人為恭紀念醫院,2,0.0000,27.0000,27,0%,5,71.2222,14.81%,4,10005,10005050
2025年上半年度,1135050020,為恭醫療財團法人為恭紀念醫院,2,0.0000,20.0000,20,0%,4,73.4500,25%,5,10005,10005050
2006年全年度,1135050020,為恭醫療財團法人為恭紀念醫院,2,0,31,28,0%,3,70.4285,10.71%,3,10005,10005050
2007年全年度,1135050020,為恭醫療財團法人為恭紀念醫院,2,0,19,19,0%,3,67.2105,5.26%,1,10005,10005050
2008年全年度,1135050020,為恭醫療財團法人為恭紀念醫院,2,0,22,20,0%,3,72.8,0%,0,10005,10005050
2009年全年度,1135050020,為恭醫療財團法人為恭紀念醫院,2,0,49,46,0%,3,70.826,6.52%,3,10005,10005050
2010年全年度,1135050020,為恭醫療財團法人為恭紀念醫院,2,0,52,50,0%,3,70.6,6%,3,10005,10005050
2011年上半年度,1136090519,佛教慈濟醫療財團法人台中慈濟醫院,2,0,58,56,0%,4,68.6785,12.50%,7,66000,66000170
2011年全年度,1136090519,佛教慈濟醫療財團法人台中慈濟醫院,2,0,123,120,0%,4,68.7833,7.50%,9,66000,66000170
2012年上半年度,1136090519,佛教慈濟醫療財團法人台中慈濟醫院,2,0,66,65,0%,5,71.7076,15.38%,10,66000,66000170
2012年全年度,1136090519,佛教慈濟醫療財團法人台中慈濟醫院,2,0,144,140,0%,5,70.3285,12.86%,18,66000,66000170
2013年上半年度,1136090519,佛教慈濟醫療財團法人台中慈濟醫院,2,0,71,69,0%,5,70.7971,5.80%,4,66000,66000170
2013年全年度,1136090519,佛教慈濟醫療財團法人台中慈濟醫院,2,0,146,138,0%,5,69.8405,5.80%,8,66000,66000170
2014年上半年度,1136090519,佛教慈濟醫療財團法人台中慈濟醫院,2,0,63,63,0%,4,68.3492,11.11%,7,66000,66000170
2014年全年度,1136090519,佛教慈濟醫療財團法人台中慈濟醫院,2,0.0000,142.0000,135,0%,6,69.3407,10.37%,14,66000,66000170
2015年上半年度,1136090519,佛教慈濟醫療財團法人台中慈濟醫院,2,0.0000,45.0000,44,0%,5,71.5454,13.64%,6,66000,66000170
2015年全年度,1136090519,佛教慈濟醫療財團法人台中慈濟醫院,2,0.0000,116.0000,112,0%,7,71.6517,8.93%,10,66000,66000170
2016年上半年度,1136090519,佛教慈濟醫療財團法人台中慈濟醫院,2,0.0000,63.0000,63,0%,5,71.2698,6.35%,4,66000,66000170
2016年全年度,1136090519,佛教慈濟醫療財團法人台中慈濟醫院,2,2.0000,125.0000,124,1.6%,5,71.2983,11.29%,14,66000,66000170
2017年上半年度,1136090519,佛教慈濟醫療財團法人台中慈濟醫院,2,0.0000,69.0000,69,0%,5,73.0289,8.7%,6,66000,66000170
2017年全年度,1136090519,佛教慈濟醫療財團法人台中慈濟醫院,2,1.0000,141.0000,134,0.71%,5,72.8208,11.94%,16,66000,66000170
2018年上半年度,1136090519,佛教慈濟醫療財團法人台中慈濟醫院,2,0.0000,70.0000,68,0%,5,70.8235,13.24%,9,66000,66000170
2018年全年度,1136090519,佛教慈濟醫療財團法人台中慈濟醫院,2,2.0000,139.0000,132,1.44%,5,70.5454,13.64%,18,66000,66000170
2019年上半年度,1136090519,佛教慈濟醫療財團法人台中慈濟醫院,2,0.0000,62.0000,60,0%,5,71.1666,15%,9,66000,66000170
2019年全年度,1136090519,佛教慈濟醫療財團法人台中慈濟醫院,2,0.0000,121.0000,115,0%,5,71.9652,13.04%,15,66000,66000170
2020年上半年度,1136090519,佛教慈濟醫療財團法人台中慈濟醫院,2,0.0000,30.0000,30,0%,4,71.7666,10%,3,66000,66000170
2020年全年度,1136090519,佛教慈濟醫療財團法人台中慈濟醫院,2,1.0000,100.0000,95,1%,5,71.1684,13.68%,13,66000,66000170
2021年上半年度,1136090519,佛教慈濟醫療財團法人台中慈濟醫院,2,1.0000,42.0000,41,2.38%,5,72.8292,14.63%,6,66000,66000170
2021年全年度,1136090519,佛教慈濟醫療財團法人台中慈濟醫院,2,1.0000,74.0000,72,1.35%,5,72.3750,13.89%,10,66000,66000170
2022年上半年度,1136090519,佛教慈濟醫療財團法人台中慈濟醫院,2,0.0000,43.0000,43,0%,5,70.2093,23.26%,10,66000,66000170
2022年全年度,1136090519,佛教慈濟醫療財團法人台中慈濟醫院,2,0.0000,98.0000,96,0%,7,71.0625,16.67%,16,66000,66000170
2023年上半年度,1136090519,佛教慈濟醫療財團法人台中慈濟醫院,2,0.0000,67.0000,65,0%,7,70.9230,12.31%,8,66000,66000170
2023年全年度,1136090519,佛教慈濟醫療財團法人台中慈濟醫院,2,0.0000,134.0000,128,0%,8,70.8593,13.28%,17,66000,66000170
2024年上半年度,1136090519,佛教慈濟醫療財團法人台中慈濟醫院,2,0.0000,88.0000,86,0%,9,71.3488,10.47%,9,66000,66000170
2024年全年度,1136090519,佛教慈濟醫療財團法人台中慈濟醫院,2,1.0000,178.0000,171,.56%,9,71.9005,10.53%,18,66000,66000170
2025年上半年度,1136090519,佛教慈濟醫療財團法人台中慈濟醫院,2,0.0000,96.0000,95,0%,10,71.6000,20%,19,66000,66000170
2007年全年度,1136090519,佛教慈濟醫療財團法人台中慈濟醫院,2,0,100,89,0%,3,69.6404,7.86%,7,66000,66000170
2008年全年度,1136090519,佛教慈濟醫療財團法人台中慈濟醫院,2,1,99,92,1.01%,3,70.6521,14.13%,13,66000,66000170
2009年全年度,1136090519,佛教慈濟醫療財團法人台中慈濟醫院,2,0,83,75,0%,5,69.7866,14.66%,11,66000,66000170
2010年全年度,1136090519,佛教慈濟醫療財團法人台中慈濟醫院,2,1,107,100,0.93%,5,69.22,10%,10,66000,66000170
2011年上半年度,1136200015,仁愛醫療財團法人大里仁愛醫院,2,0,25,25,0%,3,73.52,12%,3,66000,66000280
2011年全年度,1136200015,仁愛醫療財團法人大里仁愛醫院,2,0,38,36,0%,3,73.25,8.33%,3,66000,66000280
2012年上半年度,1136200015,仁愛醫療財團法人大里仁愛醫院,2,0,22,21,0%,3,74.1904,19.04%,4,66000,66000280
2012年全年度,1136200015,仁愛醫療財團法人大里仁愛醫院,2,0,50,49,0%,3,72.9795,20.41%,10,66000,66000280
2013年上半年度,1136200015,仁愛醫療財團法人大里仁愛醫院,2,1,22,20,4.55%,4,72.6,10%,2,66000,66000280
2013年全年度,1136200015,仁愛醫療財團法人大里仁愛醫院,2,1,39,37,2.56%,5,71.5945,16.22%,6,66000,66000280
2014年上半年度,1136200015,仁愛醫療財團法人大里仁愛醫院,2,0,27,25,0%,4,72.92,12%,3,66000,66000280
2014年全年度,1136200015,仁愛醫療財團法人大里仁愛醫院,2,0.0000,46.0000,43,0%,5,72.7906,6.98%,3,66000,66000280
2015年上半年度,1136200015,仁愛醫療財團法人大里仁愛醫院,2,0.0000,17.0000,17,0%,4,73.6470,0%,0,66000,66000280
2015年全年度,1136200015,仁愛醫療財團法人大里仁愛醫院,2,1.0000,41.0000,39,2.44%,4,73.2307,5.13%,2,66000,66000280
2016年上半年度,1136200015,仁愛醫療財團法人大里仁愛醫院,2,0.0000,13.0000,13,0%,3,69.4615,0%,0,66000,66000280
2016年全年度,1136200015,仁愛醫療財團法人大里仁愛醫院,2,0.0000,36.0000,36,0%,4,70.6944,11.11%,4,66000,66000280
2017年上半年度,1136200015,仁愛醫療財團法人大里仁愛醫院,2,0.0000,15.0000,15,0%,2,70.9333,13.33%,2,66000,66000280
2017年全年度,1136200015,仁愛醫療財團法人大里仁愛醫院,2,0.0000,24.0000,24,0%,3,72.6666,16.67%,4,66000,66000280
2018年上半年度,1136200015,仁愛醫療財團法人大里仁愛醫院,2,0.0000,22.0000,22,0%,4,75.3636,4.55%,1,66000,66000280
2018年全年度,1136200015,仁愛醫療財團法人大里仁愛醫院,2,0.0000,275.0000,258,0%,6,71.7751,14.34%,37,66000,66000280
2019年上半年度,1136200015,仁愛醫療財團法人大里仁愛醫院,2,0.0000,222.0000,211,0%,5,71.4786,12.32%,26,66000,66000280
2019年全年度,1136200015,仁愛醫療財團法人大里仁愛醫院,2,1.0000,450.0000,413,0.22%,5,71.6368,11.62%,48,66000,66000280
2020年上半年度,1136200015,仁愛醫療財團法人大里仁愛醫院,2,0.0000,123.0000,120,0%,5,71.2500,17.5%,21,66000,66000280
2020年全年度,1136200015,仁愛醫療財團法人大里仁愛醫院,2,0.0000,295.0000,276,0%,7,71.3913,15.58%,43,66000,66000280
2021年上半年度,1136200015,仁愛醫療財團法人大里仁愛醫院,2,1.0000,157.0000,156,0.64%,7,73.5641,14.1%,22,66000,66000280
2021年全年度,1136200015,仁愛醫療財團法人大里仁愛醫院,2,1.0000,312.0000,289,0.32%,8,72.5536,15.92%,46,66000,66000280
2022年上半年度,1136200015,仁愛醫療財團法人大里仁愛醫院,2,0.0000,149.0000,142,0%,7,72.5422,9.86%,14,66000,66000280
2022年全年度,1136200015,仁愛醫療財團法人大里仁愛醫院,2,0.0000,178.0000,171,0%,9,72.2280,12.28%,21,66000,66000280
2023年上半年度,1136200015,仁愛醫療財團法人大里仁愛醫院,2,0.0000,40.0000,38,0%,7,71.3157,13.16%,5,66000,66000280
2023年全年度,1136200015,仁愛醫療財團法人大里仁愛醫院,2,1.0000,88.0000,83,1.14%,7,70.6626,12.05%,10,66000,66000280
2024年上半年度,1136200015,仁愛醫療財團法人大里仁愛醫院,2,0.0000,38.0000,37,0%,5,71.0270,21.62%,8,66000,66000280
2024年全年度,1136200015,仁愛醫療財團法人大里仁愛醫院,2,0.0000,102.0000,98,0%,5,71.7448,18.37%,18,66000,66000280
2025年上半年度,1136200015,仁愛醫療財團法人大里仁愛醫院,2,0.0000,50.0000,50,0%,5,71.8400,14%,7,66000,66000280
2006年全年度,1136200015,仁愛醫療財團法人大里仁愛醫院,2,0,20,20,0%,2,68.75,15%,3,66000,66000280
2007年全年度,1136200015,仁愛醫療財團法人大里仁愛醫院,2,0,25,25,0%,3,70.76,8%,2,66000,66000280
2008年全年度,1136200015,仁愛醫療財團法人大里仁愛醫院,2,0,36,34,0%,3,69.8529,11.76%,4,66000,66000280
2009年全年度,1136200015,仁愛醫療財團法人大里仁愛醫院,2,0,33,33,0%,5,73.3333,6.06%,2,66000,66000280
2010年全年度,1136200015,仁愛醫療財團法人大里仁愛醫院,2,1,40,38,2.50%,5,72.1315,5.26%,2,66000,66000280
2011年上半年度,1137010024,彰化基督教醫療財團法人彰化基督教醫院,1,0,93,92,0%,8,70.0978,10.86%,10,10007,10007010
2011年全年度,1137010024,彰化基督教醫療財團法人彰化基督教醫院,1,1,217,207,0.46%,12,71.1449,10.62%,22,10007,10007010
2012年上半年度,1137010024,彰化基督教醫療財團法人彰化基督教醫院,1,1,129,129,0.77%,12,71.0155,8.52%,11,10007,10007010
2012年全年度,1137010024,彰化基督教醫療財團法人彰化基督教醫院,1,1,277,260,0.36%,13,70.1192,9.23%,24,10007,10007010
2013年上半年度,1137010024,彰化基督教醫療財團法人彰化基督教醫院,1,1,106,106,0.94%,12,70.5094,12.26%,13,10007,10007010
2013年全年度,1137010024,彰化基督教醫療財團法人彰化基督教醫院,1,2,239,229,0.84%,12,69.9912,10.48%,24,10007,10007010
2014年上半年度,1137010024,彰化基督教醫療財團法人彰化基督教醫院,1,0,106,102,0%,8,72.2941,12.75%,13,10007,10007010
2014年全年度,1137010024,彰化基督教醫療財團法人彰化基督教醫院,1,0.0000,238.0000,228,0%,11,71.8771,12.72%,29,10007,10007010
2015年上半年度,1137010024,彰化基督教醫療財團法人彰化基督教醫院,1,0.0000,138.0000,137,0%,12,69.7299,16.06%,22,10007,10007010
2015年全年度,1137010024,彰化基督教醫療財團法人彰化基督教醫院,1,0.0000,302.0000,290,0%,12,70.2827,14.14%,41,10007,10007010
2016年上半年度,1137010024,彰化基督教醫療財團法人彰化基督教醫院,1,2.0000,100.0000,100,2%,10,70.7500,13%,13,10007,10007010
2016年全年度,1137010024,彰化基督教醫療財團法人彰化基督教醫院,1,4.0000,219.0000,215,1.83%,11,71.0139,11.16%,24,10007,10007010
2017年上半年度,1137010024,彰化基督教醫療財團法人彰化基督教醫院,1,3.0000,128.0000,127,2.34%,11,70.9133,18.9%,24,10007,10007010
2017年全年度,1137010024,彰化基督教醫療財團法人彰化基督教醫院,1,4.0000,262.0000,253,1.53%,12,70.8379,15.02%,38,10007,10007010
2018年上半年度,1137010024,彰化基督教醫療財團法人彰化基督教醫院,1,1.0000,135.0000,132,0.74%,11,70.8409,17.42%,23,10007,10007010
2018年全年度,1137010024,彰化基督教醫療財團法人彰化基督教醫院,1,1.0000,286.0000,275,0.35%,12,70.7272,18.18%,50,10007,10007010
2019年上半年度,1137010024,彰化基督教醫療財團法人彰化基督教醫院,1,0.0000,131.0000,131,0%,11,71.9923,16.03%,21,10007,10007010
2019年全年度,1137010024,彰化基督教醫療財團法人彰化基督教醫院,1,0.0000,265.0000,260,0%,15,72.0576,12.69%,33,10007,10007010
2020年上半年度,1137010024,彰化基督教醫療財團法人彰化基督教醫院,1,0.0000,80.0000,80,0%,11,69.5500,12.5%,10,10007,10007010
2020年全年度,1137010024,彰化基督教醫療財團法人彰化基督教醫院,1,0.0000,199.0000,195,0%,13,70.4461,12.82%,25,10007,10007010
2021年上半年度,1137010024,彰化基督教醫療財團法人彰化基督教醫院,1,0.0000,97.0000,96,0%,11,71.6979,15.63%,15,10007,10007010
2021年全年度,1137010024,彰化基督教醫療財團法人彰化基督教醫院,1,0.0000,205.0000,198,0%,13,72.0101,18.69%,37,10007,10007010
2022年上半年度,1137010024,彰化基督教醫療財團法人彰化基督教醫院,1,0.0000,98.0000,96,0%,14,71.6458,17.71%,17,10007,10007010
2022年全年度,1137010024,彰化基督教醫療財團法人彰化基督教醫院,1,1.0000,231.0000,222,0.43%,16,71.6216,18.92%,42,10007,10007010
2023年上半年度,1137010024,彰化基督教醫療財團法人彰化基督教醫院,1,1.0000,138.0000,136,.72%,15,73.8602,17.65%,24,10007,10007010
2023年全年度,1137010024,彰化基督教醫療財團法人彰化基督教醫院,1,1.0000,286.0000,270,.35%,17,73.8222,17.78%,48,10007,10007010
2024年上半年度,1137010024,彰化基督教醫療財團法人彰化基督教醫院,1,0.0000,189.0000,188,0%,15,71.9787,19.15%,36,10007,10007010
2024年全年度,1137010024,彰化基督教醫療財團法人彰化基督教醫院,1,0.0000,359.0000,349,0%,17,72.0085,19.77%,69,10007,10007010
2025年上半年度,1137010024,彰化基督教醫療財團法人彰化基督教醫院,1,0.0000,150.0000,149,0%,15,71.8993,24.16%,36,10007,10007010
2006年全年度,1137010024,彰化基督教醫療財團法人彰化基督教醫院,1,0,156,151,0%,11,68.5496,13.24%,20,10007,10007010
2007年全年度,1137010024,彰化基督教醫療財團法人彰化基督教醫院,1,1,193,186,0.51%,12,68.1451,12.36%,23,10007,10007010
2008年全年度,1137010024,彰化基督教醫療財團法人彰化基督教醫院,1,1,216,204,0.46%,10,69.598,8.82%,18,10007,10007010
2009年全年度,1137010024,彰化基督教醫療財團法人彰化基督教醫院,1,1,144,140,0.69%,9,68.4,12.14%,17,10007,10007010
2010年全年度,1137010024,彰化基督教醫療財團法人彰化基督教醫院,1,0,199,187,0%,13,69.8235,11.22%,21,10007,10007010
2021年全年度,1137010051,彰化基督教醫療財團法人漢銘基督教醫院,3,0.0000,5.0000,5,0%,1,75.2000,40%,2,10007,10007010
2022年上半年度,1137010051,彰化基督教醫療財團法人漢銘基督教醫院,3,0.0000,3.0000,3,0%,2,74.3333,0%,0,10007,10007010
2022年全年度,1137010051,彰化基督教醫療財團法人漢銘基督教醫院,3,0.0000,12.0000,12,0%,2,75.7500,8.33%,1,10007,10007010
2023年上半年度,1137010051,彰化基督教醫療財團法人漢銘基督教醫院,3,0.0000,2.0000,2,0%,1,68.5000,50%,1,10007,10007010
2023年全年度,1137010051,彰化基督教醫療財團法人漢銘基督教醫院,3,0.0000,7.0000,7,0%,1,71.5714,28.57%,2,10007,10007010
2024年上半年度,1137010051,彰化基督教醫療財團法人漢銘基督教醫院,3,0.0000,10.0000,10,0%,3,72.0000,10%,1,10007,10007010
2024年全年度,1137010051,彰化基督教醫療財團法人漢銘基督教醫院,3,0.0000,14.0000,14,0%,3,72.7142,28.57%,4,10007,10007010
2025年上半年度,1137010051,彰化基督教醫療財團法人漢銘基督教醫院,3,0.0000,9.0000,9,0%,3,72.2222,22.22%,2,10007,10007010
2011年上半年度,1137020511,秀傳醫療財團法人彰濱秀傳紀念醫院,2,1,62,59,1.61%,6,69.983,13.55%,8,10007,10007020
2011年全年度,1137020511,秀傳醫療財團法人彰濱秀傳紀念醫院,2,1,145,137,0.68%,6,69.7591,14.59%,20,10007,10007020
2012年上半年度,1137020511,秀傳醫療財團法人彰濱秀傳紀念醫院,2,0,83,82,0%,6,71.3048,8.53%,7,10007,10007020
2012年全年度,1137020511,秀傳醫療財團法人彰濱秀傳紀念醫院,2,0,198,188,0%,8,70.3138,7.45%,14,10007,10007020
2013年上半年度,1137020511,秀傳醫療財團法人彰濱秀傳紀念醫院,2,1,116,114,0.86%,6,70.8157,17.54%,20,10007,10007020
2013年全年度,1137020511,秀傳醫療財團法人彰濱秀傳紀念醫院,2,3,242,235,1.24%,6,69.8085,13.62%,32,10007,10007020
2014年上半年度,1137020511,秀傳醫療財團法人彰濱秀傳紀念醫院,2,3,94,93,3.19%,6,70.8172,6.45%,6,10007,10007020
2014年全年度,1137020511,秀傳醫療財團法人彰濱秀傳紀念醫院,2,5.0000,226.0000,215,2.21%,7,70.3813,5.12%,11,10007,10007020
2015年上半年度,1137020511,秀傳醫療財團法人彰濱秀傳紀念醫院,2,0.0000,128.0000,126,0%,7,70.4920,9.52%,12,10007,10007020
2015年全年度,1137020511,秀傳醫療財團法人彰濱秀傳紀念醫院,2,3.0000,248.0000,240,1.21%,8,70.7041,8.33%,20,10007,10007020
2016年上半年度,1137020511,秀傳醫療財團法人彰濱秀傳紀念醫院,2,1.0000,102.0000,102,0.98%,7,71.2745,4.9%,5,10007,10007020
2016年全年度,1137020511,秀傳醫療財團法人彰濱秀傳紀念醫院,2,2.0000,208.0000,202,0.96%,8,70.8811,7.92%,16,10007,10007020
2017年上半年度,1137020511,秀傳醫療財團法人彰濱秀傳紀念醫院,2,2.0000,115.0000,115,1.74%,7,70.8260,7.83%,9,10007,10007020
2017年全年度,1137020511,秀傳醫療財團法人彰濱秀傳紀念醫院,2,3.0000,229.0000,220,1.31%,7,70.9181,10%,22,10007,10007020
2018年上半年度,1137020511,秀傳醫療財團法人彰濱秀傳紀念醫院,2,0.0000,106.0000,106,0%,7,71.3867,11.32%,12,10007,10007020
2018年全年度,1137020511,秀傳醫療財團法人彰濱秀傳紀念醫院,2,1.0000,229.0000,223,0.44%,7,71.1076,11.66%,26,10007,10007020
2019年上半年度,1137020511,秀傳醫療財團法人彰濱秀傳紀念醫院,2,0.0000,106.0000,102,0%,7,70.7058,12.75%,13,10007,10007020
2019年全年度,1137020511,秀傳醫療財團法人彰濱秀傳紀念醫院,2,1.0000,229.0000,212,0.44%,7,71.0754,11.79%,25,10007,10007020
2020年上半年度,1137020511,秀傳醫療財團法人彰濱秀傳紀念醫院,2,1.0000,62.0000,62,1.61%,6,70.8387,9.68%,6,10007,10007020
2020年全年度,1137020511,秀傳醫療財團法人彰濱秀傳紀念醫院,2,2.0000,215.0000,211,0.93%,7,70.6492,10.43%,22,10007,10007020
2021年上半年度,1137020511,秀傳醫療財團法人彰濱秀傳紀念醫院,2,1.0000,124.0000,124,0.81%,7,71.3145,12.1%,15,10007,10007020
2021年全年度,1137020511,秀傳醫療財團法人彰濱秀傳紀念醫院,2,1.0000,249.0000,241,0.4%,7,71.2199,14.11%,34,10007,10007020
2022年上半年度,1137020511,秀傳醫療財團法人彰濱秀傳紀念醫院,2,0.0000,82.0000,81,0%,5,70.2962,9.88%,8,10007,10007020
2022年全年度,1137020511,秀傳醫療財團法人彰濱秀傳紀念醫院,2,0.0000,186.0000,184,0%,5,70.6195,10.87%,20,10007,10007020
2023年上半年度,1137020511,秀傳醫療財團法人彰濱秀傳紀念醫院,2,0.0000,115.0000,114,0%,5,71.8859,13.16%,15,10007,10007020
2023年全年度,1137020511,秀傳醫療財團法人彰濱秀傳紀念醫院,2,1.0000,232.0000,220,.43%,6,72.1181,13.64%,30,10007,10007020
2024年上半年度,1137020511,秀傳醫療財團法人彰濱秀傳紀念醫院,2,1.0000,113.0000,112,.88%,6,71.5892,19.64%,22,10007,10007020
2024年全年度,1137020511,秀傳醫療財團法人彰濱秀傳紀念醫院,2,2.0000,258.0000,246,.78%,7,72.2195,16.67%,41,10007,10007020
2025年上半年度,1137020511,秀傳醫療財團法人彰濱秀傳紀念醫院,2,1.0000,140.0000,139,.71%,6,72.0359,18.71%,26,10007,10007020
2006年全年度,1137020511,秀傳醫療財團法人彰濱秀傳紀念醫院,2,0,11,10,0%,2,65.7,0%,0,10007,10007020
2007年全年度,1137020511,秀傳醫療財團法人彰濱秀傳紀念醫院,2,0,85,77,0%,5,67.6363,7.79%,6,10007,10007020
2008年全年度,1137020511,秀傳醫療財團法人彰濱秀傳紀念醫院,2,1,123,115,0.81%,7,68.9217,8.69%,10,10007,10007020
2009年全年度,1137020511,秀傳醫療財團法人彰濱秀傳紀念醫院,2,2,206,196,0.97%,7,68.7755,11.22%,22,10007,10007020
2010年全年度,1137020511,秀傳醫療財團法人彰濱秀傳紀念醫院,2,4,182,175,2.19%,7,69.9942,9.71%,17,10007,10007020
2011年上半年度,1137020520,彰化基督教醫療財團法人鹿港基督教醫院,3,0,14,13,0%,3,71.6153,15.38%,2,10007,10007020
2011年全年度,1137020520,彰化基督教醫療財團法人鹿港基督教醫院,3,1,30,28,3.33%,4,72.25,14.28%,4,10007,10007020
2012年上半年度,1137020520,彰化基督教醫療財團法人鹿港基督教醫院,3,0,8,8,0%,3,69.25,12.50%,1,10007,10007020
2012年全年度,1137020520,彰化基督教醫療財團法人鹿港基督教醫院,3,0,21,21,0%,3,70.1428,14.29%,3,10007,10007020
2013年上半年度,1137020520,彰化基督教醫療財團法人鹿港基督教醫院,3,0,12,12,0%,3,74.1666,8.33%,1,10007,10007020
2013年全年度,1137020520,彰化基督教醫療財團法人鹿港基督教醫院,3,0,27,27,0%,3,73.2222,7.41%,2,10007,10007020
2014年上半年度,1137020520,彰化基督教醫療財團法人鹿港基督教醫院,3,0,27,25,0%,3,70.2,24%,6,10007,10007020
2014年全年度,1137020520,彰化基督教醫療財團法人鹿港基督教醫院,3,0.0000,52.0000,48,0%,3,70.6875,16.67%,8,10007,10007020
2015年上半年度,1137020520,彰化基督教醫療財團法人鹿港基督教醫院,3,0.0000,17.0000,17,0%,3,70.8823,5.88%,1,10007,10007020
2015年全年度,1137020520,彰化基督教醫療財團法人鹿港基督教醫院,3,0.0000,39.0000,39,0%,5,69.8205,12.82%,5,10007,10007020
2016年上半年度,1137020520,彰化基督教醫療財團法人鹿港基督教醫院,3,0.0000,14.0000,14,0%,3,72.9285,21.43%,3,10007,10007020
2016年全年度,1137020520,彰化基督教醫療財團法人鹿港基督教醫院,3,1.0000,28.0000,27,3.57%,4,72.3703,22.22%,6,10007,10007020
2017年上半年度,1137020520,彰化基督教醫療財團法人鹿港基督教醫院,3,0.0000,12.0000,12,0%,2,72.1666,8.33%,1,10007,10007020
2017年全年度,1137020520,彰化基督教醫療財團法人鹿港基督教醫院,3,0.0000,24.0000,22,0%,2,72.2727,22.73%,5,10007,10007020
2018年上半年度,1137020520,彰化基督教醫療財團法人鹿港基督教醫院,3,1.0000,19.0000,19,5.26%,2,72.2631,15.79%,3,10007,10007020
2018年全年度,1137020520,彰化基督教醫療財團法人鹿港基督教醫院,3,1.0000,34.0000,33,2.94%,3,72.0000,9.09%,3,10007,10007020
2019年上半年度,1137020520,彰化基督教醫療財團法人鹿港基督教醫院,3,0.0000,14.0000,14,0%,3,69.5714,7.14%,1,10007,10007020
2019年全年度,1137020520,彰化基督教醫療財團法人鹿港基督教醫院,3,0.0000,25.0000,23,0%,3,70.1304,8.7%,2,10007,10007020
2020年上半年度,1137020520,彰化基督教醫療財團法人鹿港基督教醫院,3,0.0000,4.0000,4,0%,1,64.5000,25%,1,10007,10007020
2020年全年度,1137020520,彰化基督教醫療財團法人鹿港基督教醫院,3,0.0000,24.0000,23,0%,2,69.7391,8.7%,2,10007,10007020
2021年上半年度,1137020520,彰化基督教醫療財團法人鹿港基督教醫院,3,0.0000,13.0000,13,0%,3,76.4615,38.46%,5,10007,10007020
2021年全年度,1137020520,彰化基督教醫療財團法人鹿港基督教醫院,3,0.0000,28.0000,27,0%,4,74.1111,29.63%,8,10007,10007020
2022年上半年度,1137020520,彰化基督教醫療財團法人鹿港基督教醫院,3,0.0000,22.0000,22,0%,4,72.5909,22.73%,5,10007,10007020
2022年全年度,1137020520,彰化基督教醫療財團法人鹿港基督教醫院,3,0.0000,44.0000,43,0%,4,72.5581,16.28%,7,10007,10007020
2023年上半年度,1137020520,彰化基督教醫療財團法人鹿港基督教醫院,3,0.0000,19.0000,19,0%,4,70.6842,21.05%,4,10007,10007020
2023年全年度,1137020520,彰化基督教醫療財團法人鹿港基督教醫院,3,0.0000,30.0000,30,0%,4,71.4333,20%,6,10007,10007020
2024年上半年度,1137020520,彰化基督教醫療財團法人鹿港基督教醫院,3,1.0000,19.0000,19,5.26%,3,75.3157,15.79%,3,10007,10007020
2024年全年度,1137020520,彰化基督教醫療財團法人鹿港基督教醫院,3,1.0000,42.0000,42,2.38%,3,73.4285,16.67%,7,10007,10007020
2025年上半年度,1137020520,彰化基督教醫療財團法人鹿港基督教醫院,3,0.0000,19.0000,19,0%,3,73.5263,10.53%,2,10007,10007020
2006年全年度,1137020520,彰化基督教醫療財團法人鹿港基督教醫院,3,0,3,3,0%,1,70.3333,0%,0,10007,10007020
2007年全年度,1137020520,彰化基督教醫療財團法人鹿港基督教醫院,3,0,4,4,0%,1,69.25,0%,0,10007,10007020
2008年全年度,1137020520,彰化基督教醫療財團法人鹿港基督教醫院,3,0,4,3,0%,2,64,0%,0,10007,10007020
2009年全年度,1137020520,彰化基督教醫療財團法人鹿港基督教醫院,3,0,14,14,0%,4,71.2142,7.14%,1,10007,10007020
2010年全年度,1137020520,彰化基督教醫療財團法人鹿港基督教醫院,3,0,15,13,0%,4,71.5384,7.69%,1,10007,10007020
2015年全年度,1137050019,彰化基督教醫療財團法人員林基督教醫院,3,0.0000,13.0000,13,0%,4,72.7692,15.38%,2,10007,10007100
2016年上半年度,1137050019,彰化基督教醫療財團法人員林基督教醫院,3,0.0000,14.0000,14,0%,4,77.0000,21.43%,3,10007,10007100
2016年全年度,1137050019,彰化基督教醫療財團法人員林基督教醫院,3,1.0000,30.0000,29,3.33%,4,72.4827,27.59%,8,10007,10007100
2017年上半年度,1137050019,彰化基督教醫療財團法人員林基督教醫院,3,1.0000,16.0000,16,6.25%,4,73.0000,12.5%,2,10007,10007100
2017年全年度,1137050019,彰化基督教醫療財團法人員林基督教醫院,3,1.0000,29.0000,29,3.45%,4,71.2068,10.34%,3,10007,10007100
2018年上半年度,1137050019,彰化基督教醫療財團法人員林基督教醫院,3,0.0000,17.0000,17,0%,4,71.7058,47.06%,8,10007,10007100
2018年全年度,1137050019,彰化基督教醫療財團法人員林基督教醫院,3,0.0000,33.0000,33,0%,4,69.6969,30.3%,10,10007,10007100
2019年上半年度,1137050019,彰化基督教醫療財團法人員林基督教醫院,3,0.0000,22.0000,22,0%,4,72.0454,9.09%,2,10007,10007100
2019年全年度,1137050019,彰化基督教醫療財團法人員林基督教醫院,3,0.0000,47.0000,44,0%,4,70.8636,9.09%,4,10007,10007100
2020年上半年度,1137050019,彰化基督教醫療財團法人員林基督教醫院,3,0.0000,14.0000,14,0%,4,74.9285,14.29%,2,10007,10007100
2020年全年度,1137050019,彰化基督教醫療財團法人員林基督教醫院,3,1.0000,46.0000,45,2.17%,4,72.8222,22.22%,10,10007,10007100
2021年上半年度,1137050019,彰化基督教醫療財團法人員林基督教醫院,3,0.0000,17.0000,17,0%,4,72.4117,11.76%,2,10007,10007100
2021年全年度,1137050019,彰化基督教醫療財團法人員林基督教醫院,3,0.0000,45.0000,43,0%,4,70.9534,11.63%,5,10007,10007100
2022年上半年度,1137050019,彰化基督教醫療財團法人員林基督教醫院,3,1.0000,17.0000,16,5.88%,3,71.0625,18.75%,3,10007,10007100
2022年全年度,1137050019,彰化基督教醫療財團法人員林基督教醫院,3,2.0000,38.0000,34,5.26%,3,71.3235,17.65%,6,10007,10007100
2023年上半年度,1137050019,彰化基督教醫療財團法人員林基督教醫院,3,0.0000,14.0000,14,0%,4,72.5000,21.43%,3,10007,10007100
2023年全年度,1137050019,彰化基督教醫療財團法人員林基督教醫院,3,0.0000,35.0000,35,0%,4,71.8571,22.86%,8,10007,10007100
2024年上半年度,1137050019,彰化基督教醫療財團法人員林基督教醫院,3,0.0000,16.0000,15,0%,3,72.8000,6.67%,1,10007,10007100
2024年全年度,1137050019,彰化基督教醫療財團法人員林基督教醫院,3,0.0000,38.0000,37,0%,5,72.2702,13.51%,5,10007,10007100
2025年上半年度,1137050019,彰化基督教醫療財團法人員林基督教醫院,3,0.0000,25.0000,25,0%,5,71.5200,16%,4,10007,10007100
2011年上半年度,1137080017,彰化基督教醫療財團法人二林基督教醫院,3,0,2,2,0%,1,61.5,0%,0,10007,10007200
2011年全年度,1137080017,彰化基督教醫療財團法人二林基督教醫院,3,0,12,9,0%,2,65.5555,0%,0,10007,10007200
2012年上半年度,1137080017,彰化基督教醫療財團法人二林基督教醫院,3,0,2,2,0%,2,72,0%,0,10007,10007200
2012年全年度,1137080017,彰化基督教醫療財團法人二林基督教醫院,3,0,6,6,0%,2,72.6666,16.67%,1,10007,10007200
2013年全年度,1137080017,彰化基督教醫療財團法人二林基督教醫院,3,0,4,4,0%,2,73.75,0%,0,10007,10007200
2014年上半年度,1137080017,彰化基督教醫療財團法人二林基督教醫院,3,0,3,3,0%,2,73,66.67%,2,10007,10007200
2014年全年度,1137080017,彰化基督教醫療財團法人二林基督教醫院,3,0.0000,7.0000,6,0%,2,74.8333,33.33%,2,10007,10007200
2015年上半年度,1137080017,彰化基督教醫療財團法人二林基督教醫院,3,0.0000,3.0000,3,0%,1,77.0000,33.33%,1,10007,10007200
2015年全年度,1137080017,彰化基督教醫療財團法人二林基督教醫院,3,0.0000,4.0000,4,0%,2,77.2500,50%,2,10007,10007200
2016年上半年度,1137080017,彰化基督教醫療財團法人二林基督教醫院,3,0.0000,5.0000,5,0%,2,73.0000,40%,2,10007,10007200
2016年全年度,1137080017,彰化基督教醫療財團法人二林基督教醫院,3,0.0000,8.0000,8,0%,2,73.7500,25%,2,10007,10007200
2017年上半年度,1137080017,彰化基督教醫療財團法人二林基督教醫院,3,0.0000,4.0000,4,0%,2,67.7500,0%,0,10007,10007200
2017年全年度,1137080017,彰化基督教醫療財團法人二林基督教醫院,3,0.0000,9.0000,9,0%,2,68.8888,11.11%,1,10007,10007200
2018年上半年度,1137080017,彰化基督教醫療財團法人二林基督教醫院,3,0.0000,3.0000,3,0%,1,71.6666,33.33%,1,10007,10007200
2018年全年度,1137080017,彰化基督教醫療財團法人二林基督教醫院,3,0.0000,8.0000,8,0%,2,65.3750,12.5%,1,10007,10007200
2019年上半年度,1137080017,彰化基督教醫療財團法人二林基督教醫院,3,0.0000,4.0000,4,0%,2,73.7500,0%,0,10007,10007200
2019年全年度,1137080017,彰化基督教醫療財團法人二林基督教醫院,3,0.0000,10.0000,10,0%,2,71.3000,10%,1,10007,10007200
2020年上半年度,1137080017,彰化基督教醫療財團法人二林基督教醫院,3,0.0000,5.0000,5,0%,2,67.4000,20%,1,10007,10007200
2020年全年度,1137080017,彰化基督教醫療財團法人二林基督教醫院,3,0.0000,12.0000,12,0%,2,70.5000,8.33%,1,10007,10007200
2021年上半年度,1137080017,彰化基督教醫療財團法人二林基督教醫院,3,0.0000,2.0000,2,0%,1,77.0000,0%,0,10007,10007200
2021年全年度,1137080017,彰化基督教醫療財團法人二林基督教醫院,3,0.0000,12.0000,11,0%,2,71.1818,27.27%,3,10007,10007200
2022年上半年度,1137080017,彰化基督教醫療財團法人二林基督教醫院,3,0.0000,3.0000,3,0%,2,67.6666,66.67%,2,10007,10007200
2022年全年度,1137080017,彰化基督教醫療財團法人二林基督教醫院,3,0.0000,11.0000,10,0%,2,67.4000,40%,4,10007,10007200
2023年上半年度,1137080017,彰化基督教醫療財團法人二林基督教醫院,3,0.0000,5.0000,4,0%,2,69.7500,0%,0,10007,10007200
2023年全年度,1137080017,彰化基督教醫療財團法人二林基督教醫院,3,0.0000,10.0000,9,0%,2,67.0000,11.11%,1,10007,10007200
2024年上半年度,1137080017,彰化基督教醫療財團法人二林基督教醫院,3,0.0000,7.0000,7,0%,1,64.4285,14.29%,1,10007,10007200
2024年全年度,1137080017,彰化基督教醫療財團法人二林基督教醫院,3,0.0000,18.0000,18,0%,2,69.1666,11.11%,2,10007,10007200
2025年上半年度,1137080017,彰化基督教醫療財團法人二林基督教醫院,3,0.0000,9.0000,9,0%,2,72.7777,11.11%,1,10007,10007200
2006年全年度,1137080017,彰化基督教醫療財團法人二林基督教醫院,3,0,6,6,0%,1,75.3333,0%,0,10007,10007200
2007年全年度,1137080017,彰化基督教醫療財團法人二林基督教醫院,3,0,7,7,0%,1,68.5714,0%,0,10007,10007200
2008年全年度,1137080017,彰化基督教醫療財團法人二林基督教醫院,3,0,7,6,0%,1,67.6666,0%,0,10007,10007200
2009年全年度,1137080017,彰化基督教醫療財團法人二林基督教醫院,3,0,9,8,0%,2,67.875,0%,0,10007,10007200
2010年全年度,1137080017,彰化基督教醫療財團法人二林基督教醫院,3,0,5,5,0%,2,66.8,20%,1,10007,10007200
2019年全年度,1138010019,彰化基督教醫療財團法人南投基督教醫院,3,0.0000,2.0000,2,0%,1,74.0000,50%,1,10008,10008010
2020年上半年度,1138010019,彰化基督教醫療財團法人南投基督教醫院,3,0.0000,7.0000,7,0%,4,67.8571,0%,0,10008,10008010
2020年全年度,1138010019,彰化基督教醫療財團法人南投基督教醫院,3,0.0000,13.0000,13,0%,5,68.3846,7.69%,1,10008,10008010
2021年上半年度,1138010019,彰化基督教醫療財團法人南投基督教醫院,3,0.0000,8.0000,8,0%,4,74.3750,25%,2,10008,10008010
2021年全年度,1138010019,彰化基督教醫療財團法人南投基督教醫院,3,0.0000,11.0000,11,0%,5,70.6363,18.18%,2,10008,10008010
2022年上半年度,1138010019,彰化基督教醫療財團法人南投基督教醫院,3,0.0000,7.0000,6,0%,4,70.3333,0%,0,10008,10008010
2022年全年度,1138010019,彰化基督教醫療財團法人南投基督教醫院,3,0.0000,10.0000,9,0%,4,69.5555,11.11%,1,10008,10008010
2023年上半年度,1138010019,彰化基督教醫療財團法人南投基督教醫院,3,0.0000,8.0000,8,0%,4,68.7500,12.5%,1,10008,10008010
2023年全年度,1138010019,彰化基督教醫療財團法人南投基督教醫院,3,0.0000,16.0000,16,0%,4,66.5000,12.5%,2,10008,10008010
2024年上半年度,1138010019,彰化基督教醫療財團法人南投基督教醫院,3,0.0000,4.0000,4,0%,3,71.7500,0%,0,10008,10008010
2024年全年度,1138010019,彰化基督教醫療財團法人南投基督教醫院,3,0.0000,10.0000,10,0%,4,70.6000,10%,1,10008,10008010
2025年上半年度,1138010019,彰化基督教醫療財團法人南投基督教醫院,3,0.0000,4.0000,4,0%,2,70.5000,0%,0,10008,10008010
2011年上半年度,1138020015,埔基醫療財團法人埔里基督教醫院,2,1,39,37,2.56%,4,69.9189,2.70%,1,10008,10008020
2011年全年度,1138020015,埔基醫療財團法人埔里基督教醫院,2,1,74,68,1.35%,4,68.6764,4.41%,3,10008,10008020
2012年上半年度,1138020015,埔基醫療財團法人埔里基督教醫院,2,0,32,32,0%,2,68.8437,15.62%,5,10008,10008020
2012年全年度,1138020015,埔基醫療財團法人埔里基督教醫院,2,0,69,65,0%,3,68.323,12.31%,8,10008,10008020
2013年上半年度,1138020015,埔基醫療財團法人埔里基督教醫院,2,0,26,26,0%,3,67.1153,3.85%,1,10008,10008020
2013年全年度,1138020015,埔基醫療財團法人埔里基督教醫院,2,0,59,58,0%,3,67.2413,12.07%,7,10008,10008020
2014年上半年度,1138020015,埔基醫療財團法人埔里基督教醫院,2,1,21,21,4.76%,4,70.8095,9.52%,2,10008,10008020
2014年全年度,1138020015,埔基醫療財團法人埔里基督教醫院,2,1.0000,56.0000,54,1.79%,4,67.8148,14.81%,8,10008,10008020
2015年上半年度,1138020015,埔基醫療財團法人埔里基督教醫院,2,0.0000,37.0000,37,0%,2,67.9189,13.51%,5,10008,10008020
2015年全年度,1138020015,埔基醫療財團法人埔里基督教醫院,2,0.0000,56.0000,55,0%,2,69.3090,9.09%,5,10008,10008020
2016年上半年度,1138020015,埔基醫療財團法人埔里基督教醫院,2,0.0000,15.0000,15,0%,2,66.8000,13.33%,2,10008,10008020
2016年全年度,1138020015,埔基醫療財團法人埔里基督教醫院,2,0.0000,36.0000,33,0%,2,68.4242,15.15%,5,10008,10008020
2017年上半年度,1138020015,埔基醫療財團法人埔里基督教醫院,2,0.0000,24.0000,23,0%,2,69.7826,13.04%,3,10008,10008020
2017年全年度,1138020015,埔基醫療財團法人埔里基督教醫院,2,0.0000,48.0000,47,0%,2,70.1702,12.77%,6,10008,10008020
2018年上半年度,1138020015,埔基醫療財團法人埔里基督教醫院,2,0.0000,22.0000,22,0%,2,68.5909,18.18%,4,10008,10008020
2018年全年度,1138020015,埔基醫療財團法人埔里基督教醫院,2,0.0000,41.0000,39,0%,2,68.0769,12.82%,5,10008,10008020
2019年上半年度,1138020015,埔基醫療財團法人埔里基督教醫院,2,0.0000,13.0000,13,0%,2,71.3846,15.38%,2,10008,10008020
2019年全年度,1138020015,埔基醫療財團法人埔里基督教醫院,2,0.0000,34.0000,33,0%,3,72.0000,9.09%,3,10008,10008020
2020年上半年度,1138020015,埔基醫療財團法人埔里基督教醫院,2,0.0000,10.0000,10,0%,3,70.2000,30%,3,10008,10008020
2020年全年度,1138020015,埔基醫療財團法人埔里基督教醫院,2,0.0000,25.0000,24,0%,3,69.8750,20.83%,5,10008,10008020
2021年上半年度,1138020015,埔基醫療財團法人埔里基督教醫院,2,0.0000,18.0000,18,0%,3,71.5000,11.11%,2,10008,10008020
2021年全年度,1138020015,埔基醫療財團法人埔里基督教醫院,2,0.0000,34.0000,33,0%,3,70.6969,12.12%,4,10008,10008020
2022年上半年度,1138020015,埔基醫療財團法人埔里基督教醫院,2,0.0000,14.0000,12,0%,4,69.5833,8.33%,1,10008,10008020
2022年全年度,1138020015,埔基醫療財團法人埔里基督教醫院,2,0.0000,30.0000,28,0%,4,70.6785,14.29%,4,10008,10008020
2023年上半年度,1138020015,埔基醫療財團法人埔里基督教醫院,2,0.0000,15.0000,15,0%,3,71.0000,13.33%,2,10008,10008020
2023年全年度,1138020015,埔基醫療財團法人埔里基督教醫院,2,0.0000,35.0000,33,0%,4,70.6363,18.18%,6,10008,10008020
2024年上半年度,1138020015,埔基醫療財團法人埔里基督教醫院,2,0.0000,19.0000,19,0%,4,72.0526,10.53%,2,10008,10008020
2024年全年度,1138020015,埔基醫療財團法人埔里基督教醫院,2,0.0000,43.0000,41,0%,4,71.6829,17.07%,7,10008,10008020
2025年上半年度,1138020015,埔基醫療財團法人埔里基督教醫院,2,0.0000,29.0000,27,0%,4,69.9629,11.11%,3,10008,10008020
2006年全年度,1138020015,埔基醫療財團法人埔里基督教醫院,2,0,26,26,0%,2,65.5384,3.84%,1,10008,10008020
2007年全年度,1138020015,埔基醫療財團法人埔里基督教醫院,2,0,26,24,0%,2,64.7083,12.50%,3,10008,10008020
2008年全年度,1138020015,埔基醫療財團法人埔里基督教醫院,2,0,56,54,0%,4,68.3148,3.70%,2,10008,10008020
2009年全年度,1138020015,埔基醫療財團法人埔里基督教醫院,2,1,61,59,1.63%,4,68.4067,13.55%,8,10008,10008020
2010年全年度,1138020015,埔基醫療財團法人埔里基督教醫院,2,1,64,62,1.56%,5,67.629,11.29%,7,10008,10008020
2024年上半年度,1139010013,佛教慈濟醫療財團法人斗六慈濟醫院,3,0.0000,12.0000,12,0%,2,70.8333,0%,0,10009,10009010
2024年全年度,1139010013,佛教慈濟醫療財團法人斗六慈濟醫院,3,0.0000,32.0000,32,0%,3,70.2187,12.5%,4,10009,10009010
2025年上半年度,1139010013,佛教慈濟醫療財團法人斗六慈濟醫院,3,0.0000,26.0000,25,0%,1,73.0800,28%,7,10009,10009010
2011年上半年度,1139030015,天主教若瑟醫療財團法人若瑟醫院,3,0,4,4,0%,2,74.25,0%,0,10009,10009030
2011年全年度,1139030015,天主教若瑟醫療財團法人若瑟醫院,3,0,13,13,0%,3,70.3846,0%,0,10009,10009030
2012年上半年度,1139030015,天主教若瑟醫療財團法人若瑟醫院,3,0,8,8,0%,1,68.625,25%,2,10009,10009030
2012年全年度,1139030015,天主教若瑟醫療財團法人若瑟醫院,3,0,18,18,0%,3,69.1111,16.67%,3,10009,10009030
2013年上半年度,1139030015,天主教若瑟醫療財團法人若瑟醫院,3,0,17,17,0%,3,74.8235,17.65%,3,10009,10009030
2013年全年度,1139030015,天主教若瑟醫療財團法人若瑟醫院,3,0,33,33,0%,3,72.9393,21.21%,7,10009,10009030
2014年上半年度,1139030015,天主教若瑟醫療財團法人若瑟醫院,3,0,5,5,0%,1,70.6,20%,1,10009,10009030
2014年全年度,1139030015,天主教若瑟醫療財團法人若瑟醫院,3,0.0000,14.0000,14,0%,2,72.8571,14.29%,2,10009,10009030
2015年上半年度,1139030015,天主教若瑟醫療財團法人若瑟醫院,3,0.0000,5.0000,5,0%,2,69.6000,20%,1,10009,10009030
2015年全年度,1139030015,天主教若瑟醫療財團法人若瑟醫院,3,1.0000,22.0000,21,4.55%,2,69.7619,9.52%,2,10009,10009030
2016年上半年度,1139030015,天主教若瑟醫療財團法人若瑟醫院,3,0.0000,17.0000,17,0%,3,70.1176,11.76%,2,10009,10009030
2016年全年度,1139030015,天主教若瑟醫療財團法人若瑟醫院,3,0.0000,35.0000,35,0%,4,70.4571,8.57%,3,10009,10009030
2017年上半年度,1139030015,天主教若瑟醫療財團法人若瑟醫院,3,0.0000,19.0000,19,0%,2,67.6842,5.26%,1,10009,10009030
2017年全年度,1139030015,天主教若瑟醫療財團法人若瑟醫院,3,0.0000,40.0000,39,0%,4,69.7179,15.38%,6,10009,10009030
2018年上半年度,1139030015,天主教若瑟醫療財團法人若瑟醫院,3,0.0000,14.0000,14,0%,4,69.9285,28.57%,4,10009,10009030
2018年全年度,1139030015,天主教若瑟醫療財團法人若瑟醫院,3,0.0000,39.0000,37,0%,4,70.9189,16.22%,6,10009,10009030
2019年上半年度,1139030015,天主教若瑟醫療財團法人若瑟醫院,3,0.0000,39.0000,36,0%,3,70.4166,16.67%,6,10009,10009030
2019年全年度,1139030015,天主教若瑟醫療財團法人若瑟醫院,3,0.0000,63.0000,59,0%,3,70.9322,15.25%,9,10009,10009030
2020年上半年度,1139030015,天主教若瑟醫療財團法人若瑟醫院,3,1.0000,28.0000,26,3.57%,3,71.6923,7.69%,2,10009,10009030
2020年全年度,1139030015,天主教若瑟醫療財團法人若瑟醫院,3,1.0000,55.0000,53,1.82%,3,72.1132,3.77%,2,10009,10009030
2021年上半年度,1139030015,天主教若瑟醫療財團法人若瑟醫院,3,0.0000,13.0000,13,0%,2,71.0000,7.69%,1,10009,10009030
2021年全年度,1139030015,天主教若瑟醫療財團法人若瑟醫院,3,0.0000,38.0000,37,0%,2,72.8648,8.11%,3,10009,10009030
2022年上半年度,1139030015,天主教若瑟醫療財團法人若瑟醫院,3,0.0000,23.0000,23,0%,2,72.7391,13.04%,3,10009,10009030
2022年全年度,1139030015,天主教若瑟醫療財團法人若瑟醫院,3,0.0000,46.0000,45,0%,3,73.9333,13.33%,6,10009,10009030
2023年上半年度,1139030015,天主教若瑟醫療財團法人若瑟醫院,3,0.0000,31.0000,30,0%,4,73.3666,13.33%,4,10009,10009030
2023年全年度,1139030015,天主教若瑟醫療財團法人若瑟醫院,3,0.0000,64.0000,60,0%,4,72.5833,11.67%,7,10009,10009030
2024年上半年度,1139030015,天主教若瑟醫療財團法人若瑟醫院,3,0.0000,37.0000,37,0%,3,71.4864,0%,0,10009,10009030
2024年全年度,1139030015,天主教若瑟醫療財團法人若瑟醫院,3,1.0000,76.0000,74,1.32%,3,71.9054,8.11%,6,10009,10009030
2025年上半年度,1139030015,天主教若瑟醫療財團法人若瑟醫院,3,0.0000,35.0000,34,0%,3,72.4705,2.94%,1,10009,10009030
2006年全年度,1139030015,天主教若瑟醫療財團法人若瑟醫院,3,0,8,6,0%,3,71.5,0%,0,10009,10009030
2007年全年度,1139030015,天主教若瑟醫療財團法人若瑟醫院,3,0,3,3,0%,2,79.6666,0%,0,10009,10009030
2008年全年度,1139030015,天主教若瑟醫療財團法人若瑟醫院,3,0,10,10,0%,2,70.3,0%,0,10009,10009030
2009年全年度,1139030015,天主教若瑟醫療財團法人若瑟醫院,3,0,16,15,0%,3,68.2666,6.66%,1,10009,10009030
2010年全年度,1139030015,天主教若瑟醫療財團法人若瑟醫院,3,0,20,18,0%,4,71.7777,11.11%,2,10009,10009030
2011年上半年度,1139040011,彰化基督教醫療財團法人雲林基督教醫院,3,0,4,4,0%,3,70.75,0%,0,10009,10009040
2011年全年度,1139040011,彰化基督教醫療財團法人雲林基督教醫院,3,0,7,7,0%,4,72.7142,0%,0,10009,10009040
2012年上半年度,1139040011,彰化基督教醫療財團法人雲林基督教醫院,3,0,9,9,0%,2,68.8888,0%,0,10009,10009040
2012年全年度,1139040011,彰化基督教醫療財團法人雲林基督教醫院,3,0,15,14,0%,2,68.7142,0%,0,10009,10009040
2013年上半年度,1139040011,彰化基督教醫療財團法人雲林基督教醫院,3,0,11,11,0%,3,78,18.18%,2,10009,10009040
2013年全年度,1139040011,彰化基督教醫療財團法人雲林基督教醫院,3,0,20,20,0%,3,74.4,10%,2,10009,10009040
2014年上半年度,1139040011,彰化基督教醫療財團法人雲林基督教醫院,3,0,9,9,0%,4,64.3333,11.11%,1,10009,10009040
2014年全年度,1139040011,彰化基督教醫療財團法人雲林基督教醫院,3,0.0000,17.0000,16,0%,4,65.6875,12.5%,2,10009,10009040
2015年上半年度,1139040011,彰化基督教醫療財團法人雲林基督教醫院,3,0.0000,9.0000,9,0%,3,68.7777,0%,0,10009,10009040
2015年全年度,1139040011,彰化基督教醫療財團法人雲林基督教醫院,3,0.0000,15.0000,14,0%,3,71.6428,0%,0,10009,10009040
2016年上半年度,1139040011,彰化基督教醫療財團法人雲林基督教醫院,3,0.0000,5.0000,5,0%,1,77.4000,0%,0,10009,10009040
2016年全年度,1139040011,彰化基督教醫療財團法人雲林基督教醫院,3,0.0000,12.0000,12,0%,2,73.8333,8.33%,1,10009,10009040
2017年上半年度,1139040011,彰化基督教醫療財團法人雲林基督教醫院,3,0.0000,9.0000,9,0%,2,73.7777,0%,0,10009,10009040
2017年全年度,1139040011,彰化基督教醫療財團法人雲林基督教醫院,3,0.0000,19.0000,18,0%,3,72.5000,5.56%,1,10009,10009040
2018年上半年度,1139040011,彰化基督教醫療財團法人雲林基督教醫院,3,0.0000,11.0000,11,0%,4,70.3636,18.18%,2,10009,10009040
2018年全年度,1139040011,彰化基督教醫療財團法人雲林基督教醫院,3,0.0000,25.0000,24,0%,4,71.9166,25%,6,10009,10009040
2019年上半年度,1139040011,彰化基督教醫療財團法人雲林基督教醫院,3,0.0000,26.0000,25,0%,3,71.3600,20%,5,10009,10009040
2019年全年度,1139040011,彰化基督教醫療財團法人雲林基督教醫院,3,0.0000,56.0000,51,0%,4,72.6078,17.65%,9,10009,10009040
2020年上半年度,1139040011,彰化基督教醫療財團法人雲林基督教醫院,3,0.0000,7.0000,7,0%,1,74.2857,14.29%,1,10009,10009040
2020年全年度,1139040011,彰化基督教醫療財團法人雲林基督教醫院,3,0.0000,22.0000,22,0%,5,71.8181,18.18%,4,10009,10009040
2021年上半年度,1139040011,彰化基督教醫療財團法人雲林基督教醫院,3,1.0000,16.0000,16,6.25%,2,72.8125,18.75%,3,10009,10009040
2021年全年度,1139040011,彰化基督教醫療財團法人雲林基督教醫院,3,1.0000,36.0000,35,2.78%,4,70.5142,22.86%,8,10009,10009040
2022年上半年度,1139040011,彰化基督教醫療財團法人雲林基督教醫院,3,0.0000,11.0000,11,0%,3,75.6363,9.09%,1,10009,10009040
2022年全年度,1139040011,彰化基督教醫療財團法人雲林基督教醫院,3,0.0000,28.0000,28,0%,3,74.3214,10.71%,3,10009,10009040
2023年上半年度,1139040011,彰化基督教醫療財團法人雲林基督教醫院,3,0.0000,21.0000,21,0%,3,76.6190,19.05%,4,10009,10009040
2023年全年度,1139040011,彰化基督教醫療財團法人雲林基督教醫院,3,0.0000,41.0000,39,0%,4,73.4102,20.51%,8,10009,10009040
2024年上半年度,1139040011,彰化基督教醫療財團法人雲林基督教醫院,3,0.0000,24.0000,24,0%,3,71.6250,16.67%,4,10009,10009040
2024年全年度,1139040011,彰化基督教醫療財團法人雲林基督教醫院,3,0.0000,59.0000,55,0%,4,71.1818,20%,11,10009,10009040
2025年上半年度,1139040011,彰化基督教醫療財團法人雲林基督教醫院,3,0.0000,33.0000,32,0%,4,72.0312,15.63%,5,10009,10009040
2009年全年度,1139040011,彰化基督教醫療財團法人雲林基督教醫院,3,0,4,4,0%,1,73.25,0%,0,10009,10009040
2010年全年度,1139040011,彰化基督教醫療財團法人雲林基督教醫院,3,0,5,5,0%,2,73.8,20%,1,10009,10009040
2013年上半年度,1139130010,長庚醫療財團法人雲林長庚紀念醫院,3,0,1,1,0%,1,49,100%,1,10009,10009130
2013年全年度,1139130010,長庚醫療財團法人雲林長庚紀念醫院,3,1,3,2,33.33%,1,60,50%,1,10009,10009130
2014年上半年度,1139130010,長庚醫療財團法人雲林長庚紀念醫院,3,0,1,1,0%,1,75,100%,1,10009,10009130
2014年全年度,1139130010,長庚醫療財團法人雲林長庚紀念醫院,3,0.0000,4.0000,4,0%,2,72.2500,25%,1,10009,10009130
2015年上半年度,1139130010,長庚醫療財團法人雲林長庚紀念醫院,3,0.0000,1.0000,1,0%,1,73.0000,0%,0,10009,10009130
2015年全年度,1139130010,長庚醫療財團法人雲林長庚紀念醫院,3,0.0000,5.0000,5,0%,3,71.0000,0%,0,10009,10009130
2016年上半年度,1139130010,長庚醫療財團法人雲林長庚紀念醫院,3,0.0000,4.0000,4,0%,1,65.0000,0%,0,10009,10009130
2016年全年度,1139130010,長庚醫療財團法人雲林長庚紀念醫院,3,0.0000,5.0000,5,0%,1,66.2000,0%,0,10009,10009130
2017年上半年度,1139130010,長庚醫療財團法人雲林長庚紀念醫院,3,0.0000,6.0000,6,0%,1,69.1666,0%,0,10009,10009130
2017年全年度,1139130010,長庚醫療財團法人雲林長庚紀念醫院,3,0.0000,14.0000,14,0%,1,71.7142,0%,0,10009,10009130
2018年上半年度,1139130010,長庚醫療財團法人雲林長庚紀念醫院,3,0.0000,8.0000,8,0%,1,71.3750,12.5%,1,10009,10009130
2018年全年度,1139130010,長庚醫療財團法人雲林長庚紀念醫院,3,0.0000,11.0000,11,0%,1,72.1818,9.09%,1,10009,10009130
2019年上半年度,1139130010,長庚醫療財團法人雲林長庚紀念醫院,3,0.0000,11.0000,10,0%,2,71.6000,10%,1,10009,10009130
2019年全年度,1139130010,長庚醫療財團法人雲林長庚紀念醫院,3,0.0000,22.0000,20,0%,2,72.5000,10%,2,10009,10009130
2020年上半年度,1139130010,長庚醫療財團法人雲林長庚紀念醫院,3,0.0000,7.0000,7,0%,1,73.0000,14.29%,1,10009,10009130
2020年全年度,1139130010,長庚醫療財團法人雲林長庚紀念醫院,3,0.0000,20.0000,18,0%,1,71.0555,11.11%,2,10009,10009130
2021年上半年度,1139130010,長庚醫療財團法人雲林長庚紀念醫院,3,0.0000,8.0000,7,0%,2,69.0000,14.29%,1,10009,10009130
2021年全年度,1139130010,長庚醫療財團法人雲林長庚紀念醫院,3,0.0000,18.0000,17,0%,2,70.5294,11.76%,2,10009,10009130
2022年上半年度,1139130010,長庚醫療財團法人雲林長庚紀念醫院,3,0.0000,11.0000,10,0%,3,68.8000,10%,1,10009,10009130
2022年全年度,1139130010,長庚醫療財團法人雲林長庚紀念醫院,3,0.0000,20.0000,19,0%,3,70.4736,15.79%,3,10009,10009130
2023年上半年度,1139130010,長庚醫療財團法人雲林長庚紀念醫院,3,0.0000,17.0000,17,0%,1,71.1764,23.53%,4,10009,10009130
2023年全年度,1139130010,長庚醫療財團法人雲林長庚紀念醫院,3,0.0000,36.0000,34,0%,3,71.8235,17.65%,6,10009,10009130
2024年上半年度,1139130010,長庚醫療財團法人雲林長庚紀念醫院,3,0.0000,13.0000,13,0%,2,72.3076,7.69%,1,10009,10009130
2024年全年度,1139130010,長庚醫療財團法人雲林長庚紀念醫院,3,0.0000,29.0000,28,0%,3,73.1071,10.71%,3,10009,10009130
2025年上半年度,1139130010,長庚醫療財團法人雲林長庚紀念醫院,3,0.0000,15.0000,15,0%,2,73.8000,13.33%,2,10009,10009130
2011年上半年度,1140010510,長庚醫療財團法人嘉義長庚紀念醫院,2,0,135,133,0%,10,70.0977,15.03%,20,10010,10010020
2011年全年度,1140010510,長庚醫療財團法人嘉義長庚紀念醫院,2,1,278,263,0.35%,11,70.0494,12.16%,32,10010,10010020
2012年上半年度,1140010510,長庚醫療財團法人嘉義長庚紀念醫院,2,2,138,136,1.44%,10,71.0514,10.29%,14,10010,10010020
2012年全年度,1140010510,長庚醫療財團法人嘉義長庚紀念醫院,2,3,322,298,0.93%,11,70.8691,11.41%,34,10010,10010020
2013年上半年度,1140010510,長庚醫療財團法人嘉義長庚紀念醫院,2,1,114,113,0.88%,14,69.4247,9.73%,11,10010,10010020
2013年全年度,1140010510,長庚醫療財團法人嘉義長庚紀念醫院,2,3,255,247,1.18%,16,69.6153,11.74%,29,10010,10010020
2014年上半年度,1140010510,長庚醫療財團法人嘉義長庚紀念醫院,2,2,143,141,1.40%,16,70.3687,16.31%,23,10010,10010020
2014年全年度,1140010510,長庚醫療財團法人嘉義長庚紀念醫院,2,3.0000,277.0000,263,1.08%,19,70.0950,15.59%,41,10010,10010020
2015年上半年度,1140010510,長庚醫療財團法人嘉義長庚紀念醫院,2,0.0000,138.0000,134,0%,13,72.2164,14.18%,19,10010,10010020
2015年全年度,1140010510,長庚醫療財團法人嘉義長庚紀念醫院,2,2.0000,319.0000,299,0.63%,15,71.2240,12.71%,38,10010,10010020
2016年上半年度,1140010510,長庚醫療財團法人嘉義長庚紀念醫院,2,0.0000,135.0000,134,0%,12,71.8283,11.94%,16,10010,10010020
2016年全年度,1140010510,長庚醫療財團法人嘉義長庚紀念醫院,2,3.0000,334.0000,317,0.9%,14,71.1041,12.62%,40,10010,10010020
2017年上半年度,1140010510,長庚醫療財團法人嘉義長庚紀念醫院,2,3.0000,210.0000,205,1.43%,14,70.3658,12.2%,25,10010,10010020
2017年全年度,1140010510,長庚醫療財團法人嘉義長庚紀念醫院,2,4.0000,405.0000,380,0.99%,18,70.5763,13.42%,51,10010,10010020
2018年上半年度,1140010510,長庚醫療財團法人嘉義長庚紀念醫院,2,0.0000,215.0000,209,0%,13,71.5215,13.4%,28,10010,10010020
2018年全年度,1140010510,長庚醫療財團法人嘉義長庚紀念醫院,2,1.0000,494.0000,459,0.2%,15,71.5708,13.51%,62,10010,10010020
2019年上半年度,1140010510,長庚醫療財團法人嘉義長庚紀念醫院,2,1.0000,253.0000,246,0.4%,15,71.8455,12.6%,31,10010,10010020
2019年全年度,1140010510,長庚醫療財團法人嘉義長庚紀念醫院,2,3.0000,540.0000,513,0.56%,16,72.1306,14.62%,75,10010,10010020
2020年上半年度,1140010510,長庚醫療財團法人嘉義長庚紀念醫院,2,1.0000,158.0000,155,0.63%,12,71.5870,19.35%,30,10010,10010020
2020年全年度,1140010510,長庚醫療財團法人嘉義長庚紀念醫院,2,1.0000,409.0000,390,0.24%,15,71.5282,15.38%,60,10010,10010020
2021年上半年度,1140010510,長庚醫療財團法人嘉義長庚紀念醫院,2,0.0000,250.0000,243,0%,16,72.0617,16.46%,40,10010,10010020
2021年全年度,1140010510,長庚醫療財團法人嘉義長庚紀念醫院,2,0.0000,483.0000,460,0%,16,71.7086,16.52%,76,10010,10010020
2022年上半年度,1140010510,長庚醫療財團法人嘉義長庚紀念醫院,2,0.0000,197.0000,190,0%,13,71.9473,18.42%,35,10010,10010020
2022年全年度,1140010510,長庚醫療財團法人嘉義長庚紀念醫院,2,0.0000,405.0000,380,0%,16,72.1131,18.42%,70,10010,10010020
2023年上半年度,1140010510,長庚醫療財團法人嘉義長庚紀念醫院,2,2.0000,233.0000,227,.86%,16,71.8149,16.3%,37,10010,10010020
2023年全年度,1140010510,長庚醫療財團法人嘉義長庚紀念醫院,2,3.0000,477.0000,454,.63%,17,71.7312,17.18%,78,10010,10010020
2024年上半年度,1140010510,長庚醫療財團法人嘉義長庚紀念醫院,2,2.0000,264.0000,260,.76%,15,72.2000,13.46%,35,10010,10010020
2024年全年度,1140010510,長庚醫療財團法人嘉義長庚紀念醫院,2,4.0000,532.0000,505,.75%,15,71.7801,15.25%,77,10010,10010020
2025年上半年度,1140010510,長庚醫療財團法人嘉義長庚紀念醫院,2,0.0000,262.0000,251,0%,16,71.5577,16.73%,42,10010,10010020
2006年全年度,1140010510,長庚醫療財團法人嘉義長庚紀念醫院,2,2,159,145,1.25%,9,68.0827,7.58%,11,10010,10010020
2007年全年度,1140010510,長庚醫療財團法人嘉義長庚紀念醫院,2,3,191,178,1.57%,10,69.6573,7.30%,13,10010,10010020
2008年全年度,1140010510,長庚醫療財團法人嘉義長庚紀念醫院,2,1,229,208,0.43%,9,69.4855,11.05%,23,10010,10010020
2009年全年度,1140010510,長庚醫療財團法人嘉義長庚紀念醫院,2,1,210,200,0.47%,13,70.17,8%,16,10010,10010020
2010年全年度,1140010510,長庚醫療財團法人嘉義長庚紀念醫院,2,2,208,193,0.96%,11,69.7305,8.29%,16,10010,10010020
2014年上半年度,1140030012,佛教慈濟醫療財團法人大林慈濟醫院,2,1,172,169,0.58%,9,71.2071,11.83%,20,10010,10010040
2014年全年度,1140030012,佛教慈濟醫療財團法人大林慈濟醫院,2,3.0000,347.0000,324,0.86%,9,71.2839,9.26%,30,10010,10010040
2015年上半年度,1140030012,佛教慈濟醫療財團法人大林慈濟醫院,2,4.0000,195.0000,191,2.05%,10,70.5287,8.9%,17,10010,10010040
2015年全年度,1140030012,佛教慈濟醫療財團法人大林慈濟醫院,2,5.0000,360.0000,337,1.39%,10,70.9673,8.9%,30,10010,10010040
2016年上半年度,1140030012,佛教慈濟醫療財團法人大林慈濟醫院,2,0.0000,165.0000,163,0%,8,71.6196,12.27%,20,10010,10010040
2016年全年度,1140030012,佛教慈濟醫療財團法人大林慈濟醫院,2,0.0000,332.0000,310,0%,11,71.4709,13.23%,41,10010,10010040
2017年上半年度,1140030012,佛教慈濟醫療財團法人大林慈濟醫院,2,2.0000,160.0000,158,1.25%,10,69.9367,13.29%,21,10010,10010040
2017年全年度,1140030012,佛教慈濟醫療財團法人大林慈濟醫院,2,5.0000,360.0000,340,1.39%,11,69.7911,10.29%,35,10010,10010040
2018年上半年度,1140030012,佛教慈濟醫療財團法人大林慈濟醫院,2,1.0000,189.0000,183,0.53%,9,71.4262,13.66%,25,10010,10010040
2018年全年度,1140030012,佛教慈濟醫療財團法人大林慈濟醫院,2,1.0000,427.0000,407,0.23%,11,70.9312,10.81%,44,10010,10010040
2019年上半年度,1140030012,佛教慈濟醫療財團法人大林慈濟醫院,2,0.0000,216.0000,212,0%,11,71.7358,13.68%,29,10010,10010040
2019年全年度,1140030012,佛教慈濟醫療財團法人大林慈濟醫院,2,1.0000,454.0000,433,0.22%,12,71.9122,14.09%,61,10010,10010040
2020年上半年度,1140030012,佛教慈濟醫療財團法人大林慈濟醫院,2,0.0000,162.0000,159,0%,9,72.6918,16.35%,26,10010,10010040
2020年全年度,1140030012,佛教慈濟醫療財團法人大林慈濟醫院,2,3.0000,422.0000,397,0.71%,11,71.8639,13.85%,55,10010,10010040
2021年上半年度,1140030012,佛教慈濟醫療財團法人大林慈濟醫院,2,1.0000,212.0000,209,0.47%,10,72.7224,11.48%,24,10010,10010040
2021年全年度,1140030012,佛教慈濟醫療財團法人大林慈濟醫院,2,1.0000,459.0000,430,0.22%,11,71.9930,12.33%,53,10010,10010040
2022年上半年度,1140030012,佛教慈濟醫療財團法人大林慈濟醫院,2,1.0000,191.0000,182,0.52%,12,70.1978,15.38%,28,10010,10010040
2022年全年度,1140030012,佛教慈濟醫療財團法人大林慈濟醫院,2,3.0000,431.0000,406,0.7%,14,71.3620,12.32%,50,10010,10010040
2023年上半年度,1140030012,佛教慈濟醫療財團法人大林慈濟醫院,2,3.0000,242.0000,234,1.24%,12,72.6666,11.97%,28,10010,10010040
2023年全年度,1140030012,佛教慈濟醫療財團法人大林慈濟醫院,2,3.0000,506.0000,474,.59%,15,72.1455,14.14%,67,10010,10010040
2024年上半年度,1140030012,佛教慈濟醫療財團法人大林慈濟醫院,2,1.0000,314.0000,311,.32%,13,71.6688,18.65%,58,10010,10010040
2024年全年度,1140030012,佛教慈濟醫療財團法人大林慈濟醫院,2,3.0000,594.0000,568,.51%,14,71.6725,16.2%,92,10010,10010040
2025年上半年度,1140030012,佛教慈濟醫療財團法人大林慈濟醫院,2,0.0000,342.0000,335,0%,15,71.3104,11.64%,39,10010,10010040
2011年上半年度,1141090512,奇美醫療財團法人柳營奇美醫院,2,0,15,15,0%,3,70.8666,13.33%,2,10021,67000040
2011年全年度,1141090512,奇美醫療財團法人柳營奇美醫院,2,0,45,41,0%,3,71.8292,17.07%,7,10021,67000040
2012年上半年度,1141090512,奇美醫療財團法人柳營奇美醫院,2,0,30,29,0%,3,71.1034,13.79%,4,10021,67000040
2012年全年度,1141090512,奇美醫療財團法人柳營奇美醫院,2,1,57,54,1.75%,3,71.3518,16.67%,9,10021,67000040
2013年上半年度,1141090512,奇美醫療財團法人柳營奇美醫院,2,0,29,28,0%,4,71.8928,17.86%,5,10021,67000040
2013年全年度,1141090512,奇美醫療財團法人柳營奇美醫院,2,1,59,57,1.69%,5,71.1929,19.30%,11,10021,67000040
2014年上半年度,1141090512,奇美醫療財團法人柳營奇美醫院,2,0,23,22,0%,5,69.909,9.09%,2,10021,67000040
2014年全年度,1141090512,奇美醫療財團法人柳營奇美醫院,2,0.0000,41.0000,39,0%,5,69.6153,7.69%,3,10021,67000040
2015年上半年度,1141090512,奇美醫療財團法人柳營奇美醫院,2,1.0000,20.0000,20,5%,5,72.2000,5%,1,10021,67000040
2015年全年度,1141090512,奇美醫療財團法人柳營奇美醫院,2,1.0000,46.0000,46,2.17%,5,70.5652,13.04%,6,10021,67000040
2016年上半年度,1141090512,奇美醫療財團法人柳營奇美醫院,2,0.0000,25.0000,25,0%,4,70.4000,8%,2,10021,67000040
2016年全年度,1141090512,奇美醫療財團法人柳營奇美醫院,2,0.0000,50.0000,49,0%,5,71.2448,14.29%,7,10021,67000040
2017年上半年度,1141090512,奇美醫療財團法人柳營奇美醫院,2,0.0000,28.0000,26,0%,3,72.8461,15.38%,4,10021,67000040
2017年全年度,1141090512,奇美醫療財團法人柳營奇美醫院,2,0.0000,77.0000,75,0%,6,71.3066,17.33%,13,10021,67000040
2018年上半年度,1141090512,奇美醫療財團法人柳營奇美醫院,2,0.0000,31.0000,31,0%,3,73.8709,19.35%,6,10021,67000040
2018年全年度,1141090512,奇美醫療財團法人柳營奇美醫院,2,0.0000,60.0000,60,0%,5,74.0666,21.67%,13,10021,67000040
2019年上半年度,1141090512,奇美醫療財團法人柳營奇美醫院,2,0.0000,29.0000,29,0%,5,71.8620,13.79%,4,10021,67000040
2019年全年度,1141090512,奇美醫療財團法人柳營奇美醫院,2,0.0000,59.0000,57,0%,5,71.2105,17.54%,10,10021,67000040
2020年上半年度,1141090512,奇美醫療財團法人柳營奇美醫院,2,0.0000,15.0000,14,0%,1,73.0000,14.29%,2,10021,67000040
2020年全年度,1141090512,奇美醫療財團法人柳營奇美醫院,2,0.0000,50.0000,49,0%,3,71.3265,16.33%,8,10021,67000040
2021年上半年度,1141090512,奇美醫療財團法人柳營奇美醫院,2,0.0000,28.0000,28,0%,4,69.5000,25%,7,10021,67000040
2021年全年度,1141090512,奇美醫療財團法人柳營奇美醫院,2,0.0000,42.0000,42,0%,4,69.8333,21.43%,9,10021,67000040
2022年上半年度,1141090512,奇美醫療財團法人柳營奇美醫院,2,0.0000,18.0000,17,0%,4,71.0588,5.88%,1,10021,67000040
2022年全年度,1141090512,奇美醫療財團法人柳營奇美醫院,2,0.0000,48.0000,46,0%,5,71.5652,13.04%,6,10021,67000040
2023年上半年度,1141090512,奇美醫療財團法人柳營奇美醫院,2,0.0000,35.0000,34,0%,5,72.1764,5.88%,2,10021,67000040
2023年全年度,1141090512,奇美醫療財團法人柳營奇美醫院,2,0.0000,67.0000,64,0%,5,70.8281,6.25%,4,10021,67000040
2024年上半年度,1141090512,奇美醫療財團法人柳營奇美醫院,2,0.0000,44.0000,43,0%,5,70.6046,9.3%,4,10021,67000040
2024年全年度,1141090512,奇美醫療財團法人柳營奇美醫院,2,0.0000,81.0000,79,0%,5,69.6962,10.13%,8,10021,67000040
2025年上半年度,1141090512,奇美醫療財團法人柳營奇美醫院,2,0.0000,53.0000,52,0%,5,70.4807,13.46%,7,10021,67000040
2006年全年度,1141090512,奇美醫療財團法人柳營奇美醫院,2,0,20,20,0%,2,68,15%,3,10021,67000040
2007年全年度,1141090512,奇美醫療財團法人柳營奇美醫院,2,0,23,23,0%,3,67.913,13.04%,3,10021,67000040
2008年全年度,1141090512,奇美醫療財團法人柳營奇美醫院,2,0,35,34,0%,3,69.8235,17.64%,6,10021,67000040
2009年全年度,1141090512,奇美醫療財團法人柳營奇美醫院,2,0,25,24,0%,4,69.3333,16.66%,4,10021,67000040
2010年全年度,1141090512,奇美醫療財團法人柳營奇美醫院,2,0,36,35,0%,4,70.9142,17.14%,6,10021,67000040
2011年上半年度,1141310019,奇美醫療財團法人奇美醫院,1,1,103,99,0.97%,8,70.101,11.11%,11,10021,67000310
2011年全年度,1141310019,奇美醫療財團法人奇美醫院,1,1,189,182,0.52%,9,70.5,10.98%,20,10021,67000310
2012年上半年度,1141310019,奇美醫療財團法人奇美醫院,1,1,117,116,0.85%,7,71.4913,13.79%,16,10021,67000310
2012年全年度,1141310019,奇美醫療財團法人奇美醫院,1,2,265,249,0.75%,9,71.273,12.45%,31,10021,67000310
2013年上半年度,1141310019,奇美醫療財團法人奇美醫院,1,0,129,128,0%,7,70.039,7.03%,9,10021,67000310
2013年全年度,1141310019,奇美醫療財團法人奇美醫院,1,0,287,275,0%,9,70.4872,10.18%,28,10021,67000310
2014年上半年度,1141310019,奇美醫療財團法人奇美醫院,1,0,134,132,0%,9,71.7045,9.09%,12,10021,67000310
2014年全年度,1141310019,奇美醫療財團法人奇美醫院,1,0.0000,250.0000,233,0%,9,71.0643,10.73%,25,10021,67000310
2015年上半年度,1141310019,奇美醫療財團法人奇美醫院,1,1.0000,108.0000,108,0.93%,9,71.7222,11.11%,12,10021,67000310
2015年全年度,1141310019,奇美醫療財團法人奇美醫院,1,1.0000,245.0000,237,0.41%,11,71.6919,14.35%,34,10021,67000310
2016年上半年度,1141310019,奇美醫療財團法人奇美醫院,1,0.0000,123.0000,120,0%,6,70.8750,15.83%,19,10021,67000310
2016年全年度,1141310019,奇美醫療財團法人奇美醫院,1,0.0000,280.0000,271,0%,9,70.9188,18.08%,49,10021,67000310
2017年上半年度,1141310019,奇美醫療財團法人奇美醫院,1,1.0000,147.0000,145,0.68%,8,70.1862,13.1%,19,10021,67000310
2017年全年度,1141310019,奇美醫療財團法人奇美醫院,1,1.0000,291.0000,278,0.34%,10,71.0539,12.95%,36,10021,67000310
2018年上半年度,1141310019,奇美醫療財團法人奇美醫院,1,0.0000,135.0000,132,0%,8,71.5151,14.39%,19,10021,67000310
2018年全年度,1141310019,奇美醫療財團法人奇美醫院,1,0.0000,283.0000,271,0%,8,71.5830,12.92%,35,10021,67000310
2019年上半年度,1141310019,奇美醫療財團法人奇美醫院,1,0.0000,148.0000,143,0%,8,71.5664,15.38%,22,10021,67000310
2019年全年度,1141310019,奇美醫療財團法人奇美醫院,1,0.0000,289.0000,276,0%,9,71.2028,13.04%,36,10021,67000310
2020年上半年度,1141310019,奇美醫療財團法人奇美醫院,1,0.0000,89.0000,86,0%,8,70.5116,16.28%,14,10021,67000310
2020年全年度,1141310019,奇美醫療財團法人奇美醫院,1,1.0000,264.0000,247,0.38%,11,70.1902,13.77%,34,10021,67000310
2021年上半年度,1141310019,奇美醫療財團法人奇美醫院,1,0.0000,123.0000,120,0%,10,71.1416,10.83%,13,10021,67000310
2021年全年度,1141310019,奇美醫療財團法人奇美醫院,1,1.0000,247.0000,235,0.4%,12,70.3574,8.94%,21,10021,67000310
2022年上半年度,1141310019,奇美醫療財團法人奇美醫院,1,0.0000,129.0000,127,0%,8,70.0472,18.11%,23,10021,67000310
2022年全年度,1141310019,奇美醫療財團法人奇美醫院,1,0.0000,274.0000,265,0%,11,70.1547,19.25%,51,10021,67000310
2023年上半年度,1141310019,奇美醫療財團法人奇美醫院,1,1.0000,147.0000,144,.68%,9,71.2083,13.89%,20,10021,67000310
2023年全年度,1141310019,奇美醫療財團法人奇美醫院,1,1.0000,304.0000,284,.33%,10,71.0281,14.79%,42,10021,67000310
2024年上半年度,1141310019,奇美醫療財團法人奇美醫院,1,0.0000,161.0000,158,0%,10,70.5949,12.03%,19,10021,67000310
2024年全年度,1141310019,奇美醫療財團法人奇美醫院,1,0.0000,313.0000,302,0%,13,70.5794,11.59%,35,10021,67000310
2025年上半年度,1141310019,奇美醫療財團法人奇美醫院,1,0.0000,126.0000,126,0%,11,71.0000,7.94%,10,10021,67000310
2006年全年度,1141310019,奇美醫療財團法人奇美醫院,1,2,205,195,0.97%,8,68.8512,6.66%,13,10021,67000310
2007年全年度,1141310019,奇美醫療財團法人奇美醫院,1,7,295,274,2.37%,10,69.2262,9.48%,26,10021,67000310
2008年全年度,1141310019,奇美醫療財團法人奇美醫院,1,3,256,240,1.17%,12,70.2458,9.58%,23,10021,67000310
2009年全年度,1141310019,奇美醫療財團法人奇美醫院,1,3,268,255,1.11%,11,70.0705,8.23%,21,10021,67000310
2010年全年度,1141310019,奇美醫療財團法人奇美醫院,1,0,249,231,0%,11,70.3333,8.22%,19,10021,67000310
2021年全年度,1142010518,高雄市立鳳山醫院（委託長庚醫療財團法人經營）,3,0.0000,2.0000,2,0%,2,72.0000,0%,0,64000,64000120
2022年上半年度,1142010518,高雄市立鳳山醫院（委託長庚醫療財團法人經營）,3,0.0000,4.0000,4,0%,3,68.5000,0%,0,64000,64000120
2022年全年度,1142010518,高雄市立鳳山醫院（委託長庚醫療財團法人經營）,3,0.0000,36.0000,36,0%,5,71.1388,11.11%,4,64000,64000120
2023年上半年度,1142010518,高雄市立鳳山醫院（委託長庚醫療財團法人經營）,3,0.0000,14.0000,14,0%,5,71.7857,21.43%,3,64000,64000120
2023年全年度,1142010518,高雄市立鳳山醫院（委託長庚醫療財團法人經營）,3,0.0000,33.0000,31,0%,5,72.3870,16.13%,5,64000,64000120
2024年上半年度,1142010518,高雄市立鳳山醫院（委託長庚醫療財團法人經營）,3,0.0000,20.0000,20,0%,6,70.5500,15%,3,64000,64000120
2024年全年度,1142010518,高雄市立鳳山醫院（委託長庚醫療財團法人經營）,3,0.0000,60.0000,58,0%,7,70.5689,22.41%,13,64000,64000120
2025年上半年度,1142010518,高雄市立鳳山醫院（委託長庚醫療財團法人經營）,3,0.0000,38.0000,38,0%,6,71.3157,23.68%,9,64000,64000120
2011年上半年度,1142100017,長庚醫療財團法人高雄長庚紀念醫院,1,1,330,323,0.30%,15,70.1145,11.14%,36,64000,64000180
2011年全年度,1142100017,長庚醫療財團法人高雄長庚紀念醫院,1,7,720,677,0.97%,24,70.0339,11.66%,79,64000,64000180
2012年上半年度,1142100017,長庚醫療財團法人高雄長庚紀念醫院,1,0,328,322,0%,11,69.9223,11.49%,37,64000,64000180
2012年全年度,1142100017,長庚醫療財團法人高雄長庚紀念醫院,1,2,659,631,0.30%,16,69.4405,12.52%,79,64000,64000180
2013年上半年度,1142100017,長庚醫療財團法人高雄長庚紀念醫院,1,0,298,293,0%,12,68.9419,12.97%,38,64000,64000180
2013年全年度,1142100017,長庚醫療財團法人高雄長庚紀念醫院,1,5,645,602,0.78%,20,69.2441,13.29%,80,64000,64000180
2014年上半年度,1142100017,長庚醫療財團法人高雄長庚紀念醫院,1,3,248,246,1.21%,15,69.9593,12.20%,30,64000,64000180
2014年全年度,1142100017,長庚醫療財團法人高雄長庚紀念醫院,1,4.0000,601.0000,567,0.67%,20,69.9523,13.05%,74,64000,64000180
2015年上半年度,1142100017,長庚醫療財團法人高雄長庚紀念醫院,1,2.0000,332.0000,325,0.6%,22,70.2984,15.38%,50,64000,64000180
2015年全年度,1142100017,長庚醫療財團法人高雄長庚紀念醫院,1,3.0000,711.0000,662,0.42%,23,70.0574,17.22%,114,64000,64000180
2016年上半年度,1142100017,長庚醫療財團法人高雄長庚紀念醫院,1,0.0000,370.0000,363,0%,17,70.6088,12.12%,44,64000,64000180
2016年全年度,1142100017,長庚醫療財團法人高雄長庚紀念醫院,1,2.0000,758.0000,700,0.26%,20,70.5071,12%,84,64000,64000180
2017年上半年度,1142100017,長庚醫療財團法人高雄長庚紀念醫院,1,0.0000,336.0000,333,0%,17,70.0540,15.02%,50,64000,64000180
2017年全年度,1142100017,長庚醫療財團法人高雄長庚紀念醫院,1,1.0000,724.0000,683,0.14%,18,70.2562,16.4%,112,64000,64000180
2018年上半年度,1142100017,長庚醫療財團法人高雄長庚紀念醫院,1,1.0000,379.0000,372,0.26%,16,70.3198,15.86%,59,64000,64000180
2018年全年度,1142100017,長庚醫療財團法人高雄長庚紀念醫院,1,4.0000,809.0000,766,0.49%,20,70.4360,15.14%,116,64000,64000180
2019年上半年度,1142100017,長庚醫療財團法人高雄長庚紀念醫院,1,1.0000,373.0000,361,0.27%,21,70.7506,18.01%,65,64000,64000180
2019年全年度,1142100017,長庚醫療財團法人高雄長庚紀念醫院,1,2.0000,805.0000,763,0.25%,24,70.6002,17.96%,137,64000,64000180
2020年上半年度,1142100017,長庚醫療財團法人高雄長庚紀念醫院,1,0.0000,264.0000,259,0%,16,69.8455,16.6%,43,64000,64000180
2020年全年度,1142100017,長庚醫療財團法人高雄長庚紀念醫院,1,3.0000,672.0000,641,0.45%,20,69.9609,16.22%,104,64000,64000180
2021年上半年度,1142100017,長庚醫療財團法人高雄長庚紀念醫院,1,0.0000,261.0000,259,0%,17,70.9691,19.69%,51,64000,64000180
2021年全年度,1142100017,長庚醫療財團法人高雄長庚紀念醫院,1,0.0000,581.0000,549,0%,20,70.5245,21.13%,116,64000,64000180
2022年上半年度,1142100017,長庚醫療財團法人高雄長庚紀念醫院,1,2.0000,296.0000,291,0.68%,15,70.1683,16.84%,49,64000,64000180
2022年全年度,1142100017,長庚醫療財團法人高雄長庚紀念醫院,1,3.0000,615.0000,581,0.49%,19,70.3373,17.21%,100,64000,64000180
2023年上半年度,1142100017,長庚醫療財團法人高雄長庚紀念醫院,1,3.0000,377.0000,374,.8%,18,71.2112,17.38%,65,64000,64000180
2023年全年度,1142100017,長庚醫療財團法人高雄長庚紀念醫院,1,5.0000,747.0000,714,.67%,20,71.2380,16.53%,118,64000,64000180
2024年上半年度,1142100017,長庚醫療財團法人高雄長庚紀念醫院,1,1.0000,383.0000,376,.26%,19,70.9680,18.35%,69,64000,64000180
2024年全年度,1142100017,長庚醫療財團法人高雄長庚紀念醫院,1,1.0000,737.0000,706,.14%,24,70.6813,19.97%,141,64000,64000180
2025年上半年度,1142100017,長庚醫療財團法人高雄長庚紀念醫院,1,0.0000,336.0000,331,0%,22,71.2507,19.34%,64,64000,64000180
2006年全年度,1142100017,長庚醫療財團法人高雄長庚紀念醫院,1,1,583,530,0.17%,14,68.5301,8.86%,47,64000,64000180
2007年全年度,1142100017,長庚醫療財團法人高雄長庚紀念醫院,1,2,624,582,0.32%,13,68.5429,8.24%,48,64000,64000180
2008年全年度,1142100017,長庚醫療財團法人高雄長庚紀念醫院,1,2,740,680,0.27%,18,69.2441,11.47%,78,64000,64000180
2009年全年度,1142100017,長庚醫療財團法人高雄長庚紀念醫院,1,2,662,624,0.30%,17,69.5384,11.05%,69,64000,64000180
2010年全年度,1142100017,長庚醫療財團法人高雄長庚紀念醫院,1,2,740,706,0.27%,18,69.4475,9.49%,67,64000,64000180
2011年上半年度,1142120001,義大醫療財團法人義大醫院,1,0,282,275,0%,10,68.8981,6.18%,17,64000,64000210
2011年全年度,1142120001,義大醫療財團法人義大醫院,1,0,651,614,0%,11,69.0114,6.84%,42,64000,64000210
2012年上半年度,1142120001,義大醫療財團法人義大醫院,1,1,289,282,0.34%,11,69.1028,9.57%,27,64000,64000210
2012年全年度,1142120001,義大醫療財團法人義大醫院,1,4,670,633,0.60%,11,68.5876,8.69%,55,64000,64000210
2013年上半年度,1142120001,義大醫療財團法人義大醫院,1,1,319,312,0.31%,10,68.6025,8.33%,26,64000,64000210
2013年全年度,1142120001,義大醫療財團法人義大醫院,1,3,670,624,0.45%,12,68.9407,8.33%,52,64000,64000210
2014年上半年度,1142120001,義大醫療財團法人義大醫院,1,3,330,323,0.91%,11,69.6873,6.50%,21,64000,64000210
2014年全年度,1142120001,義大醫療財團法人義大醫院,1,5.0000,641.0000,605,0.78%,14,69.6314,6.28%,38,64000,64000210
2015年上半年度,1142120001,義大醫療財團法人義大醫院,1,1.0000,282.0000,276,0.35%,13,68.7427,8.7%,24,64000,64000210
2015年全年度,1142120001,義大醫療財團法人義大醫院,1,3.0000,588.0000,559,0.51%,16,69.0626,9.3%,52,64000,64000210
2016年上半年度,1142120001,義大醫療財團法人義大醫院,1,3.0000,277.0000,271,1.08%,12,69.7601,10.33%,28,64000,64000210
2016年全年度,1142120001,義大醫療財團法人義大醫院,1,8.0000,581.0000,557,1.38%,12,69.9640,10.95%,61,64000,64000210
2017年上半年度,1142120001,義大醫療財團法人義大醫院,1,2.0000,286.0000,276,0.7%,12,69.4130,13.04%,36,64000,64000210
2017年全年度,1142120001,義大醫療財團法人義大醫院,1,3.0000,594.0000,560,0.51%,13,69.4696,13.93%,78,64000,64000210
2018年上半年度,1142120001,義大醫療財團法人義大醫院,1,4.0000,205.0000,198,1.95%,10,69.5252,10.1%,20,64000,64000210
2018年全年度,1142120001,義大醫療財團法人義大醫院,1,5.0000,388.0000,364,1.29%,11,69.7115,10.71%,39,64000,64000210
2019年上半年度,1142120001,義大醫療財團法人義大醫院,1,2.0000,182.0000,178,1.1%,9,70.7528,15.17%,27,64000,64000210
2019年全年度,1142120001,義大醫療財團法人義大醫院,1,5.0000,382.0000,366,1.31%,9,70.5655,14.21%,52,64000,64000210
2020年上半年度,1142120001,義大醫療財團法人義大醫院,1,2.0000,121.0000,119,1.65%,9,69.5546,15.97%,19,64000,64000210
2020年全年度,1142120001,義大醫療財團法人義大醫院,1,3.0000,354.0000,337,0.85%,10,69.7596,15.43%,52,64000,64000210
2021年上半年度,1142120001,義大醫療財團法人義大醫院,1,4.0000,185.0000,181,2.16%,7,69.4143,15.47%,28,64000,64000210
2021年全年度,1142120001,義大醫療財團法人義大醫院,1,6.0000,376.0000,355,1.6%,9,69.5380,13.8%,49,64000,64000210
2022年上半年度,1142120001,義大醫療財團法人義大醫院,1,0.0000,155.0000,153,0%,11,69.7254,13.73%,21,64000,64000210
2022年全年度,1142120001,義大醫療財團法人義大醫院,1,2.0000,306.0000,293,0.65%,12,69.4778,15.36%,45,64000,64000210
2023年上半年度,1142120001,義大醫療財團法人義大醫院,1,1.0000,192.0000,190,.52%,8,70.5000,12.63%,24,64000,64000210
2023年全年度,1142120001,義大醫療財團法人義大醫院,1,2.0000,378.0000,355,.53%,10,69.7323,13.24%,47,64000,64000210
2024年上半年度,1142120001,義大醫療財團法人義大醫院,1,0.0000,172.0000,168,0%,9,68.7440,9.52%,16,64000,64000210
2024年全年度,1142120001,義大醫療財團法人義大醫院,1,0.0000,356.0000,338,0%,12,68.7218,13.61%,46,64000,64000210
2025年上半年度,1142120001,義大醫療財團法人義大醫院,1,1.0000,158.0000,156,.63%,10,70.3846,16.03%,25,64000,64000210
2006年全年度,1142120001,義大醫療財團法人義大醫院,1,9,451,414,1.99%,11,68.8019,4.58%,19,64000,64000210
2007年全年度,1142120001,義大醫療財團法人義大醫院,1,10,611,563,1.63%,10,68.4564,6.92%,39,64000,64000210
2008年全年度,1142120001,義大醫療財團法人義大醫院,1,6,688,632,0.87%,10,68.0537,9.01%,57,64000,64000210
2009年全年度,1142120001,義大醫療財團法人義大醫院,1,5,764,704,0.65%,13,68.8892,7.67%,54,64000,64000210
2010年全年度,1142120001,義大醫療財團法人義大醫院,1,3,659,612,0.45%,13,68.7794,9.96%,61,64000,64000210
2011年上半年度,1143010012,屏基醫療財團法人屏東基督教醫院,2,1,54,51,1.85%,4,69.6666,11.76%,6,10013,10013010
2011年全年度,1143010012,屏基醫療財團法人屏東基督教醫院,2,2,126,117,1.58%,5,69.5897,10.25%,12,10013,10013010
2012年上半年度,1143010012,屏基醫療財團法人屏東基督教醫院,2,0,46,46,0%,4,67.2826,4.34%,2,10013,10013010
2012年全年度,1143010012,屏基醫療財團法人屏東基督教醫院,2,0,102,99,0%,4,68.3434,10.10%,10,10013,10013010
2013年上半年度,1143010012,屏基醫療財團法人屏東基督教醫院,2,0,52,52,0%,5,71.4423,15.38%,8,10013,10013010
2013年全年度,1143010012,屏基醫療財團法人屏東基督教醫院,2,1,104,99,0.96%,5,69.5555,15.15%,15,10013,10013010
2014年上半年度,1143010012,屏基醫療財團法人屏東基督教醫院,2,1,37,36,2.70%,5,70.1666,16.67%,6,10013,10013010
2014年全年度,1143010012,屏基醫療財團法人屏東基督教醫院,2,1.0000,67.0000,63,1.49%,5,69.7142,15.87%,10,10013,10013010
2015年上半年度,1143010012,屏基醫療財團法人屏東基督教醫院,2,0.0000,24.0000,23,0%,5,71.0869,17.39%,4,10013,10013010
2015年全年度,1143010012,屏基醫療財團法人屏東基督教醫院,2,0.0000,59.0000,57,0%,6,71.9473,15.79%,9,10013,10013010
2016年上半年度,1143010012,屏基醫療財團法人屏東基督教醫院,2,0.0000,28.0000,28,0%,6,71.4642,3.57%,1,10013,10013010
2016年全年度,1143010012,屏基醫療財團法人屏東基督教醫院,2,0.0000,68.0000,67,0%,6,70.0895,10.45%,7,10013,10013010
2017年上半年度,1143010012,屏基醫療財團法人屏東基督教醫院,2,0.0000,37.0000,37,0%,6,68.1621,8.11%,3,10013,10013010
2017年全年度,1143010012,屏基醫療財團法人屏東基督教醫院,2,0.0000,61.0000,58,0%,6,68.3103,10.34%,6,10013,10013010
2018年上半年度,1143010012,屏基醫療財團法人屏東基督教醫院,2,0.0000,22.0000,22,0%,6,69.4090,9.09%,2,10013,10013010
2018年全年度,1143010012,屏基醫療財團法人屏東基督教醫院,2,0.0000,46.0000,43,0%,7,69.4186,4.65%,2,10013,10013010
2019年上半年度,1143010012,屏基醫療財團法人屏東基督教醫院,2,1.0000,24.0000,24,4.17%,5,69.3333,12.5%,3,10013,10013010
2019年全年度,1143010012,屏基醫療財團法人屏東基督教醫院,2,1.0000,57.0000,53,1.75%,6,69.1509,16.98%,9,10013,10013010
2020年上半年度,1143010012,屏基醫療財團法人屏東基督教醫院,2,0.0000,18.0000,18,0%,6,70.4444,16.67%,3,10013,10013010
2020年全年度,1143010012,屏基醫療財團法人屏東基督教醫院,2,0.0000,51.0000,50,0%,6,69.1000,12%,6,10013,10013010
2021年上半年度,1143010012,屏基醫療財團法人屏東基督教醫院,2,0.0000,26.0000,26,0%,6,69.7307,15.38%,4,10013,10013010
2021年全年度,1143010012,屏基醫療財團法人屏東基督教醫院,2,0.0000,57.0000,55,0%,7,70.7818,10.91%,6,10013,10013010
2022年上半年度,1143010012,屏基醫療財團法人屏東基督教醫院,2,0.0000,13.0000,13,0%,4,68.6153,0%,0,10013,10013010
2022年全年度,1143010012,屏基醫療財團法人屏東基督教醫院,2,0.0000,45.0000,44,0%,6,69.8863,20.45%,9,10013,10013010
2023年上半年度,1143010012,屏基醫療財團法人屏東基督教醫院,2,0.0000,27.0000,27,0%,6,68.1111,0%,0,10013,10013010
2023年全年度,1143010012,屏基醫療財團法人屏東基督教醫院,2,0.0000,64.0000,62,0%,7,67.6612,6.45%,4,10013,10013010
2024年上半年度,1143010012,屏基醫療財團法人屏東基督教醫院,2,0.0000,68.0000,67,0%,6,68.1492,16.42%,11,10013,10013010
2024年全年度,1143010012,屏基醫療財團法人屏東基督教醫院,2,1.0000,128.0000,121,.78%,7,67.8760,13.22%,16,10013,10013010
2025年上半年度,1143010012,屏基醫療財團法人屏東基督教醫院,2,1.0000,51.0000,48,1.96%,6,67.8541,12.5%,6,10013,10013010
2006年全年度,1143010012,屏基醫療財團法人屏東基督教醫院,2,0,67,63,0%,6,67.9365,6.34%,4,10013,10013010
2007年全年度,1143010012,屏基醫療財團法人屏東基督教醫院,2,2,73,67,2.73%,6,68.7462,11.94%,8,10013,10013010
2008年全年度,1143010012,屏基醫療財團法人屏東基督教醫院,2,0,117,109,0%,6,69.1284,10.09%,11,10013,10013010
2009年全年度,1143010012,屏基醫療財團法人屏東基督教醫院,2,1,104,97,0.96%,4,70.0309,10.30%,10,10013,10013010
2010年全年度,1143010012,屏基醫療財團法人屏東基督教醫院,2,0,93,88,0%,4,69.2954,5.68%,5,10013,10013010
2020年全年度,1143040010,恆基醫療財團法人恆春基督教醫院,3,0.0000,1.0000,1,0%,1,55.0000,0%,0,10013,10013040
2021年上半年度,1143040010,恆基醫療財團法人恆春基督教醫院,3,0.0000,1.0000,1,0%,1,74.0000,0%,0,10013,10013040
2021年全年度,1143040010,恆基醫療財團法人恆春基督教醫院,3,0.0000,1.0000,1,0%,1,74.0000,0%,0,10013,10013040
2011年上半年度,1145010010,佛教慈濟醫療財團法人花蓮慈濟醫院,1,1,124,119,0.80%,9,68.7647,14.28%,17,10015,10015010
2011年全年度,1145010010,佛教慈濟醫療財團法人花蓮慈濟醫院,1,1,275,257,0.36%,10,68.5097,13.22%,34,10015,10015010
2012年上半年度,1145010010,佛教慈濟醫療財團法人花蓮慈濟醫院,1,1,143,140,0.69%,8,70.0571,8.57%,12,10015,10015010
2012年全年度,1145010010,佛教慈濟醫療財團法人花蓮慈濟醫院,1,4,319,299,1.25%,9,69.4347,11.04%,33,10015,10015010
2013年上半年度,1145010010,佛教慈濟醫療財團法人花蓮慈濟醫院,1,1,127,126,0.79%,9,71.2777,11.90%,15,10015,10015010
2013年全年度,1145010010,佛教慈濟醫療財團法人花蓮慈濟醫院,1,4,330,310,1.21%,9,70.229,12.26%,38,10015,10015010
2014年上半年度,1145010010,佛教慈濟醫療財團法人花蓮慈濟醫院,1,0,119,117,0%,10,69.5128,14.53%,17,10015,10015010
2014年全年度,1145010010,佛教慈濟醫療財團法人花蓮慈濟醫院,1,1.0000,280.0000,266,0.36%,11,69.5864,12.03%,32,10015,10015010
2015年上半年度,1145010010,佛教慈濟醫療財團法人花蓮慈濟醫院,1,1.0000,122.0000,120,0.82%,9,69.3500,10.83%,13,10015,10015010
2015年全年度,1145010010,佛教慈濟醫療財團法人花蓮慈濟醫院,1,6.0000,259.0000,244,2.32%,11,68.6188,12.3%,30,10015,10015010
2016年上半年度,1145010010,佛教慈濟醫療財團法人花蓮慈濟醫院,1,2.0000,127.0000,126,1.57%,10,70.2222,15.87%,20,10015,10015010
2016年全年度,1145010010,佛教慈濟醫療財團法人花蓮慈濟醫院,1,2.0000,267.0000,258,0.75%,10,69.9457,13.18%,34,10015,10015010
2017年上半年度,1145010010,佛教慈濟醫療財團法人花蓮慈濟醫院,1,2.0000,120.0000,119,1.67%,9,70.0924,15.13%,18,10015,10015010
2017年全年度,1145010010,佛教慈濟醫療財團法人花蓮慈濟醫院,1,5.0000,269.0000,253,1.86%,12,69.3478,11.46%,29,10015,10015010
2018年上半年度,1145010010,佛教慈濟醫療財團法人花蓮慈濟醫院,1,2.0000,120.0000,119,1.67%,11,70.2184,15.97%,19,10015,10015010
2018年全年度,1145010010,佛教慈濟醫療財團法人花蓮慈濟醫院,1,3.0000,258.0000,245,1.16%,11,70.1795,15.1%,37,10015,10015010
2019年上半年度,1145010010,佛教慈濟醫療財團法人花蓮慈濟醫院,1,3.0000,146.0000,144,2.05%,9,68.9097,13.89%,20,10015,10015010
2019年全年度,1145010010,佛教慈濟醫療財團法人花蓮慈濟醫院,1,4.0000,339.0000,327,1.18%,11,69.9724,13.76%,45,10015,10015010
2020年上半年度,1145010010,佛教慈濟醫療財團法人花蓮慈濟醫院,1,3.0000,128.0000,124,2.34%,10,68.5000,18.55%,23,10015,10015010
2020年全年度,1145010010,佛教慈濟醫療財團法人花蓮慈濟醫院,1,4.0000,277.0000,259,1.44%,10,69.2355,18.53%,48,10015,10015010
2021年上半年度,1145010010,佛教慈濟醫療財團法人花蓮慈濟醫院,1,1.0000,96.0000,94,1.04%,10,70.4042,9.57%,9,10015,10015010
2021年全年度,1145010010,佛教慈濟醫療財團法人花蓮慈濟醫院,1,6.0000,243.0000,225,2.47%,13,69.7555,12.89%,29,10015,10015010
2022年上半年度,1145010010,佛教慈濟醫療財團法人花蓮慈濟醫院,1,1.0000,98.0000,94,1.02%,10,71.8297,18.09%,17,10015,10015010
2022年全年度,1145010010,佛教慈濟醫療財團法人花蓮慈濟醫院,1,1.0000,245.0000,232,0.41%,13,71.2241,18.1%,42,10015,10015010
2023年上半年度,1145010010,佛教慈濟醫療財團法人花蓮慈濟醫院,1,2.0000,118.0000,117,1.69%,14,72.1025,14.53%,17,10015,10015010
2023年全年度,1145010010,佛教慈濟醫療財團法人花蓮慈濟醫院,1,4.0000,256.0000,244,1.56%,18,71.6762,13.93%,34,10015,10015010
2024年上半年度,1145010010,佛教慈濟醫療財團法人花蓮慈濟醫院,1,0.0000,101.0000,98,0%,13,70.4489,17.35%,17,10015,10015010
2024年全年度,1145010010,佛教慈濟醫療財團法人花蓮慈濟醫院,1,2.0000,226.0000,210,.88%,14,70.4142,14.76%,31,10015,10015010
2025年上半年度,1145010010,佛教慈濟醫療財團法人花蓮慈濟醫院,1,0.0000,139.0000,136,0%,13,71.6985,15.44%,21,10015,10015010
2006年全年度,1145010010,佛教慈濟醫療財團法人花蓮慈濟醫院,1,0,159,153,0%,7,68.0196,5.22%,8,10015,10015010
2007年全年度,1145010010,佛教慈濟醫療財團法人花蓮慈濟醫院,1,1,202,191,0.49%,13,67.5916,9.94%,19,10015,10015010
2008年全年度,1145010010,佛教慈濟醫療財團法人花蓮慈濟醫院,1,1,200,186,0.50%,8,66.1881,9.13%,17,10015,10015010
2009年全年度,1145010010,佛教慈濟醫療財團法人花蓮慈濟醫院,1,4,213,199,1.87%,9,67.6331,15.07%,30,10015,10015010
2010年全年度,1145010010,佛教慈濟醫療財團法人花蓮慈濟醫院,1,1,223,212,0.44%,9,68.1084,17.92%,38,10015,10015010
2011年上半年度,1145010038,臺灣基督教門諾會醫療財團法人門諾醫院,2,0,56,53,0%,4,67.7735,9.43%,5,10015,10015010
2011年全年度,1145010038,臺灣基督教門諾會醫療財團法人門諾醫院,2,1,93,88,1.07%,5,68.0568,9.09%,8,10015,10015010
2012年上半年度,1145010038,臺灣基督教門諾會醫療財團法人門諾醫院,2,2,43,43,4.65%,3,69.372,6.97%,3,10015,10015010
2012年全年度,1145010038,臺灣基督教門諾會醫療財團法人門諾醫院,2,2,89,87,2.25%,5,69.3678,10.34%,9,10015,10015010
2013年上半年度,1145010038,臺灣基督教門諾會醫療財團法人門諾醫院,2,1,49,48,2.04%,3,69.6041,6.25%,3,10015,10015010
2013年全年度,1145010038,臺灣基督教門諾會醫療財團法人門諾醫院,2,3,110,105,2.73%,4,68.5619,8.57%,9,10015,10015010
2014年上半年度,1145010038,臺灣基督教門諾會醫療財團法人門諾醫院,2,0,36,34,0%,3,73.2352,2.94%,1,10015,10015010
2014年全年度,1145010038,臺灣基督教門諾會醫療財團法人門諾醫院,2,1.0000,98.0000,95,1.02%,4,71.3368,8.42%,8,10015,10015010
2015年上半年度,1145010038,臺灣基督教門諾會醫療財團法人門諾醫院,2,1.0000,69.0000,69,1.45%,5,69.9855,10.14%,7,10015,10015010
2015年全年度,1145010038,臺灣基督教門諾會醫療財團法人門諾醫院,2,2.0000,161.0000,160,1.24%,6,69.1562,11.25%,18,10015,10015010
2016年上半年度,1145010038,臺灣基督教門諾會醫療財團法人門諾醫院,2,0.0000,76.0000,75,0%,5,70.1333,9.33%,7,10015,10015010
2016年全年度,1145010038,臺灣基督教門諾會醫療財團法人門諾醫院,2,0.0000,171.0000,166,0%,6,69.4036,8.43%,14,10015,10015010
2017年上半年度,1145010038,臺灣基督教門諾會醫療財團法人門諾醫院,2,0.0000,83.0000,81,0%,4,70.3827,6.17%,5,10015,10015010
2017年全年度,1145010038,臺灣基督教門諾會醫療財團法人門諾醫院,2,1.0000,187.0000,178,0.53%,4,69.9325,9.55%,17,10015,10015010
2018年上半年度,1145010038,臺灣基督教門諾會醫療財團法人門諾醫院,2,1.0000,87.0000,85,1.15%,5,70.6117,11.76%,10,10015,10015010
2018年全年度,1145010038,臺灣基督教門諾會醫療財團法人門諾醫院,2,3.0000,185.0000,180,1.62%,5,70.2222,9.44%,17,10015,10015010
2019年上半年度,1145010038,臺灣基督教門諾會醫療財團法人門諾醫院,2,1.0000,108.0000,104,0.93%,5,72.0769,17.31%,18,10015,10015010
2019年全年度,1145010038,臺灣基督教門諾會醫療財團法人門諾醫院,2,1.0000,161.0000,155,0.62%,5,71.2967,13.55%,21,10015,10015010
2020年上半年度,1145010038,臺灣基督教門諾會醫療財團法人門諾醫院,2,1.0000,32.0000,32,3.13%,5,70.5000,12.5%,4,10015,10015010
2020年全年度,1145010038,臺灣基督教門諾會醫療財團法人門諾醫院,2,1.0000,132.0000,131,0.76%,5,71.7709,12.21%,16,10015,10015010
2021年上半年度,1145010038,臺灣基督教門諾會醫療財團法人門諾醫院,2,1.0000,56.0000,56,1.79%,5,70.9107,10.71%,6,10015,10015010
2021年全年度,1145010038,臺灣基督教門諾會醫療財團法人門諾醫院,2,2.0000,129.0000,129,1.55%,5,70.6589,12.4%,16,10015,10015010
2022年上半年度,1145010038,臺灣基督教門諾會醫療財團法人門諾醫院,2,1.0000,61.0000,61,1.64%,3,69.1311,13.11%,8,10015,10015010
2022年全年度,1145010038,臺灣基督教門諾會醫療財團法人門諾醫院,2,2.0000,136.0000,132,1.47%,3,69.9166,14.39%,19,10015,10015010
2023年上半年度,1145010038,臺灣基督教門諾會醫療財團法人門諾醫院,2,0.0000,70.0000,69,0%,3,71.2173,8.7%,6,10015,10015010
2023年全年度,1145010038,臺灣基督教門諾會醫療財團法人門諾醫院,2,2.0000,144.0000,142,1.39%,3,71.5492,11.97%,17,10015,10015010
2024年上半年度,1145010038,臺灣基督教門諾會醫療財團法人門諾醫院,2,1.0000,74.0000,74,1.35%,3,69.5540,16.22%,12,10015,10015010
2024年全年度,1145010038,臺灣基督教門諾會醫療財團法人門諾醫院,2,1.0000,151.0000,148,.66%,4,69.7702,12.16%,18,10015,10015010
2025年上半年度,1145010038,臺灣基督教門諾會醫療財團法人門諾醫院,2,0.0000,72.0000,70,0%,4,71.4000,10%,7,10015,10015010
2006年全年度,1145010038,臺灣基督教門諾會醫療財團法人門諾醫院,2,1,34,34,2.94%,4,68.2058,0%,0,10015,10015010
2007年全年度,1145010038,臺灣基督教門諾會醫療財團法人門諾醫院,2,1,60,57,1.66%,3,68.3508,5.26%,3,10015,10015010
2008年全年度,1145010038,臺灣基督教門諾會醫療財團法人門諾醫院,2,2,107,99,1.86%,3,66.7171,9.09%,9,10015,10015010
2009年全年度,1145010038,臺灣基督教門諾會醫療財團法人門諾醫院,2,3,80,76,3.75%,4,67.5263,6.57%,5,10015,10015010
2010年全年度,1145010038,臺灣基督教門諾會醫療財團法人門諾醫院,2,1,103,99,0.97%,3,67.3131,5.05%,5,10015,10015010
2011年上半年度,1145030012,佛教慈濟醫療財團法人玉里慈濟醫院,3,0,6,6,0%,1,59.8333,0%,0,10015,10015030
2011年全年度,1145030012,佛教慈濟醫療財團法人玉里慈濟醫院,3,0,13,13,0%,2,61.5384,0%,0,10015,10015030
2012年上半年度,1145030012,佛教慈濟醫療財團法人玉里慈濟醫院,3,0,9,9,0%,1,61.3333,0%,0,10015,10015030
2012年全年度,1145030012,佛教慈濟醫療財團法人玉里慈濟醫院,3,0,16,14,0%,2,62.1428,14.29%,2,10015,10015030
2013年上半年度,1145030012,佛教慈濟醫療財團法人玉里慈濟醫院,3,0,8,8,0%,2,68.5,12.50%,1,10015,10015030
2013年全年度,1145030012,佛教慈濟醫療財團法人玉里慈濟醫院,3,0,9,9,0%,2,68.3333,11.11%,1,10015,10015030
2014年上半年度,1145030012,佛教慈濟醫療財團法人玉里慈濟醫院,3,0,2,2,0%,1,63,50%,1,10015,10015030
2014年全年度,1145030012,佛教慈濟醫療財團法人玉里慈濟醫院,3,0.0000,3.0000,3,0%,1,61.6666,66.67%,2,10015,10015030
2015年上半年度,1145030012,佛教慈濟醫療財團法人玉里慈濟醫院,3,0.0000,2.0000,1,0%,1,76.0000,0%,0,10015,10015030
2015年全年度,1145030012,佛教慈濟醫療財團法人玉里慈濟醫院,3,0.0000,3.0000,2,0%,1,75.0000,0%,0,10015,10015030
2016年上半年度,1145030012,佛教慈濟醫療財團法人玉里慈濟醫院,3,0.0000,1.0000,1,0%,1,71.0000,100%,1,10015,10015030
2016年全年度,1145030012,佛教慈濟醫療財團法人玉里慈濟醫院,3,0.0000,2.0000,2,0%,1,66.0000,50%,1,10015,10015030
2017年上半年度,1145030012,佛教慈濟醫療財團法人玉里慈濟醫院,3,0.0000,2.0000,1,0%,1,72.0000,100%,1,10015,10015030
2017年全年度,1145030012,佛教慈濟醫療財團法人玉里慈濟醫院,3,0.0000,4.0000,3,0%,1,65.0000,33.33%,1,10015,10015030
2019年上半年度,1145030012,佛教慈濟醫療財團法人玉里慈濟醫院,3,0.0000,2.0000,2,0%,1,71.5000,0%,0,10015,10015030
2019年全年度,1145030012,佛教慈濟醫療財團法人玉里慈濟醫院,3,0.0000,2.0000,2,0%,1,71.5000,0%,0,10015,10015030
2020年全年度,1145030012,佛教慈濟醫療財團法人玉里慈濟醫院,3,0.0000,2.0000,2,0%,1,76.5000,0%,0,10015,10015030
2021年上半年度,1145030012,佛教慈濟醫療財團法人玉里慈濟醫院,3,0.0000,2.0000,2,0%,1,71.5000,50%,1,10015,10015030
2021年全年度,1145030012,佛教慈濟醫療財團法人玉里慈濟醫院,3,0.0000,2.0000,2,0%,1,71.5000,50%,1,10015,10015030
2022年上半年度,1145030012,佛教慈濟醫療財團法人玉里慈濟醫院,3,0.0000,1.0000,1,0%,1,73.0000,0%,0,10015,10015030
2022年全年度,1145030012,佛教慈濟醫療財團法人玉里慈濟醫院,3,0.0000,1.0000,1,0%,1,73.0000,0%,0,10015,10015030
2023年全年度,1145030012,佛教慈濟醫療財團法人玉里慈濟醫院,3,0.0000,2.0000,2,0%,1,72.5000,0%,0,10015,10015030
2024年上半年度,1145030012,佛教慈濟醫療財團法人玉里慈濟醫院,3,0.0000,3.0000,3,0%,1,65.0000,33.33%,1,10015,10015030
2024年全年度,1145030012,佛教慈濟醫療財團法人玉里慈濟醫院,3,0.0000,7.0000,6,0%,1,66.1666,16.67%,1,10015,10015030
2025年上半年度,1145030012,佛教慈濟醫療財團法人玉里慈濟醫院,3,0.0000,3.0000,3,0%,1,71.0000,33.33%,1,10015,10015030
2006年全年度,1145030012,佛教慈濟醫療財團法人玉里慈濟醫院,3,1,6,6,16.66%,3,64.8333,0%,0,10015,10015030
2007年全年度,1145030012,佛教慈濟醫療財團法人玉里慈濟醫院,3,0,4,4,0%,2,60.5,25%,1,10015,10015030
2008年全年度,1145030012,佛教慈濟醫療財團法人玉里慈濟醫院,3,0,12,12,0%,1,66.1666,0%,0,10015,10015030
2009年全年度,1145030012,佛教慈濟醫療財團法人玉里慈濟醫院,3,0,6,6,0%,1,63.8333,16.66%,1,10015,10015030
2010年全年度,1145030012,佛教慈濟醫療財團法人玉里慈濟醫院,3,0,10,9,0%,1,61.8888,0%,0,10015,10015030
2011年上半年度,1146010014,台灣基督長老教會馬偕醫療財團法人台東馬偕紀念醫院,2,0,9,9,0%,2,65.7777,22.22%,2,10014,10014010
2011年全年度,1146010014,台灣基督長老教會馬偕醫療財團法人台東馬偕紀念醫院,2,0,19,18,0%,3,68.5,11.11%,2,10014,10014010
2012年上半年度,1146010014,台灣基督長老教會馬偕醫療財團法人台東馬偕紀念醫院,2,0,13,13,0%,1,74.1538,30.76%,4,10014,10014010
2012年全年度,1146010014,台灣基督長老教會馬偕醫療財團法人台東馬偕紀念醫院,2,0,27,27,0%,2,71.1111,18.52%,5,10014,10014010
2013年上半年度,1146010014,台灣基督長老教會馬偕醫療財團法人台東馬偕紀念醫院,2,0,15,14,0%,4,67.1428,7.14%,1,10014,10014010
2013年全年度,1146010014,台灣基督長老教會馬偕醫療財團法人台東馬偕紀念醫院,2,1,39,38,2.56%,4,65.7631,7.89%,3,10014,10014010
2014年上半年度,1146010014,台灣基督長老教會馬偕醫療財團法人台東馬偕紀念醫院,2,0,14,13,0%,4,73.7692,7.69%,1,10014,10014010
2014年全年度,1146010014,台灣基督長老教會馬偕醫療財團法人台東馬偕紀念醫院,2,0.0000,35.0000,31,0%,4,69.1290,6.45%,2,10014,10014010
2015年上半年度,1146010014,台灣基督長老教會馬偕醫療財團法人台東馬偕紀念醫院,2,0.0000,31.0000,31,0%,3,66.5483,6.45%,2,10014,10014010
2015年全年度,1146010014,台灣基督長老教會馬偕醫療財團法人台東馬偕紀念醫院,2,0.0000,50.0000,48,0%,5,68.5625,4.17%,2,10014,10014010
2016年上半年度,1146010014,台灣基督長老教會馬偕醫療財團法人台東馬偕紀念醫院,2,0.0000,17.0000,17,0%,3,71.4117,0%,0,10014,10014010
2016年全年度,1146010014,台灣基督長老教會馬偕醫療財團法人台東馬偕紀念醫院,2,1.0000,50.0000,49,2%,4,68.8163,4.08%,2,10014,10014010
2017年上半年度,1146010014,台灣基督長老教會馬偕醫療財團法人台東馬偕紀念醫院,2,0.0000,21.0000,20,0%,4,71.1500,10%,2,10014,10014010
2017年全年度,1146010014,台灣基督長老教會馬偕醫療財團法人台東馬偕紀念醫院,2,0.0000,38.0000,37,0%,4,66.9459,8.11%,3,10014,10014010
2018年上半年度,1146010014,台灣基督長老教會馬偕醫療財團法人台東馬偕紀念醫院,2,0.0000,23.0000,23,0%,3,68.1739,21.74%,5,10014,10014010
2018年全年度,1146010014,台灣基督長老教會馬偕醫療財團法人台東馬偕紀念醫院,2,0.0000,48.0000,45,0%,4,68.6000,17.78%,8,10014,10014010
2019年上半年度,1146010014,台灣基督長老教會馬偕醫療財團法人台東馬偕紀念醫院,2,0.0000,29.0000,27,0%,4,68.2962,7.41%,2,10014,10014010
2019年全年度,1146010014,台灣基督長老教會馬偕醫療財團法人台東馬偕紀念醫院,2,0.0000,47.0000,42,0%,5,67.9761,9.52%,4,10014,10014010
2020年上半年度,1146010014,台灣基督長老教會馬偕醫療財團法人台東馬偕紀念醫院,2,0.0000,13.0000,12,0%,4,74.8333,33.33%,4,10014,10014010
2020年全年度,1146010014,台灣基督長老教會馬偕醫療財團法人台東馬偕紀念醫院,2,0.0000,26.0000,24,0%,4,73.2500,20.83%,5,10014,10014010
2021年上半年度,1146010014,台灣基督長老教會馬偕醫療財團法人台東馬偕紀念醫院,2,0.0000,12.0000,12,0%,2,69.0833,25%,3,10014,10014010
2021年全年度,1146010014,台灣基督長老教會馬偕醫療財團法人台東馬偕紀念醫院,2,0.0000,29.0000,27,0%,3,68.9629,18.52%,5,10014,10014010
2022年上半年度,1146010014,台灣基督長老教會馬偕醫療財團法人台東馬偕紀念醫院,2,0.0000,15.0000,15,0%,4,69.1333,6.67%,1,10014,10014010
2022年全年度,1146010014,台灣基督長老教會馬偕醫療財團法人台東馬偕紀念醫院,2,0.0000,33.0000,32,0%,4,69.7812,6.25%,2,10014,10014010
2023年上半年度,1146010014,台灣基督長老教會馬偕醫療財團法人台東馬偕紀念醫院,2,0.0000,17.0000,16,0%,5,69.5000,25%,4,10014,10014010
2023年全年度,1146010014,台灣基督長老教會馬偕醫療財團法人台東馬偕紀念醫院,2,0.0000,35.0000,32,0%,5,68.3437,15.63%,5,10014,10014010
2024年上半年度,1146010014,台灣基督長老教會馬偕醫療財團法人台東馬偕紀念醫院,2,0.0000,14.0000,14,0%,3,68.9285,28.57%,4,10014,10014010
2024年全年度,1146010014,台灣基督長老教會馬偕醫療財團法人台東馬偕紀念醫院,2,0.0000,37.0000,35,0%,5,68.5714,22.86%,8,10014,10014010
2025年上半年度,1146010014,台灣基督長老教會馬偕醫療財團法人台東馬偕紀念醫院,2,0.0000,13.0000,13,0%,4,67.6153,15.38%,2,10014,10014010
2006年全年度,1146010014,台灣基督長老教會馬偕醫療財團法人台東馬偕紀念醫院,2,0,18,18,0%,4,68.4444,11.11%,2,10014,10014010
2007年全年度,1146010014,台灣基督長老教會馬偕醫療財團法人台東馬偕紀念醫院,2,0,16,14,0%,4,67.9285,21.42%,3,10014,10014010
2008年全年度,1146010014,台灣基督長老教會馬偕醫療財團法人台東馬偕紀念醫院,2,1,16,15,6.25%,2,68.2666,20%,3,10014,10014010
2009年全年度,1146010014,台灣基督長老教會馬偕醫療財團法人台東馬偕紀念醫院,2,0,20,19,0%,4,69.7368,5.26%,1,10014,10014010
2010年全年度,1146010014,台灣基督長老教會馬偕醫療財團法人台東馬偕紀念醫院,2,0,17,17,0%,2,66.4117,17.64%,3,10014,10014010
2011年上半年度,1146010032,東基醫療財團法人台東基督教醫院,3,0,10,9,0%,2,68.5555,0%,0,10014,10014010
2011年全年度,1146010032,東基醫療財團法人台東基督教醫院,3,0,21,20,0%,2,67.1,10%,2,10014,10014010
2012年上半年度,1146010032,東基醫療財團法人台東基督教醫院,3,0,6,6,0%,1,63.5,0%,0,10014,10014010
2012年全年度,1146010032,東基醫療財團法人台東基督教醫院,3,0,13,12,0%,1,65.9166,16.67%,2,10014,10014010
2013年上半年度,1146010032,東基醫療財團法人台東基督教醫院,3,0,7,7,0%,2,65,0%,0,10014,10014010
2013年全年度,1146010032,東基醫療財團法人台東基督教醫院,3,0,15,13,0%,2,65.0769,0%,0,10014,10014010
2014年上半年度,1146010032,東基醫療財團法人台東基督教醫院,3,0,9,9,0%,2,70.8888,33.33%,3,10014,10014010
2014年全年度,1146010032,東基醫療財團法人台東基督教醫院,3,0.0000,20.0000,20,0%,2,71.3500,15%,3,10014,10014010
2015年上半年度,1146010032,東基醫療財團法人台東基督教醫院,3,0.0000,19.0000,18,0%,2,69.2222,11.11%,2,10014,10014010
2015年全年度,1146010032,東基醫療財團法人台東基督教醫院,3,0.0000,44.0000,40,0%,2,68.4500,12.5%,5,10014,10014010
2016年上半年度,1146010032,東基醫療財團法人台東基督教醫院,3,0.0000,34.0000,33,0%,2,70.4545,6.06%,2,10014,10014010
2016年全年度,1146010032,東基醫療財團法人台東基督教醫院,3,1.0000,68.0000,63,1.47%,3,69.9047,6.35%,4,10014,10014010
2017年上半年度,1146010032,東基醫療財團法人台東基督教醫院,3,0.0000,23.0000,21,0%,2,70.5714,19.05%,4,10014,10014010
2017年全年度,1146010032,東基醫療財團法人台東基督教醫院,3,0.0000,48.0000,43,0%,3,71.0000,16.28%,7,10014,10014010
2018年上半年度,1146010032,東基醫療財團法人台東基督教醫院,3,0.0000,30.0000,30,0%,2,72.0666,3.33%,1,10014,10014010
2018年全年度,1146010032,東基醫療財團法人台東基督教醫院,3,0.0000,49.0000,47,0%,3,70.1063,6.38%,3,10014,10014010
2019年上半年度,1146010032,東基醫療財團法人台東基督教醫院,3,1.0000,28.0000,28,3.57%,4,72.1785,0%,0,10014,10014010
2019年全年度,1146010032,東基醫療財團法人台東基督教醫院,3,2.0000,81.0000,78,2.47%,4,70.5512,8.97%,7,10014,10014010
2020年上半年度,1146010032,東基醫療財團法人台東基督教醫院,3,0.0000,26.0000,26,0%,4,72.1923,11.54%,3,10014,10014010
2020年全年度,1146010032,東基醫療財團法人台東基督教醫院,3,0.0000,62.0000,59,0%,4,72.5254,10.17%,6,10014,10014010
2021年上半年度,1146010032,東基醫療財團法人台東基督教醫院,3,1.0000,38.0000,37,2.63%,3,69.2702,10.81%,4,10014,10014010
2021年全年度,1146010032,東基醫療財團法人台東基督教醫院,3,1.0000,77.0000,73,1.3%,4,68.8356,9.59%,7,10014,10014010
2022年上半年度,1146010032,東基醫療財團法人台東基督教醫院,3,0.0000,40.0000,40,0%,4,69.2000,12.5%,5,10014,10014010
2022年全年度,1146010032,東基醫療財團法人台東基督教醫院,3,0.0000,74.0000,72,0%,4,69.9583,15.28%,11,10014,10014010
2023年上半年度,1146010032,東基醫療財團法人台東基督教醫院,3,0.0000,36.0000,35,0%,3,71.6857,17.14%,6,10014,10014010
2023年全年度,1146010032,東基醫療財團法人台東基督教醫院,3,0.0000,77.0000,71,0%,3,71.4647,11.27%,8,10014,10014010
2024年上半年度,1146010032,東基醫療財團法人台東基督教醫院,3,0.0000,37.0000,37,0%,3,69.8108,2.7%,1,10014,10014010
2024年全年度,1146010032,東基醫療財團法人台東基督教醫院,3,0.0000,82.0000,76,0%,3,71.1447,9.21%,7,10014,10014010
2025年上半年度,1146010032,東基醫療財團法人台東基督教醫院,3,0.0000,39.0000,38,0%,2,71.0526,7.89%,3,10014,10014010
2006年全年度,1146010032,東基醫療財團法人台東基督教醫院,3,0,6,5,0%,1,73.2,0%,0,10014,10014010
2007年全年度,1146010032,東基醫療財團法人台東基督教醫院,3,0,7,7,0%,2,69.7142,14.28%,1,10014,10014010
2008年全年度,1146010032,東基醫療財團法人台東基督教醫院,3,0,2,2,0%,2,69,0%,0,10014,10014010
2009年全年度,1146010032,東基醫療財團法人台東基督教醫院,3,0,10,8,0%,2,69.625,0%,0,10014,10014010
2010年全年度,1146010032,東基醫療財團法人台東基督教醫院,3,0,15,15,0%,2,65.6666,26.66%,4,10014,10014010
2011年上半年度,1146030516,佛教慈濟醫療財團法人關山慈濟醫院,3,0,9,9,0%,1,72.1111,11.11%,1,10014,10014030
2011年全年度,1146030516,佛教慈濟醫療財團法人關山慈濟醫院,3,0,20,20,0%,1,72.2,15%,3,10014,10014030
2012年上半年度,1146030516,佛教慈濟醫療財團法人關山慈濟醫院,3,0,5,5,0%,2,66.8,20%,1,10014,10014030
2012年全年度,1146030516,佛教慈濟醫療財團法人關山慈濟醫院,3,0,13,12,0%,2,67.5,8.33%,1,10014,10014030
2013年上半年度,1146030516,佛教慈濟醫療財團法人關山慈濟醫院,3,0,12,12,0%,1,71.75,16.67%,2,10014,10014030
2013年全年度,1146030516,佛教慈濟醫療財團法人關山慈濟醫院,3,0,24,23,0%,1,70.7391,13.04%,3,10014,10014030
2014年上半年度,1146030516,佛教慈濟醫療財團法人關山慈濟醫院,3,0,8,8,0%,1,73.625,12.50%,1,10014,10014030
2014年全年度,1146030516,佛教慈濟醫療財團法人關山慈濟醫院,3,0.0000,15.0000,15,0%,1,71.4666,13.33%,2,10014,10014030
2015年上半年度,1146030516,佛教慈濟醫療財團法人關山慈濟醫院,3,0.0000,14.0000,14,0%,2,69.5714,0%,0,10014,10014030
2015年全年度,1146030516,佛教慈濟醫療財團法人關山慈濟醫院,3,0.0000,19.0000,17,0%,2,69.2352,0%,0,10014,10014030
2016年上半年度,1146030516,佛教慈濟醫療財團法人關山慈濟醫院,3,0.0000,7.0000,7,0%,1,70.8571,0%,0,10014,10014030
2016年全年度,1146030516,佛教慈濟醫療財團法人關山慈濟醫院,3,0.0000,13.0000,13,0%,1,68.0000,7.69%,1,10014,10014030
2017年上半年度,1146030516,佛教慈濟醫療財團法人關山慈濟醫院,3,0.0000,7.0000,7,0%,1,72.0000,0%,0,10014,10014030
2017年全年度,1146030516,佛教慈濟醫療財團法人關山慈濟醫院,3,0.0000,7.0000,7,0%,1,72.0000,0%,0,10014,10014030
2018年上半年度,1146030516,佛教慈濟醫療財團法人關山慈濟醫院,3,0.0000,9.0000,9,0%,1,71.4444,0%,0,10014,10014030
2018年全年度,1146030516,佛教慈濟醫療財團法人關山慈濟醫院,3,1.0000,18.0000,18,5.56%,1,73.1666,0%,0,10014,10014030
2019年上半年度,1146030516,佛教慈濟醫療財團法人關山慈濟醫院,3,0.0000,9.0000,9,0%,1,74.8888,0%,0,10014,10014030
2019年全年度,1146030516,佛教慈濟醫療財團法人關山慈濟醫院,3,0.0000,17.0000,17,0%,1,70.5882,0%,0,10014,10014030
2020年上半年度,1146030516,佛教慈濟醫療財團法人關山慈濟醫院,3,0.0000,10.0000,10,0%,1,72.6000,0%,0,10014,10014030
2020年全年度,1146030516,佛教慈濟醫療財團法人關山慈濟醫院,3,0.0000,17.0000,17,0%,1,75.0588,11.76%,2,10014,10014030
2021年上半年度,1146030516,佛教慈濟醫療財團法人關山慈濟醫院,3,0.0000,6.0000,6,0%,1,73.3333,0%,0,10014,10014030
2021年全年度,1146030516,佛教慈濟醫療財團法人關山慈濟醫院,3,0.0000,14.0000,14,0%,1,71.4285,21.43%,3,10014,10014030
2022年上半年度,1146030516,佛教慈濟醫療財團法人關山慈濟醫院,3,0.0000,9.0000,9,0%,1,73.3333,33.33%,3,10014,10014030
2022年全年度,1146030516,佛教慈濟醫療財團法人關山慈濟醫院,3,0.0000,22.0000,21,0%,1,71.8571,14.29%,3,10014,10014030
2023年上半年度,1146030516,佛教慈濟醫療財團法人關山慈濟醫院,3,0.0000,12.0000,12,0%,1,70.5000,41.67%,5,10014,10014030
2023年全年度,1146030516,佛教慈濟醫療財團法人關山慈濟醫院,3,0.0000,26.0000,24,0%,2,71.7916,37.5%,9,10014,10014030
2024年上半年度,1146030516,佛教慈濟醫療財團法人關山慈濟醫院,3,0.0000,10.0000,10,0%,1,73.3000,10%,1,10014,10014030
2024年全年度,1146030516,佛教慈濟醫療財團法人關山慈濟醫院,3,0.0000,20.0000,19,0%,1,73.1052,10.53%,2,10014,10014030
2025年上半年度,1146030516,佛教慈濟醫療財團法人關山慈濟醫院,3,0.0000,9.0000,9,0%,1,71.5555,0%,0,10014,10014030
2006年全年度,1146030516,佛教慈濟醫療財團法人關山慈濟醫院,3,0,5,4,0%,1,69.5,0%,0,10014,10014030
2007年全年度,1146030516,佛教慈濟醫療財團法人關山慈濟醫院,3,0,12,12,0%,1,71.8333,0%,0,10014,10014030
2008年全年度,1146030516,佛教慈濟醫療財團法人關山慈濟醫院,3,0,14,14,0%,1,65.6428,0%,0,10014,10014030
2009年全年度,1146030516,佛教慈濟醫療財團法人關山慈濟醫院,3,0,22,19,0%,1,66.4736,0%,0,10014,10014030
2010年全年度,1146030516,佛教慈濟醫療財團法人關山慈濟醫院,3,0,13,12,0%,1,70.9166,8.33%,1,10014,10014030
2011年上半年度,1231030015,天主教耕莘醫療財團法人永和耕莘醫院,3,0,8,8,0%,3,68.875,0%,0,65000,65000040
2011年全年度,1231030015,天主教耕莘醫療財團法人永和耕莘醫院,3,0,23,23,0%,3,69.2608,0%,0,65000,65000040
2012年上半年度,1231030015,天主教耕莘醫療財團法人永和耕莘醫院,3,0,5,5,0%,2,74.6,0%,0,65000,65000040
2012年全年度,1231030015,天主教耕莘醫療財團法人永和耕莘醫院,3,0,16,16,0%,2,74.75,12.50%,2,65000,65000040
2013年上半年度,1231030015,天主教耕莘醫療財團法人永和耕莘醫院,3,0,13,13,0%,2,69.3076,0%,0,65000,65000040
2013年全年度,1231030015,天主教耕莘醫療財團法人永和耕莘醫院,3,0,36,36,0%,3,68.75,11.11%,4,65000,65000040
2014年上半年度,1231030015,天主教耕莘醫療財團法人永和耕莘醫院,3,0,20,20,0%,3,72.55,10%,2,65000,65000040
2014年全年度,1231030015,天主教耕莘醫療財團法人永和耕莘醫院,3,0.0000,31.0000,31,0%,4,73.0000,9.68%,3,65000,65000040
2015年上半年度,1231030015,天主教耕莘醫療財團法人永和耕莘醫院,3,0.0000,20.0000,20,0%,6,72.6500,10%,2,65000,65000040
2015年全年度,1231030015,天主教耕莘醫療財團法人永和耕莘醫院,3,0.0000,42.0000,39,0%,6,72.6923,7.69%,3,65000,65000040
2016年上半年度,1231030015,天主教耕莘醫療財團法人永和耕莘醫院,3,0.0000,10.0000,10,0%,4,75.8000,10%,1,65000,65000040
2016年全年度,1231030015,天主教耕莘醫療財團法人永和耕莘醫院,3,0.0000,26.0000,25,0%,4,72.2000,8%,2,65000,65000040
2017年上半年度,1231030015,天主教耕莘醫療財團法人永和耕莘醫院,3,0.0000,9.0000,9,0%,3,73.1111,22.22%,2,65000,65000040
2017年全年度,1231030015,天主教耕莘醫療財團法人永和耕莘醫院,3,0.0000,19.0000,19,0%,4,73.3684,21.05%,4,65000,65000040
2018年上半年度,1231030015,天主教耕莘醫療財團法人永和耕莘醫院,3,0.0000,13.0000,12,0%,3,73.5000,0%,0,65000,65000040
2018年全年度,1231030015,天主教耕莘醫療財團法人永和耕莘醫院,3,0.0000,28.0000,25,0%,3,74.7600,4%,1,65000,65000040
2019年上半年度,1231030015,天主教耕莘醫療財團法人永和耕莘醫院,3,1.0000,11.0000,11,9.09%,4,75.2727,0%,0,65000,65000040
2019年全年度,1231030015,天主教耕莘醫療財團法人永和耕莘醫院,3,1.0000,22.0000,21,4.55%,4,73.6666,0%,0,65000,65000040
2020年上半年度,1231030015,天主教耕莘醫療財團法人永和耕莘醫院,3,0.0000,12.0000,12,0%,4,73.9166,8.33%,1,65000,65000040
2020年全年度,1231030015,天主教耕莘醫療財團法人永和耕莘醫院,3,0.0000,29.0000,28,0%,4,75.2857,3.57%,1,65000,65000040
2021年上半年度,1231030015,天主教耕莘醫療財團法人永和耕莘醫院,3,0.0000,10.0000,10,0%,3,70.8000,10%,1,65000,65000040
2021年全年度,1231030015,天主教耕莘醫療財團法人永和耕莘醫院,3,0.0000,24.0000,24,0%,3,70.2916,12.5%,3,65000,65000040
2022年上半年度,1231030015,天主教耕莘醫療財團法人永和耕莘醫院,3,0.0000,9.0000,9,0%,3,72.8888,22.22%,2,65000,65000040
2022年全年度,1231030015,天主教耕莘醫療財團法人永和耕莘醫院,3,0.0000,27.0000,26,0%,4,72.5384,26.92%,7,65000,65000040
2023年上半年度,1231030015,天主教耕莘醫療財團法人永和耕莘醫院,3,0.0000,19.0000,18,0%,4,72.4444,27.78%,5,65000,65000040
2023年全年度,1231030015,天主教耕莘醫療財團法人永和耕莘醫院,3,0.0000,35.0000,34,0%,4,71.4411,14.71%,5,65000,65000040
2024年上半年度,1231030015,天主教耕莘醫療財團法人永和耕莘醫院,3,0.0000,22.0000,22,0%,5,73.7727,13.64%,3,65000,65000040
2024年全年度,1231030015,天主教耕莘醫療財團法人永和耕莘醫院,3,0.0000,46.0000,45,0%,5,73.3777,13.33%,6,65000,65000040
2025年上半年度,1231030015,天主教耕莘醫療財團法人永和耕莘醫院,3,0.0000,26.0000,25,0%,4,74.0800,12%,3,65000,65000040
2006年全年度,1231030015,天主教耕莘醫療財團法人永和耕莘醫院,3,0,6,6,0%,2,76,0%,0,65000,65000040
2007年全年度,1231030015,天主教耕莘醫療財團法人永和耕莘醫院,3,0,12,11,0%,2,71,18.18%,2,65000,65000040
2008年全年度,1231030015,天主教耕莘醫療財團法人永和耕莘醫院,3,0,8,8,0%,3,70,0%,0,65000,65000040
2009年全年度,1231030015,天主教耕莘醫療財團法人永和耕莘醫院,3,0,18,17,0%,5,73.647,11.76%,2,65000,65000040
2010年全年度,1231030015,天主教耕莘醫療財團法人永和耕莘醫院,3,0,17,16,0%,4,76.1875,12.50%,2,65000,65000040
2011年上半年度,1231050017,天主教耕莘醫療財團法人耕莘醫院,2,0,13,13,0%,2,71.4615,15.38%,2,65000,65000060
2011年全年度,1231050017,天主教耕莘醫療財團法人耕莘醫院,2,0,33,32,0%,3,70.7187,6.25%,2,65000,65000060
2012年上半年度,1231050017,天主教耕莘醫療財團法人耕莘醫院,2,0,22,22,0%,4,71.409,9.09%,2,65000,65000060
2012年全年度,1231050017,天主教耕莘醫療財團法人耕莘醫院,2,0,46,45,0%,4,71.0666,11.11%,5,65000,65000060
2013年上半年度,1231050017,天主教耕莘醫療財團法人耕莘醫院,2,0,18,18,0%,4,70.5555,16.67%,3,65000,65000060
2013年全年度,1231050017,天主教耕莘醫療財團法人耕莘醫院,2,0,36,36,0%,4,70.4444,16.67%,6,65000,65000060
2014年上半年度,1231050017,天主教耕莘醫療財團法人耕莘醫院,2,1,24,23,4.17%,6,70.5217,17.39%,4,65000,65000060
2014年全年度,1231050017,天主教耕莘醫療財團法人耕莘醫院,2,1.0000,55.0000,51,1.82%,7,70.8823,15.69%,8,65000,65000060
2015年上半年度,1231050017,天主教耕莘醫療財團法人耕莘醫院,2,0.0000,22.0000,22,0%,5,70.8636,9.09%,2,65000,65000060
2015年全年度,1231050017,天主教耕莘醫療財團法人耕莘醫院,2,0.0000,68.0000,64,0%,7,72.0468,10.94%,7,65000,65000060
2016年上半年度,1231050017,天主教耕莘醫療財團法人耕莘醫院,2,2.0000,42.0000,40,4.76%,5,72.1250,7.5%,3,65000,65000060
2016年全年度,1231050017,天主教耕莘醫療財團法人耕莘醫院,2,2.0000,95.0000,90,2.11%,7,72.7666,6.67%,6,65000,65000060
2017年上半年度,1231050017,天主教耕莘醫療財團法人耕莘醫院,2,0.0000,57.0000,56,0%,7,70.4642,8.93%,5,65000,65000060
2017年全年度,1231050017,天主教耕莘醫療財團法人耕莘醫院,2,0.0000,111.0000,107,0%,7,70.5981,11.21%,12,65000,65000060
2018年上半年度,1231050017,天主教耕莘醫療財團法人耕莘醫院,2,1.0000,53.0000,52,1.89%,5,72.4230,17.31%,9,65000,65000060
2018年全年度,1231050017,天主教耕莘醫療財團法人耕莘醫院,2,2.0000,106.0000,104,1.89%,6,72.3076,15.38%,16,65000,65000060
2019年上半年度,1231050017,天主教耕莘醫療財團法人耕莘醫院,2,0.0000,65.0000,65,0%,6,71.1076,15.38%,10,65000,65000060
2019年全年度,1231050017,天主教耕莘醫療財團法人耕莘醫院,2,0.0000,132.0000,123,0%,7,71.4390,13.82%,17,65000,65000060
2020年上半年度,1231050017,天主教耕莘醫療財團法人耕莘醫院,2,0.0000,40.0000,37,0%,5,73.4324,16.22%,6,65000,65000060
2020年全年度,1231050017,天主教耕莘醫療財團法人耕莘醫院,2,0.0000,118.0000,109,0%,8,71.7155,14.68%,16,65000,65000060
2021年上半年度,1231050017,天主教耕莘醫療財團法人耕莘醫院,2,0.0000,38.0000,38,0%,6,72.0526,15.79%,6,65000,65000060
2021年全年度,1231050017,天主教耕莘醫療財團法人耕莘醫院,2,0.0000,83.0000,81,0%,7,72.4197,18.52%,15,65000,65000060
2022年上半年度,1231050017,天主教耕莘醫療財團法人耕莘醫院,2,1.0000,39.0000,39,2.56%,7,73.2564,10.26%,4,65000,65000060
2022年全年度,1231050017,天主教耕莘醫療財團法人耕莘醫院,2,1.0000,97.0000,95,1.03%,8,71.0210,8.42%,8,65000,65000060
2023年上半年度,1231050017,天主教耕莘醫療財團法人耕莘醫院,2,0.0000,58.0000,56,0%,5,71.5535,8.93%,5,65000,65000060
2023年全年度,1231050017,天主教耕莘醫療財團法人耕莘醫院,2,1.0000,127.0000,122,.79%,7,70.8934,12.3%,15,65000,65000060
2024年上半年度,1231050017,天主教耕莘醫療財團法人耕莘醫院,2,0.0000,66.0000,64,0%,6,70.2187,26.56%,17,65000,65000060
2024年全年度,1231050017,天主教耕莘醫療財團法人耕莘醫院,2,0.0000,107.0000,100,0%,7,70.0100,21%,21,65000,65000060
2025年上半年度,1231050017,天主教耕莘醫療財團法人耕莘醫院,2,0.0000,26.0000,26,0%,6,71.6538,15.38%,4,65000,65000060
2006年全年度,1231050017,天主教耕莘醫療財團法人耕莘醫院,2,0,11,11,0%,2,74.3636,9.09%,1,65000,65000060
2007年全年度,1231050017,天主教耕莘醫療財團法人耕莘醫院,2,0,23,22,0%,2,70.1363,4.54%,1,65000,65000060
2008年全年度,1231050017,天主教耕莘醫療財團法人耕莘醫院,2,0,32,31,0%,2,69.5483,16.12%,5,65000,65000060
2009年全年度,1231050017,天主教耕莘醫療財團法人耕莘醫院,2,0,37,36,0%,2,71.7222,8.33%,3,65000,65000060
2010年全年度,1231050017,天主教耕莘醫療財團法人耕莘醫院,2,1,28,28,3.57%,3,72.7857,0%,0,65000,65000060
2011年上半年度,1301110511,中國醫藥大學附設醫院臺北分院,3,0,5,5,0%,1,73.4,20%,1,63000,63000100
2011年全年度,1301110511,中國醫藥大學附設醫院臺北分院,3,0,18,17,0%,1,74.0588,11.76%,2,63000,63000100
2012年上半年度,1301110511,中國醫藥大學附設醫院臺北分院,3,0,8,8,0%,1,74.625,12.50%,1,63000,63000100
2012年全年度,1301110511,中國醫藥大學附設醫院臺北分院,3,0,16,16,0%,1,73.0625,12.50%,2,63000,63000100
2013年上半年度,1301110511,中國醫藥大學附設醫院臺北分院,3,0,12,11,0%,1,71.1818,0%,0,63000,63000100
2013年全年度,1301110511,中國醫藥大學附設醫院臺北分院,3,0,30,29,0%,1,71.2758,3.45%,1,63000,63000100
2014年上半年度,1301110511,中國醫藥大學附設醫院臺北分院,3,0,15,15,0%,1,72.8666,13.33%,2,63000,63000100
2014年全年度,1301110511,中國醫藥大學附設醫院臺北分院,3,0.0000,28.0000,28,0%,2,71.1785,10.71%,3,63000,63000100
2015年上半年度,1301110511,中國醫藥大學附設醫院臺北分院,3,0.0000,9.0000,9,0%,2,71.7777,11.11%,1,63000,63000100
2015年全年度,1301110511,中國醫藥大學附設醫院臺北分院,3,0.0000,17.0000,17,0%,2,71.4705,5.88%,1,63000,63000100
2016年上半年度,1301110511,中國醫藥大學附設醫院臺北分院,3,0.0000,10.0000,10,0%,1,71.2000,10%,1,63000,63000100
2016年全年度,1301110511,中國醫藥大學附設醫院臺北分院,3,0.0000,17.0000,17,0%,1,74.7647,17.65%,3,63000,63000100
2017年上半年度,1301110511,中國醫藥大學附設醫院臺北分院,3,0.0000,5.0000,5,0%,1,71.8000,0%,0,63000,63000100
2017年全年度,1301110511,中國醫藥大學附設醫院臺北分院,3,0.0000,12.0000,12,0%,1,71.5000,8.33%,1,63000,63000100
2018年上半年度,1301110511,中國醫藥大學附設醫院臺北分院,3,0.0000,7.0000,6,0%,3,76.0000,0%,0,63000,63000100
2018年全年度,1301110511,中國醫藥大學附設醫院臺北分院,3,0.0000,19.0000,17,0%,3,73.5294,11.76%,2,63000,63000100
2019年上半年度,1301110511,中國醫藥大學附設醫院臺北分院,3,0.0000,4.0000,4,0%,1,77.7500,0%,0,63000,63000100
2019年全年度,1301110511,中國醫藥大學附設醫院臺北分院,3,1.0000,13.0000,13,7.69%,2,77.0000,7.69%,1,63000,63000100
2020年上半年度,1301110511,中國醫藥大學附設醫院臺北分院,3,0.0000,5.0000,5,0%,1,71.4000,0%,0,63000,63000100
2020年全年度,1301110511,中國醫藥大學附設醫院臺北分院,3,0.0000,12.0000,11,0%,2,73.2727,0%,0,63000,63000100
2021年上半年度,1301110511,中國醫藥大學附設醫院臺北分院,3,0.0000,4.0000,4,0%,3,80.0000,25%,1,63000,63000100
2021年全年度,1301110511,中國醫藥大學附設醫院臺北分院,3,0.0000,8.0000,8,0%,4,74.3750,12.5%,1,63000,63000100
2022年上半年度,1301110511,中國醫藥大學附設醫院臺北分院,3,0.0000,3.0000,3,0%,2,69.0000,0%,0,63000,63000100
2022年全年度,1301110511,中國醫藥大學附設醫院臺北分院,3,0.0000,7.0000,7,0%,3,72.5714,0%,0,63000,63000100
2023年上半年度,1301110511,中國醫藥大學附設醫院臺北分院,3,0.0000,8.0000,8,0%,2,74.1250,25%,2,63000,63000100
2023年全年度,1301110511,中國醫藥大學附設醫院臺北分院,3,0.0000,11.0000,10,0%,2,74.2000,20%,2,63000,63000100
2024年上半年度,1301110511,中國醫藥大學附設醫院臺北分院,3,0.0000,2.0000,2,0%,1,66.5000,0%,0,63000,63000100
2024年全年度,1301110511,中國醫藥大學附設醫院臺北分院,3,0.0000,7.0000,7,0%,2,72.7142,0%,0,63000,63000100
2025年上半年度,1301110511,中國醫藥大學附設醫院臺北分院,3,0.0000,1.0000,1,0%,1,75.0000,0%,0,63000,63000100
2010年全年度,1301110511,中國醫藥大學附設醫院臺北分院,3,0,6,6,0%,3,69.8333,16.66%,1,63000,63000100
2011年上半年度,1301170017,臺北醫學大學附設醫院,2,0,47,46,0%,6,69.9565,15.21%,7,63000,63000020
2011年全年度,1301170017,臺北醫學大學附設醫院,2,0,106,103,0%,7,70.8834,12.62%,13,63000,63000020
2012年上半年度,1301170017,臺北醫學大學附設醫院,2,0,43,43,0%,5,71.5581,6.97%,3,63000,63000020
2012年全年度,1301170017,臺北醫學大學附設醫院,2,0,94,91,0%,6,70.923,7.69%,7,63000,63000020
2013年上半年度,1301170017,臺北醫學大學附設醫院,2,1,44,44,2.27%,7,71.9772,15.91%,7,63000,63000020
2013年全年度,1301170017,臺北醫學大學附設醫院,2,1,102,98,0.98%,9,71.5918,10.20%,10,63000,63000020
2014年上半年度,1301170017,臺北醫學大學附設醫院,2,1,52,52,1.92%,6,71.673,3.85%,2,63000,63000020
2014年全年度,1301170017,臺北醫學大學附設醫院,2,2.0000,119.0000,116,1.68%,7,72.0862,11.21%,13,63000,63000020
2015年上半年度,1301170017,臺北醫學大學附設醫院,2,1.0000,72.0000,72,1.39%,6,71.9444,11.11%,8,63000,63000020
2015年全年度,1301170017,臺北醫學大學附設醫院,2,2.0000,151.0000,147,1.32%,8,72.7006,10.2%,15,63000,63000020
2016年上半年度,1301170017,臺北醫學大學附設醫院,2,0.0000,83.0000,81,0%,5,73.0864,9.88%,8,63000,63000020
2016年全年度,1301170017,臺北醫學大學附設醫院,2,0.0000,179.0000,176,0%,8,71.8238,13.64%,24,63000,63000020
2017年上半年度,1301170017,臺北醫學大學附設醫院,2,2.0000,83.0000,83,2.41%,5,72.0722,14.46%,12,63000,63000020
2017年全年度,1301170017,臺北醫學大學附設醫院,2,4.0000,176.0000,170,2.27%,7,72.4176,13.53%,23,63000,63000020
2018年上半年度,1301170017,臺北醫學大學附設醫院,2,0.0000,84.0000,84,0%,5,73.9047,9.52%,8,63000,63000020
2018年全年度,1301170017,臺北醫學大學附設醫院,2,0.0000,175.0000,174,0%,7,72.8103,8.62%,15,63000,63000020
2019年上半年度,1301170017,臺北醫學大學附設醫院,2,0.0000,90.0000,89,0%,7,72.3932,10.11%,9,63000,63000020
2019年全年度,1301170017,臺北醫學大學附設醫院,2,1.0000,195.0000,185,0.51%,9,71.7135,15.68%,29,63000,63000020
2020年上半年度,1301170017,臺北醫學大學附設醫院,2,0.0000,62.0000,61,0%,6,69.8524,13.11%,8,63000,63000020
2020年全年度,1301170017,臺北醫學大學附設醫院,2,0.0000,166.0000,159,0%,6,71.3710,13.84%,22,63000,63000020
2021年上半年度,1301170017,臺北醫學大學附設醫院,2,0.0000,70.0000,69,0%,6,72.9420,13.04%,9,63000,63000020
2021年全年度,1301170017,臺北醫學大學附設醫院,2,1.0000,152.0000,148,0.66%,7,73.2702,10.14%,15,63000,63000020
2022年上半年度,1301170017,臺北醫學大學附設醫院,2,0.0000,61.0000,58,0%,7,73.4827,12.07%,7,63000,63000020
2022年全年度,1301170017,臺北醫學大學附設醫院,2,0.0000,141.0000,136,0%,10,73.5367,13.97%,19,63000,63000020
2023年上半年度,1301170017,臺北醫學大學附設醫院,2,1.0000,79.0000,78,1.27%,9,73.8846,11.54%,9,63000,63000020
2023年全年度,1301170017,臺北醫學大學附設醫院,2,1.0000,171.0000,165,.58%,11,74.2424,13.33%,22,63000,63000020
2024年上半年度,1301170017,臺北醫學大學附設醫院,2,3.0000,122.0000,122,2.46%,11,72.8770,13.11%,16,63000,63000020
2024年全年度,1301170017,臺北醫學大學附設醫院,2,3.0000,215.0000,208,1.4%,12,73.0961,14.42%,30,63000,63000020
2025年上半年度,1301170017,臺北醫學大學附設醫院,2,0.0000,84.0000,84,0%,9,72.8690,14.29%,12,63000,63000020
2006年全年度,1301170017,臺北醫學大學附設醫院,2,0,22,20,0%,2,71.1,15%,3,63000,63000020
2007年全年度,1301170017,臺北醫學大學附設醫院,2,0,29,26,0%,4,68.0769,15.38%,4,63000,63000020
2008年全年度,1301170017,臺北醫學大學附設醫院,2,1,66,59,1.51%,6,70.2033,5.08%,3,63000,63000020
2009年全年度,1301170017,臺北醫學大學附設醫院,2,0,117,113,0%,5,68.6548,9.73%,11,63000,63000020
2010年全年度,1301170017,臺北醫學大學附設醫院,2,3,137,135,2.18%,6,69.4814,4.44%,6,63000,63000020
2011年上半年度,1301200010,臺北市立萬芳醫院－委託臺北醫學大學辦理,1,0,41,40,0%,4,73.125,7.50%,3,63000,63000082
2011年全年度,1301200010,臺北市立萬芳醫院－委託臺北醫學大學辦理,1,1,94,89,1.06%,6,71.4831,7.86%,7,63000,63000082
2012年上半年度,1301200010,臺北市立萬芳醫院－委託臺北醫學大學辦理,1,0,29,29,0%,3,69.3448,10.34%,3,63000,63000082
2012年全年度,1301200010,臺北市立萬芳醫院－委託臺北醫學大學辦理,1,1,78,74,1.28%,4,70.3648,13.51%,10,63000,63000082
2013年上半年度,1301200010,臺北市立萬芳醫院－委託臺北醫學大學辦理,1,0,35,35,0%,4,72.4857,5.71%,2,63000,63000082
2013年全年度,1301200010,臺北市立萬芳醫院－委託臺北醫學大學辦理,1,1,79,75,1.27%,5,73.1333,12%,9,63000,63000082
2014年上半年度,1301200010,臺北市立萬芳醫院－委託臺北醫學大學辦理,1,1,44,43,2.27%,7,71.3255,16.28%,7,63000,63000082
2014年全年度,1301200010,臺北市立萬芳醫院－委託臺北醫學大學辦理,1,4.0000,94.0000,88,4.26%,8,72.0454,17.05%,15,63000,63000082
2015年上半年度,1301200010,臺北市立萬芳醫院－委託臺北醫學大學辦理,1,0.0000,38.0000,37,0%,6,73.3243,21.62%,8,63000,63000082
2015年全年度,1301200010,臺北市立萬芳醫院－委託臺北醫學大學辦理,1,1.0000,81.0000,77,1.23%,6,73.4415,16.88%,13,63000,63000082
2016年上半年度,1301200010,臺北市立萬芳醫院－委託臺北醫學大學辦理,1,0.0000,46.0000,45,0%,5,75.0444,15.56%,7,63000,63000082
2016年全年度,1301200010,臺北市立萬芳醫院－委託臺北醫學大學辦理,1,0.0000,100.0000,94,0%,8,73.6702,13.83%,13,63000,63000082
2017年上半年度,1301200010,臺北市立萬芳醫院－委託臺北醫學大學辦理,1,0.0000,41.0000,41,0%,6,72.7317,12.2%,5,63000,63000082
2017年全年度,1301200010,臺北市立萬芳醫院－委託臺北醫學大學辦理,1,0.0000,84.0000,83,0%,6,72.2530,10.84%,9,63000,63000082
2018年上半年度,1301200010,臺北市立萬芳醫院－委託臺北醫學大學辦理,1,0.0000,44.0000,44,0%,5,73.5681,22.73%,10,63000,63000082
2018年全年度,1301200010,臺北市立萬芳醫院－委託臺北醫學大學辦理,1,0.0000,85.0000,83,0%,5,73.9759,14.46%,12,63000,63000082
2019年上半年度,1301200010,臺北市立萬芳醫院－委託臺北醫學大學辦理,1,0.0000,36.0000,34,0%,6,73.6764,11.76%,4,63000,63000082
2019年全年度,1301200010,臺北市立萬芳醫院－委託臺北醫學大學辦理,1,0.0000,84.0000,78,0%,7,72.5000,16.67%,13,63000,63000082
2020年上半年度,1301200010,臺北市立萬芳醫院－委託臺北醫學大學辦理,1,0.0000,26.0000,26,0%,6,71.9615,19.23%,5,63000,63000082
2020年全年度,1301200010,臺北市立萬芳醫院－委託臺北醫學大學辦理,1,0.0000,71.0000,68,0%,7,72.2941,20.59%,14,63000,63000082
2021年上半年度,1301200010,臺北市立萬芳醫院－委託臺北醫學大學辦理,1,0.0000,27.0000,27,0%,4,74.7407,14.81%,4,63000,63000082
2021年全年度,1301200010,臺北市立萬芳醫院－委託臺北醫學大學辦理,1,3.0000,77.0000,75,3.9%,6,73.2400,10.67%,8,63000,63000082
2022年上半年度,1301200010,臺北市立萬芳醫院－委託臺北醫學大學辦理,1,0.0000,37.0000,37,0%,6,72.7837,16.22%,6,63000,63000082
2022年全年度,1301200010,臺北市立萬芳醫院－委託臺北醫學大學辦理,1,0.0000,96.0000,92,0%,7,71.5652,16.3%,15,63000,63000082
2023年上半年度,1301200010,臺北市立萬芳醫院－委託臺北醫學大學辦理,1,0.0000,42.0000,39,0%,7,70.5128,15.38%,6,63000,63000082
2023年全年度,1301200010,臺北市立萬芳醫院－委託臺北醫學大學辦理,1,0.0000,80.0000,75,0%,8,71.9600,20%,15,63000,63000082
2024年上半年度,1301200010,臺北市立萬芳醫院－委託臺北醫學大學辦理,1,1.0000,38.0000,36,2.63%,6,71.5000,19.44%,7,63000,63000082
2024年全年度,1301200010,臺北市立萬芳醫院－委託臺北醫學大學辦理,1,2.0000,84.0000,81,2.38%,7,71.0740,22.22%,18,63000,63000082
2025年上半年度,1301200010,臺北市立萬芳醫院－委託臺北醫學大學辦理,1,2.0000,54.0000,53,3.7%,5,72.0377,15.09%,8,63000,63000082
2006年全年度,1301200010,臺北市立萬芳醫院－委託臺北醫學大學辦理,1,0,48,46,0%,4,70.6956,2.17%,1,63000,63000082
2007年全年度,1301200010,臺北市立萬芳醫院－委託臺北醫學大學辦理,1,1,77,73,1.29%,7,69.7945,10.95%,8,63000,63000082
2008年全年度,1301200010,臺北市立萬芳醫院－委託臺北醫學大學辦理,1,1,103,95,0.97%,6,71.4631,7.36%,7,63000,63000082
2009年全年度,1301200010,臺北市立萬芳醫院－委託臺北醫學大學辦理,1,4,79,74,5.06%,3,72.4459,10.81%,8,63000,63000082
2010年全年度,1301200010,臺北市立萬芳醫院－委託臺北醫學大學辦理,1,4,72,71,5.55%,6,72.1408,8.45%,6,63000,63000082
2011年上半年度,1302050014,財團法人私立高雄醫學大學附設中和紀念醫院,1,0,136,134,0%,8,70.3507,8.95%,12,64000,64000052
2011年全年度,1302050014,財團法人私立高雄醫學大學附設中和紀念醫院,1,1,315,298,0.31%,8,69.755,9.39%,28,64000,64000052
2012年上半年度,1302050014,財團法人私立高雄醫學大學附設中和紀念醫院,1,0,143,143,0%,9,69.4545,17.48%,25,64000,64000052
2012年全年度,1302050014,財團法人私立高雄醫學大學附設中和紀念醫院,1,2,288,277,0.69%,10,70.1768,14.80%,41,64000,64000052
2013年上半年度,1302050014,財團法人私立高雄醫學大學附設中和紀念醫院,1,0,98,97,0%,8,69.5979,11.34%,11,64000,64000052
2013年全年度,1302050014,財團法人私立高雄醫學大學附設中和紀念醫院,1,0,246,235,0%,13,70.7914,11.91%,28,64000,64000052
2014年上半年度,1302050014,財團法人私立高雄醫學大學附設中和紀念醫院,1,1,126,124,0.79%,8,70.2016,14.52%,18,64000,64000052
2014年全年度,1302050014,財團法人私立高雄醫學大學附設中和紀念醫院,1,1.0000,210.0000,199,0.48%,11,69.7185,15.58%,31,64000,64000052
2015年上半年度,1302050014,財團法人私立高雄醫學大學附設中和紀念醫院,1,0.0000,81.0000,80,0%,8,69.1375,13.75%,11,64000,64000052
2015年全年度,1302050014,財團法人私立高雄醫學大學附設中和紀念醫院,1,0.0000,221.0000,211,0%,14,69.9052,15.64%,33,64000,64000052
2016年上半年度,1302050014,財團法人私立高雄醫學大學附設中和紀念醫院,1,1.0000,122.0000,120,0.82%,8,71.0750,15.83%,19,64000,64000052
2016年全年度,1302050014,財團法人私立高雄醫學大學附設中和紀念醫院,1,1.0000,269.0000,255,0.37%,14,69.9568,13.73%,35,64000,64000052
2017年上半年度,1302050014,財團法人私立高雄醫學大學附設中和紀念醫院,1,2.0000,152.0000,152,1.32%,11,69.9342,8.55%,13,64000,64000052
2017年全年度,1302050014,財團法人私立高雄醫學大學附設中和紀念醫院,1,2.0000,324.0000,315,0.62%,14,70.1206,11.43%,36,64000,64000052
2018年上半年度,1302050014,財團法人私立高雄醫學大學附設中和紀念醫院,1,0.0000,173.0000,171,0%,9,70.5964,12.28%,21,64000,64000052
2018年全年度,1302050014,財團法人私立高雄醫學大學附設中和紀念醫院,1,0.0000,354.0000,333,0%,15,70.5135,12.91%,43,64000,64000052
2019年上半年度,1302050014,財團法人私立高雄醫學大學附設中和紀念醫院,1,0.0000,173.0000,171,0%,13,70.4736,16.37%,28,64000,64000052
2019年全年度,1302050014,財團法人私立高雄醫學大學附設中和紀念醫院,1,0.0000,338.0000,321,0%,18,70.3426,15.58%,50,64000,64000052
2020年上半年度,1302050014,財團法人私立高雄醫學大學附設中和紀念醫院,1,1.0000,86.0000,84,1.16%,5,70.2619,20.24%,17,64000,64000052
2020年全年度,1302050014,財團法人私立高雄醫學大學附設中和紀念醫院,1,1.0000,252.0000,245,0.4%,11,70.2163,17.55%,43,64000,64000052
2021年上半年度,1302050014,財團法人私立高雄醫學大學附設中和紀念醫院,1,0.0000,97.0000,97,0%,7,69.9484,20.62%,20,64000,64000052
2021年全年度,1302050014,財團法人私立高雄醫學大學附設中和紀念醫院,1,0.0000,267.0000,257,0%,10,70.0544,16.34%,42,64000,64000052
2022年上半年度,1302050014,財團法人私立高雄醫學大學附設中和紀念醫院,1,0.0000,170.0000,167,0%,11,70.6227,14.97%,25,64000,64000052
2022年全年度,1302050014,財團法人私立高雄醫學大學附設中和紀念醫院,1,2.0000,353.0000,335,0.57%,15,70.7194,15.82%,53,64000,64000052
2023年上半年度,1302050014,財團法人私立高雄醫學大學附設中和紀念醫院,1,0.0000,229.0000,224,0%,10,71.2901,14.29%,32,64000,64000052
2023年全年度,1302050014,財團法人私立高雄醫學大學附設中和紀念醫院,1,1.0000,502.0000,464,.2%,14,71.3577,16.16%,75,64000,64000052
2024年上半年度,1302050014,財團法人私立高雄醫學大學附設中和紀念醫院,1,0.0000,181.0000,177,0%,10,71.1412,20.34%,36,64000,64000052
2024年全年度,1302050014,財團法人私立高雄醫學大學附設中和紀念醫院,1,2.0000,398.0000,371,.5%,13,70.7547,18.6%,69,64000,64000052
2025年上半年度,1302050014,財團法人私立高雄醫學大學附設中和紀念醫院,1,0.0000,182.0000,180,0%,10,72.5777,18.89%,34,64000,64000052
2006年全年度,1302050014,財團法人私立高雄醫學大學附設中和紀念醫院,1,0,290,266,0%,12,70.1729,9.02%,24,64000,64000052
2007年全年度,1302050014,財團法人私立高雄醫學大學附設中和紀念醫院,1,0,310,288,0%,11,68.8263,7.98%,23,64000,64000052
2008年全年度,1302050014,財團法人私立高雄醫學大學附設中和紀念醫院,1,2,335,314,0.59%,13,69.1974,9.87%,31,64000,64000052
2009年全年度,1302050014,財團法人私立高雄醫學大學附設中和紀念醫院,1,0,295,278,0%,9,71.7985,9.71%,27,64000,64000052
2010年全年度,1302050014,財團法人私立高雄醫學大學附設中和紀念醫院,1,0,308,290,0%,11,69.7827,15.17%,44,64000,64000052
2016年全年度,1303180011,亞洲大學附屬醫院,2,1.0000,75.0000,71,1.33%,3,71.0140,8.45%,6,66000,66000260
2017年上半年度,1303180011,亞洲大學附屬醫院,2,0.0000,128.0000,123,0%,3,72.2276,10.57%,13,66000,66000260
2017年全年度,1303180011,亞洲大學附屬醫院,2,0.0000,259.0000,240,0%,3,71.3833,9.58%,23,66000,66000260
2018年上半年度,1303180011,亞洲大學附屬醫院,2,1.0000,144.0000,141,0.69%,6,70.2624,12.06%,17,66000,66000260
2018年全年度,1303180011,亞洲大學附屬醫院,2,2.0000,342.0000,323,0.58%,8,70.5510,8.67%,28,66000,66000260
2019年上半年度,1303180011,亞洲大學附屬醫院,2,1.0000,180.0000,179,0.56%,6,71.6703,13.97%,25,66000,66000260
2019年全年度,1303180011,亞洲大學附屬醫院,2,3.0000,368.0000,351,0.82%,8,72.1282,10.54%,37,66000,66000260
2020年上半年度,1303180011,亞洲大學附屬醫院,2,0.0000,144.0000,140,0%,5,73.0071,11.43%,16,66000,66000260
2020年全年度,1303180011,亞洲大學附屬醫院,2,0.0000,365.0000,354,0%,5,72.0367,11.86%,42,66000,66000260
2021年上半年度,1303180011,亞洲大學附屬醫院,2,0.0000,140.0000,139,0%,7,71.3525,15.83%,22,66000,66000260
2021年全年度,1303180011,亞洲大學附屬醫院,2,1.0000,300.0000,282,0.33%,10,71.8014,15.96%,45,66000,66000260
2022年上半年度,1303180011,亞洲大學附屬醫院,2,0.0000,151.0000,148,0%,7,71.3108,14.19%,21,66000,66000260
2022年全年度,1303180011,亞洲大學附屬醫院,2,0.0000,344.0000,323,0%,8,71.1052,13.62%,44,66000,66000260
2023年上半年度,1303180011,亞洲大學附屬醫院,2,1.0000,173.0000,170,.58%,8,71.6588,18.24%,31,66000,66000260
2023年全年度,1303180011,亞洲大學附屬醫院,2,1.0000,413.0000,391,.24%,9,71.9846,13.81%,54,66000,66000260
2024年上半年度,1303180011,亞洲大學附屬醫院,2,0.0000,211.0000,208,0%,7,72.5192,15.38%,32,66000,66000260
2024年全年度,1303180011,亞洲大學附屬醫院,2,0.0000,431.0000,418,0%,11,71.4377,16.75%,70,66000,66000260
2025年上半年度,1303180011,亞洲大學附屬醫院,2,0.0000,200.0000,197,0%,6,71.4060,15.23%,30,66000,66000260
2013年上半年度,1305370013,臺南市立安南醫院-委託中國醫藥大學興建經營,2,0,2,2,0%,1,66,50%,1,10021,67000350
2013年全年度,1305370013,臺南市立安南醫院-委託中國醫藥大學興建經營,2,0,9,8,0%,2,71.5,12.50%,1,10021,67000350
2014年上半年度,1305370013,臺南市立安南醫院-委託中國醫藥大學興建經營,2,0,13,13,0%,2,70.3846,0%,0,10021,67000350
2014年全年度,1305370013,臺南市立安南醫院-委託中國醫藥大學興建經營,2,0.0000,40.0000,40,0%,4,71.1750,7.5%,3,10021,67000350
2015年上半年度,1305370013,臺南市立安南醫院-委託中國醫藥大學興建經營,2,0.0000,110.0000,108,0%,5,73.5000,13.89%,15,10021,67000350
2015年全年度,1305370013,臺南市立安南醫院-委託中國醫藥大學興建經營,2,0.0000,222.0000,208,0%,6,72.1875,10.58%,22,10021,67000350
2016年上半年度,1305370013,臺南市立安南醫院-委託中國醫藥大學興建經營,2,0.0000,91.0000,90,0%,7,70.4222,10%,9,10021,67000350
2016年全年度,1305370013,臺南市立安南醫院-委託中國醫藥大學興建經營,2,0.0000,155.0000,154,0%,8,70.4090,10.39%,16,10021,67000350
2017年上半年度,1305370013,臺南市立安南醫院-委託中國醫藥大學興建經營,2,0.0000,48.0000,47,0%,6,69.0638,10.64%,5,10021,67000350
2017年全年度,1305370013,臺南市立安南醫院-委託中國醫藥大學興建經營,2,0.0000,110.0000,101,0%,7,70.6732,10.89%,11,10021,67000350
2018年上半年度,1305370013,臺南市立安南醫院-委託中國醫藥大學興建經營,2,0.0000,45.0000,45,0%,6,73.6000,15.56%,7,10021,67000350
2018年全年度,1305370013,臺南市立安南醫院-委託中國醫藥大學興建經營,2,1.0000,103.0000,97,0.97%,7,71.3711,13.4%,13,10021,67000350
2019年上半年度,1305370013,臺南市立安南醫院-委託中國醫藥大學興建經營,2,0.0000,41.0000,41,0%,5,70.0487,17.07%,7,10021,67000350
2019年全年度,1305370013,臺南市立安南醫院-委託中國醫藥大學興建經營,2,0.0000,113.0000,104,0%,7,70.8750,15.38%,16,10021,67000350
2020年上半年度,1305370013,臺南市立安南醫院-委託中國醫藥大學興建經營,2,0.0000,35.0000,35,0%,8,70.6571,5.71%,2,10021,67000350
2020年全年度,1305370013,臺南市立安南醫院-委託中國醫藥大學興建經營,2,0.0000,85.0000,84,0%,8,70.8690,8.33%,7,10021,67000350
2021年上半年度,1305370013,臺南市立安南醫院-委託中國醫藥大學興建經營,2,0.0000,35.0000,34,0%,7,71.4705,8.82%,3,10021,67000350
2021年全年度,1305370013,臺南市立安南醫院-委託中國醫藥大學興建經營,2,1.0000,84.0000,80,1.19%,8,71.9625,11.25%,9,10021,67000350
2022年上半年度,1305370013,臺南市立安南醫院-委託中國醫藥大學興建經營,2,1.0000,77.0000,75,1.3%,9,70.6266,17.33%,13,10021,67000350
2022年全年度,1305370013,臺南市立安南醫院-委託中國醫藥大學興建經營,2,1.0000,143.0000,135,0.7%,10,71.2740,15.56%,21,10021,67000350
2023年上半年度,1305370013,臺南市立安南醫院-委託中國醫藥大學興建經營,2,0.0000,66.0000,64,0%,9,72.2812,20.31%,13,10021,67000350
2023年全年度,1305370013,臺南市立安南醫院-委託中國醫藥大學興建經營,2,0.0000,140.0000,134,0%,10,71.3432,14.93%,20,10021,67000350
2024年上半年度,1305370013,臺南市立安南醫院-委託中國醫藥大學興建經營,2,1.0000,65.0000,65,1.54%,8,71.2615,7.69%,5,10021,67000350
2024年全年度,1305370013,臺南市立安南醫院-委託中國醫藥大學興建經營,2,2.0000,145.0000,143,1.38%,9,70.2727,11.19%,16,10021,67000350
2025年上半年度,1305370013,臺南市立安南醫院-委託中國醫藥大學興建經營,2,0.0000,63.0000,63,0%,9,71.2380,9.52%,6,10021,67000350
2024年全年度,1307020025,財團法人私立高雄醫學大學附設高醫岡山醫院,3,0.0000,71.0000,71,0%,5,72.0563,21.13%,15,64000,64000190
2025年上半年度,1307020025,財團法人私立高雄醫學大學附設高醫岡山醫院,3,1.0000,132.0000,129,.76%,7,71.7364,15.5%,20,64000,64000190
2011年上半年度,1317040011,中山醫學大學附設醫院,1,0,30,29,0%,4,73.2068,10.34%,3,66000,66000040
2011年全年度,1317040011,中山醫學大學附設醫院,1,0,73,67,0%,6,72.7164,11.94%,8,66000,66000040
2012年上半年度,1317040011,中山醫學大學附設醫院,1,0,27,27,0%,4,74.4074,3.70%,1,66000,66000040
2012年全年度,1317040011,中山醫學大學附設醫院,1,0,71,67,0%,5,72.4776,11.94%,8,66000,66000040
2013年上半年度,1317040011,中山醫學大學附設醫院,1,0,28,28,0%,5,71.2857,7.14%,2,66000,66000040
2013年全年度,1317040011,中山醫學大學附設醫院,1,0,55,53,0%,7,70.2075,7.55%,4,66000,66000040
2014年上半年度,1317040011,中山醫學大學附設醫院,1,1,45,43,2.22%,7,71.2325,13.95%,6,66000,66000040
2014年全年度,1317040011,中山醫學大學附設醫院,1,2.0000,84.0000,79,2.38%,7,71.5063,13.92%,11,66000,66000040
2015年上半年度,1317040011,中山醫學大學附設醫院,1,1.0000,35.0000,35,2.86%,5,69.5142,8.57%,3,66000,66000040
2015年全年度,1317040011,中山醫學大學附設醫院,1,1.0000,68.0000,64,1.47%,7,71.0937,10.94%,7,66000,66000040
2016年上半年度,1317040011,中山醫學大學附設醫院,1,0.0000,34.0000,33,0%,6,69.6060,18.18%,6,66000,66000040
2016年全年度,1317040011,中山醫學大學附設醫院,1,1.0000,62.0000,58,1.61%,7,71.2068,15.52%,9,66000,66000040
2017年上半年度,1317040011,中山醫學大學附設醫院,1,0.0000,37.0000,36,0%,5,73.2777,16.67%,6,66000,66000040
2017年全年度,1317040011,中山醫學大學附設醫院,1,0.0000,72.0000,68,0%,7,72.6911,16.18%,11,66000,66000040
2018年上半年度,1317040011,中山醫學大學附設醫院,1,0.0000,31.0000,31,0%,7,68.7741,9.68%,3,66000,66000040
2018年全年度,1317040011,中山醫學大學附設醫院,1,1.0000,79.0000,78,1.27%,8,69.6666,17.95%,14,66000,66000040
2019年上半年度,1317040011,中山醫學大學附設醫院,1,0.0000,43.0000,42,0%,6,69.3095,11.9%,5,66000,66000040
2019年全年度,1317040011,中山醫學大學附設醫院,1,0.0000,97.0000,89,0%,7,70.8202,14.61%,13,66000,66000040
2020年上半年度,1317040011,中山醫學大學附設醫院,1,0.0000,35.0000,35,0%,9,71.0000,20%,7,66000,66000040
2020年全年度,1317040011,中山醫學大學附設醫院,1,0.0000,95.0000,92,0%,10,71.9891,19.57%,18,66000,66000040
2021年上半年度,1317040011,中山醫學大學附設醫院,1,0.0000,46.0000,45,0%,10,69.8444,22.22%,10,66000,66000040
2021年全年度,1317040011,中山醫學大學附設醫院,1,0.0000,93.0000,90,0%,12,69.0222,18.89%,17,66000,66000040
2022年上半年度,1317040011,中山醫學大學附設醫院,1,0.0000,40.0000,40,0%,7,69.6250,15%,6,66000,66000040
2022年全年度,1317040011,中山醫學大學附設醫院,1,0.0000,98.0000,93,0%,8,70.1827,19.35%,18,66000,66000040
2023年上半年度,1317040011,中山醫學大學附設醫院,1,0.0000,57.0000,56,0%,10,70.1607,17.86%,10,66000,66000040
2023年全年度,1317040011,中山醫學大學附設醫院,1,0.0000,135.0000,129,0%,11,70.6279,17.83%,23,66000,66000040
2024年上半年度,1317040011,中山醫學大學附設醫院,1,0.0000,65.0000,65,0%,8,71.5230,12.31%,8,66000,66000040
2024年全年度,1317040011,中山醫學大學附設醫院,1,0.0000,158.0000,146,0%,11,71.8219,17.81%,26,66000,66000040
2025年上半年度,1317040011,中山醫學大學附設醫院,1,0.0000,64.0000,64,0%,11,73.0625,21.88%,14,66000,66000040
2006年全年度,1317040011,中山醫學大學附設醫院,1,0,51,48,0%,5,69.1458,6.25%,3,66000,66000040
2007年全年度,1317040011,中山醫學大學附設醫院,1,0,45,44,0%,4,71.5,2.27%,1,66000,66000040
2008年全年度,1317040011,中山醫學大學附設醫院,1,0,52,52,0%,4,71.5192,7.69%,4,66000,66000040
2009年全年度,1317040011,中山醫學大學附設醫院,1,0,54,52,0%,5,71.2692,13.46%,7,66000,66000040
2010年全年度,1317040011,中山醫學大學附設醫院,1,1,51,46,1.96%,7,71.913,10.86%,5,66000,66000040
2011年上半年度,1317050017,中國醫藥大學附設醫院,1,1,142,140,0.70%,12,70.3785,9.28%,13,66000,66000050
2011年全年度,1317050017,中國醫藥大學附設醫院,1,2,329,321,0.60%,14,70.3239,12.46%,40,66000,66000050
2012年上半年度,1317050017,中國醫藥大學附設醫院,1,0,171,169,0%,11,71.3195,14.20%,24,66000,66000050
2012年全年度,1317050017,中國醫藥大學附設醫院,1,0,422,400,0%,14,69.9475,12.75%,51,66000,66000050
2013年上半年度,1317050017,中國醫藥大學附設醫院,1,0,211,209,0%,12,70.3397,11%,23,66000,66000050
2013年全年度,1317050017,中國醫藥大學附設醫院,1,1,458,439,0.22%,15,70.3371,10.02%,44,66000,66000050
2014年上半年度,1317050017,中國醫藥大學附設醫院,1,2,215,211,0.93%,13,70.0616,10.43%,22,66000,66000050
2014年全年度,1317050017,中國醫藥大學附設醫院,1,3.0000,434.0000,409,0.69%,16,70.2322,11%,45,66000,66000050
2015年上半年度,1317050017,中國醫藥大學附設醫院,1,2.0000,199.0000,197,1.01%,13,70.4467,11.17%,22,66000,66000050
2015年全年度,1317050017,中國醫藥大學附設醫院,1,3.0000,389.0000,365,0.77%,18,71.1095,13.42%,49,66000,66000050
2016年上半年度,1317050017,中國醫藥大學附設醫院,1,2.0000,192.0000,184,1.04%,15,70.1576,14.67%,27,66000,66000050
2016年全年度,1317050017,中國醫藥大學附設醫院,1,3.0000,350.0000,330,0.86%,17,70.1696,14.55%,48,66000,66000050
2017年上半年度,1317050017,中國醫藥大學附設醫院,1,0.0000,140.0000,140,0%,13,70.9428,16.43%,23,66000,66000050
2017年全年度,1317050017,中國醫藥大學附設醫院,1,0.0000,272.0000,265,0%,16,70.6000,16.98%,45,66000,66000050
2018年上半年度,1317050017,中國醫藥大學附設醫院,1,1.0000,118.0000,114,0.85%,14,70.6052,21.93%,25,66000,66000050
2018年全年度,1317050017,中國醫藥大學附設醫院,1,3.0000,238.0000,227,1.26%,15,71.1982,17.18%,39,66000,66000050
2019年上半年度,1317050017,中國醫藥大學附設醫院,1,1.0000,111.0000,105,0.9%,11,69.6761,17.14%,18,66000,66000050
2019年全年度,1317050017,中國醫藥大學附設醫院,1,1.0000,226.0000,215,0.44%,15,71.0604,18.14%,39,66000,66000050
2020年上半年度,1317050017,中國醫藥大學附設醫院,1,0.0000,107.0000,104,0%,14,71.3269,19.23%,20,66000,66000050
2020年全年度,1317050017,中國醫藥大學附設醫院,1,0.0000,297.0000,282,0%,17,70.9361,16.67%,47,66000,66000050
2021年上半年度,1317050017,中國醫藥大學附設醫院,1,0.0000,148.0000,147,0%,17,70.3877,17.69%,26,66000,66000050
2021年全年度,1317050017,中國醫藥大學附設醫院,1,0.0000,279.0000,265,0%,21,70.7962,15.09%,40,66000,66000050
2022年上半年度,1317050017,中國醫藥大學附設醫院,1,0.0000,130.0000,126,0%,19,71.5634,18.25%,23,66000,66000050
2022年全年度,1317050017,中國醫藥大學附設醫院,1,0.0000,280.0000,264,0%,20,71.3181,17.8%,47,66000,66000050
2023年上半年度,1317050017,中國醫藥大學附設醫院,1,0.0000,162.0000,161,0%,16,72.6024,21.74%,35,66000,66000050
2023年全年度,1317050017,中國醫藥大學附設醫院,1,0.0000,363.0000,352,0%,20,71.5085,22.16%,78,66000,66000050
2024年上半年度,1317050017,中國醫藥大學附設醫院,1,0.0000,174.0000,172,0%,19,72.1802,19.19%,33,66000,66000050
2024年全年度,1317050017,中國醫藥大學附設醫院,1,0.0000,360.0000,349,0%,24,71.8223,21.2%,74,66000,66000050
2025年上半年度,1317050017,中國醫藥大學附設醫院,1,0.0000,155.0000,153,0%,17,72.4379,15.03%,23,66000,66000050
2006年全年度,1317050017,中國醫藥大學附設醫院,1,5,205,196,2.43%,13,68.3979,5.10%,10,66000,66000050
2007年全年度,1317050017,中國醫藥大學附設醫院,1,2,233,223,0.85%,15,70.9282,8.52%,19,66000,66000050
2008年全年度,1317050017,中國醫藥大學附設醫院,1,1,234,219,0.42%,16,70.2054,7.76%,17,66000,66000050
2009年全年度,1317050017,中國醫藥大學附設醫院,1,2,218,215,0.91%,15,69.7674,13.48%,29,66000,66000050
2010年全年度,1317050017,中國醫藥大學附設醫院,1,0,244,235,0%,13,70.3361,13.19%,31,66000,66000050
2011年上半年度,1331040513,衛生福利部雙和醫院〈委託臺北醫學大學興建經營〉,1,1,60,59,1.66%,6,73.305,13.55%,8,65000,65000030
2011年全年度,1331040513,衛生福利部雙和醫院〈委託臺北醫學大學興建經營〉,1,1,141,139,0.70%,10,71.9712,11.51%,16,65000,65000030
2012年上半年度,1331040513,衛生福利部雙和醫院〈委託臺北醫學大學興建經營〉,1,0,90,87,0%,9,70.5632,8.04%,7,65000,65000030
2012年全年度,1331040513,衛生福利部雙和醫院〈委託臺北醫學大學興建經營〉,1,0,173,163,0%,9,69.9141,7.98%,13,65000,65000030
2013年上半年度,1331040513,衛生福利部雙和醫院〈委託臺北醫學大學興建經營〉,1,0,72,71,0%,8,71.2112,9.86%,7,65000,65000030
2013年全年度,1331040513,衛生福利部雙和醫院〈委託臺北醫學大學興建經營〉,1,0,145,140,0%,8,70.9785,11.43%,16,65000,65000030
2014年上半年度,1331040513,衛生福利部雙和醫院〈委託臺北醫學大學興建經營〉,1,1,94,93,1.06%,9,69.6021,10.75%,10,65000,65000030
2014年全年度,1331040513,衛生福利部雙和醫院〈委託臺北醫學大學興建經營〉,1,1.0000,192.0000,185,0.52%,10,70.8432,9.19%,17,65000,65000030
2015年上半年度,1331040513,衛生福利部雙和醫院〈委託臺北醫學大學興建經營〉,1,1.0000,103.0000,103,0.97%,10,71.6990,8.74%,9,65000,65000030
2015年全年度,1331040513,衛生福利部雙和醫院〈委託臺北醫學大學興建經營〉,1,2.0000,224.0000,219,0.89%,13,70.8949,10.96%,24,65000,65000030
2016年上半年度,1331040513,衛生福利部雙和醫院〈委託臺北醫學大學興建經營〉,1,0.0000,115.0000,113,0%,11,71.7876,10.62%,12,65000,65000030
2016年全年度,1331040513,衛生福利部雙和醫院〈委託臺北醫學大學興建經營〉,1,2.0000,288.0000,281,0.69%,12,71.8932,9.96%,28,65000,65000030
2017年上半年度,1331040513,衛生福利部雙和醫院〈委託臺北醫學大學興建經營〉,1,1.0000,149.0000,149,0.67%,11,70.3691,14.09%,21,65000,65000030
2017年全年度,1331040513,衛生福利部雙和醫院〈委託臺北醫學大學興建經營〉,1,1.0000,299.0000,289,0.33%,14,70.6505,11.76%,34,65000,65000030
2018年上半年度,1331040513,衛生福利部雙和醫院〈委託臺北醫學大學興建經營〉,1,0.0000,134.0000,132,0%,11,71.0833,9.85%,13,65000,65000030
2018年全年度,1331040513,衛生福利部雙和醫院〈委託臺北醫學大學興建經營〉,1,1.0000,329.0000,319,0.3%,14,71.5109,10.34%,33,65000,65000030
2019年上半年度,1331040513,衛生福利部雙和醫院〈委託臺北醫學大學興建經營〉,1,1.0000,184.0000,180,0.54%,14,72.1055,12.22%,22,65000,65000030
2019年全年度,1331040513,衛生福利部雙和醫院〈委託臺北醫學大學興建經營〉,1,1.0000,426.0000,407,0.23%,16,71.9950,13.27%,54,65000,65000030
2020年上半年度,1331040513,衛生福利部雙和醫院〈委託臺北醫學大學興建經營〉,1,2.0000,120.0000,119,1.67%,13,70.9915,10.08%,12,65000,65000030
2020年全年度,1331040513,衛生福利部雙和醫院〈委託臺北醫學大學興建經營〉,1,2.0000,313.0000,303,0.64%,18,70.7854,13.2%,40,65000,65000030
2021年上半年度,1331040513,衛生福利部雙和醫院〈委託臺北醫學大學興建經營〉,1,0.0000,127.0000,127,0%,13,72.5669,11.02%,14,65000,65000030
2021年全年度,1331040513,衛生福利部雙和醫院〈委託臺北醫學大學興建經營〉,1,0.0000,290.0000,285,0%,18,72.0947,13.33%,38,65000,65000030
2022年上半年度,1331040513,衛生福利部雙和醫院〈委託臺北醫學大學興建經營〉,1,0.0000,139.0000,139,0%,17,71.8705,14.39%,20,65000,65000030
2022年全年度,1331040513,衛生福利部雙和醫院〈委託臺北醫學大學興建經營〉,1,1.0000,341.0000,332,0.29%,20,71.5030,13.25%,44,65000,65000030
2023年上半年度,1331040513,衛生福利部雙和醫院〈委託臺北醫學大學興建經營〉,1,3.0000,216.0000,213,1.39%,19,71.9671,17.84%,38,65000,65000030
2023年全年度,1331040513,衛生福利部雙和醫院〈委託臺北醫學大學興建經營〉,1,3.0000,442.0000,428,.68%,20,71.5981,14.25%,61,65000,65000030
2024年上半年度,1331040513,衛生福利部雙和醫院〈委託臺北醫學大學興建經營〉,1,0.0000,201.0000,200,0%,16,72.3350,13.5%,27,65000,65000030
2024年全年度,1331040513,衛生福利部雙和醫院〈委託臺北醫學大學興建經營〉,1,2.0000,396.0000,381,.51%,17,72.2204,14.17%,54,65000,65000030
2025年上半年度,1331040513,衛生福利部雙和醫院〈委託臺北醫學大學興建經營〉,1,2.0000,233.0000,229,.86%,15,72.2358,9.61%,22,65000,65000030
2008年全年度,1331040513,衛生福利部雙和醫院〈委託臺北醫學大學興建經營〉,1,0,26,24,0%,5,70.125,8.33%,2,65000,65000030
2009年全年度,1331040513,衛生福利部雙和醫院〈委託臺北醫學大學興建經營〉,1,0,125,122,0%,7,71.7049,11.47%,14,65000,65000030
2010年全年度,1331040513,衛生福利部雙和醫院〈委託臺北醫學大學興建經營〉,1,0,122,120,0%,7,71.5583,15%,18,65000,65000030
2017年全年度,1331160010,輔仁大學學校財團法人輔仁大學附設醫院,2,0.0000,12.0000,12,0%,2,73.2500,25%,3,65000,65000160
2018年上半年度,1331160010,輔仁大學學校財團法人輔仁大學附設醫院,2,0.0000,68.0000,66,0%,3,72.2424,16.67%,11,65000,65000160
2018年全年度,1331160010,輔仁大學學校財團法人輔仁大學附設醫院,2,0.0000,176.0000,162,0%,5,71.7654,14.2%,23,65000,65000160
2019年上半年度,1331160010,輔仁大學學校財團法人輔仁大學附設醫院,2,1.0000,106.0000,104,0.94%,4,70.0192,7.69%,8,65000,65000160
2019年全年度,1331160010,輔仁大學學校財團法人輔仁大學附設醫院,2,1.0000,261.0000,242,0.38%,6,70.9545,10.33%,25,65000,65000160
2020年上半年度,1331160010,輔仁大學學校財團法人輔仁大學附設醫院,2,0.0000,118.0000,114,0%,7,70.7280,8.77%,10,65000,65000160
2020年全年度,1331160010,輔仁大學學校財團法人輔仁大學附設醫院,2,0.0000,287.0000,269,0%,8,70.7100,11.9%,32,65000,65000160
2021年上半年度,1331160010,輔仁大學學校財團法人輔仁大學附設醫院,2,0.0000,105.0000,105,0%,6,71.0666,13.33%,14,65000,65000160
2021年全年度,1331160010,輔仁大學學校財團法人輔仁大學附設醫院,2,1.0000,227.0000,215,0.44%,8,71.4465,14.42%,31,65000,65000160
2022年上半年度,1331160010,輔仁大學學校財團法人輔仁大學附設醫院,2,1.0000,135.0000,130,0.74%,9,70.0153,12.31%,16,65000,65000160
2022年全年度,1331160010,輔仁大學學校財團法人輔仁大學附設醫院,2,1.0000,271.0000,254,0.37%,10,70.3937,12.2%,31,65000,65000160
2023年上半年度,1331160010,輔仁大學學校財團法人輔仁大學附設醫院,2,0.0000,150.0000,150,0%,6,70.9533,13.33%,20,65000,65000160
2023年全年度,1331160010,輔仁大學學校財團法人輔仁大學附設醫院,2,0.0000,323.0000,307,0%,8,70.9771,12.05%,37,65000,65000160
2024年上半年度,1331160010,輔仁大學學校財團法人輔仁大學附設醫院,2,0.0000,179.0000,175,0%,7,71.5885,18.86%,33,65000,65000160
2024年全年度,1331160010,輔仁大學學校財團法人輔仁大學附設醫院,2,0.0000,335.0000,311,0%,9,71.4340,15.11%,47,65000,65000160
2025年上半年度,1331160010,輔仁大學學校財團法人輔仁大學附設醫院,2,0.0000,151.0000,149,0%,7,70.9395,12.08%,18,65000,65000160
2019年上半年度,1333050017,中國醫藥大學新竹附設醫院,3,0.0000,28.0000,27,0%,4,71.8518,7.41%,2,10004,10004010
2019年全年度,1333050017,中國醫藥大學新竹附設醫院,3,0.0000,66.0000,62,0%,4,71.1451,8.06%,5,10004,10004010
2020年上半年度,1333050017,中國醫藥大學新竹附設醫院,3,0.0000,26.0000,26,0%,4,76.1538,11.54%,3,10004,10004010
2020年全年度,1333050017,中國醫藥大學新竹附設醫院,3,0.0000,63.0000,61,0%,6,74.0655,11.48%,7,10004,10004010
2021年上半年度,1333050017,中國醫藥大學新竹附設醫院,3,0.0000,24.0000,24,0%,4,70.7500,4.17%,1,10004,10004010
2021年全年度,1333050017,中國醫藥大學新竹附設醫院,3,0.0000,59.0000,57,0%,5,69.8245,5.26%,3,10004,10004010
2022年上半年度,1333050017,中國醫藥大學新竹附設醫院,3,0.0000,29.0000,29,0%,6,73.7241,17.24%,5,10004,10004010
2022年全年度,1333050017,中國醫藥大學新竹附設醫院,3,0.0000,77.0000,75,0%,7,71.2000,10.67%,8,10004,10004010
2023年上半年度,1333050017,中國醫藥大學新竹附設醫院,3,0.0000,72.0000,71,0%,6,71.1830,9.86%,7,10004,10004010
2023年全年度,1333050017,中國醫藥大學新竹附設醫院,3,0.0000,136.0000,129,0%,9,71.9302,13.95%,18,10004,10004010
2024年上半年度,1333050017,中國醫藥大學新竹附設醫院,3,1.0000,87.0000,85,1.15%,6,73.2941,14.12%,12,10004,10004010
2024年全年度,1333050017,中國醫藥大學新竹附設醫院,3,1.0000,161.0000,149,.62%,6,72.2147,12.75%,19,10004,10004010
2025年上半年度,1333050017,中國醫藥大學新竹附設醫院,3,0.0000,59.0000,58,0%,7,71.9137,12.07%,7,10004,10004010
2011年上半年度,1339060017,中國醫藥大學北港附設醫院,2,0,3,3,0%,2,74.6666,33.33%,1,10009,10009060
2011年全年度,1339060017,中國醫藥大學北港附設醫院,2,0,5,5,0%,4,73.8,20%,1,10009,10009060
2012年上半年度,1339060017,中國醫藥大學北港附設醫院,2,0,4,4,0%,2,72.25,0%,0,10009,10009060
2012年全年度,1339060017,中國醫藥大學北港附設醫院,2,1,8,8,12.50%,3,74,0%,0,10009,10009060
2013年上半年度,1339060017,中國醫藥大學北港附設醫院,2,0,8,7,0%,3,69.5714,0%,0,10009,10009060
2013年全年度,1339060017,中國醫藥大學北港附設醫院,2,0,9,8,0%,3,70.125,0%,0,10009,10009060
2014年上半年度,1339060017,中國醫藥大學北港附設醫院,2,0,3,3,0%,2,66.6666,0%,0,10009,10009060
2014年全年度,1339060017,中國醫藥大學北港附設醫院,2,0.0000,9.0000,9,0%,2,70.5555,44.44%,4,10009,10009060
2015年上半年度,1339060017,中國醫藥大學北港附設醫院,2,0.0000,3.0000,3,0%,2,70.3333,0%,0,10009,10009060
2015年全年度,1339060017,中國醫藥大學北港附設醫院,2,1.0000,7.0000,7,14.29%,2,71.7142,14.29%,1,10009,10009060
2016年上半年度,1339060017,中國醫藥大學北港附設醫院,2,0.0000,8.0000,8,0%,3,67.8750,25%,2,10009,10009060
2016年全年度,1339060017,中國醫藥大學北港附設醫院,2,1.0000,17.0000,17,5.88%,4,70.8823,11.76%,2,10009,10009060
2017年上半年度,1339060017,中國醫藥大學北港附設醫院,2,1.0000,22.0000,20,4.55%,4,70.7500,10%,2,10009,10009060
2017年全年度,1339060017,中國醫藥大學北港附設醫院,2,1.0000,35.0000,31,2.86%,5,70.5483,12.9%,4,10009,10009060
2018年上半年度,1339060017,中國醫藥大學北港附設醫院,2,0.0000,10.0000,9,0%,2,71.2222,11.11%,1,10009,10009060
2018年全年度,1339060017,中國醫藥大學北港附設醫院,2,0.0000,35.0000,33,0%,5,71.6060,12.12%,4,10009,10009060
2019年上半年度,1339060017,中國醫藥大學北港附設醫院,2,0.0000,16.0000,16,0%,3,73.1875,25%,4,10009,10009060
2019年全年度,1339060017,中國醫藥大學北港附設醫院,2,0.0000,36.0000,36,0%,5,69.9444,13.89%,5,10009,10009060
2020年上半年度,1339060017,中國醫藥大學北港附設醫院,2,0.0000,6.0000,6,0%,2,69.6666,16.67%,1,10009,10009060
2020年全年度,1339060017,中國醫藥大學北港附設醫院,2,1.0000,23.0000,23,4.35%,3,73.0000,17.39%,4,10009,10009060
2021年上半年度,1339060017,中國醫藥大學北港附設醫院,2,0.0000,11.0000,11,0%,4,72.8181,18.18%,2,10009,10009060
2021年全年度,1339060017,中國醫藥大學北港附設醫院,2,0.0000,31.0000,31,0%,5,73.0322,9.68%,3,10009,10009060
2022年上半年度,1339060017,中國醫藥大學北港附設醫院,2,0.0000,14.0000,14,0%,3,72.5714,7.14%,1,10009,10009060
2022年全年度,1339060017,中國醫藥大學北港附設醫院,2,0.0000,35.0000,35,0%,4,72.5428,14.29%,5,10009,10009060
2023年上半年度,1339060017,中國醫藥大學北港附設醫院,2,0.0000,29.0000,29,0%,4,72.6206,17.24%,5,10009,10009060
2023年全年度,1339060017,中國醫藥大學北港附設醫院,2,0.0000,54.0000,54,0%,4,73.2962,14.81%,8,10009,10009060
2024年上半年度,1339060017,中國醫藥大學北港附設醫院,2,0.0000,19.0000,19,0%,5,66.1578,10.53%,2,10009,10009060
2024年全年度,1339060017,中國醫藥大學北港附設醫院,2,0.0000,34.0000,34,0%,5,69.0294,8.82%,3,10009,10009060
2025年上半年度,1339060017,中國醫藥大學北港附設醫院,2,0.0000,19.0000,19,0%,4,68.0526,5.26%,1,10009,10009060
2006年全年度,1339060017,中國醫藥大學北港附設醫院,2,0,12,12,0%,4,69.0833,0%,0,10009,10009060
2007年全年度,1339060017,中國醫藥大學北港附設醫院,2,2,23,21,8.69%,4,68.4761,14.28%,3,10009,10009060
2008年全年度,1339060017,中國醫藥大學北港附設醫院,2,0,36,36,0%,6,70.8611,5.55%,2,10009,10009060
2009年全年度,1339060017,中國醫藥大學北港附設醫院,2,0,46,43,0%,5,68.186,13.95%,6,10009,10009060
2010年全年度,1339060017,中國醫藥大學北港附設醫院,2,1,48,44,2.08%,5,70.3863,9.09%,4,10009,10009060
2011年上半年度,1343030018,輔英科技大學附設醫院,2,1,22,22,4.54%,2,68.7727,9.09%,2,10013,10013030
2011年全年度,1343030018,輔英科技大學附設醫院,2,1,53,52,1.88%,3,69.7115,7.69%,4,10013,10013030
2012年上半年度,1343030018,輔英科技大學附設醫院,2,0,39,39,0%,3,67.7948,5.12%,2,10013,10013030
2012年全年度,1343030018,輔英科技大學附設醫院,2,0,88,83,0%,4,69.4939,2.41%,2,10013,10013030
2013年上半年度,1343030018,輔英科技大學附設醫院,2,0,39,39,0%,3,69.3589,5.13%,2,10013,10013030
2013年全年度,1343030018,輔英科技大學附設醫院,2,1,83,78,1.20%,4,69.6282,3.85%,3,10013,10013030
2014年上半年度,1343030018,輔英科技大學附設醫院,2,2,45,45,4.44%,3,70.2888,4.44%,2,10013,10013030
2014年全年度,1343030018,輔英科技大學附設醫院,2,2.0000,95.0000,95,2.11%,3,69.6315,9.47%,9,10013,10013030
2015年上半年度,1343030018,輔英科技大學附設醫院,2,0.0000,65.0000,65,0%,3,68.9692,15.38%,10,10013,10013030
2015年全年度,1343030018,輔英科技大學附設醫院,2,0.0000,135.0000,131,0%,3,69.4274,10.69%,14,10013,10013030
2016年上半年度,1343030018,輔英科技大學附設醫院,2,0.0000,58.0000,57,0%,3,69.0175,14.04%,8,10013,10013030
2016年全年度,1343030018,輔英科技大學附設醫院,2,0.0000,117.0000,113,0%,3,69.4601,12.39%,14,10013,10013030
2017年上半年度,1343030018,輔英科技大學附設醫院,2,0.0000,51.0000,51,0%,4,69.6274,13.73%,7,10013,10013030
2017年全年度,1343030018,輔英科技大學附設醫院,2,0.0000,110.0000,105,0%,4,69.1142,12.38%,13,10013,10013030
2018年上半年度,1343030018,輔英科技大學附設醫院,2,0.0000,54.0000,54,0%,3,70.7037,5.56%,3,10013,10013030
2018年全年度,1343030018,輔英科技大學附設醫院,2,0.0000,113.0000,110,0%,4,70.8636,10.91%,12,10013,10013030
2019年上半年度,1343030018,輔英科技大學附設醫院,2,0.0000,56.0000,53,0%,3,71.1886,15.09%,8,10013,10013030
2019年全年度,1343030018,輔英科技大學附設醫院,2,1.0000,122.0000,113,0.82%,3,71.0796,13.27%,15,10013,10013030
2020年上半年度,1343030018,輔英科技大學附設醫院,2,0.0000,45.0000,43,0%,3,68.7441,16.28%,7,10013,10013030
2020年全年度,1343030018,輔英科技大學附設醫院,2,1.0000,99.0000,95,1.01%,4,69.3578,14.74%,14,10013,10013030
2021年上半年度,1343030018,輔英科技大學附設醫院,2,0.0000,50.0000,50,0%,3,68.6200,14%,7,10013,10013030
2021年全年度,1343030018,輔英科技大學附設醫院,2,1.0000,108.0000,103,0.93%,4,68.9514,10.68%,11,10013,10013030
2022年上半年度,1343030018,輔英科技大學附設醫院,2,0.0000,62.0000,62,0%,3,69.1451,11.29%,7,10013,10013030
2022年全年度,1343030018,輔英科技大學附設醫院,2,0.0000,144.0000,133,0%,4,68.8421,7.52%,10,10013,10013030
2023年上半年度,1343030018,輔英科技大學附設醫院,2,1.0000,83.0000,83,1.2%,3,70.1686,9.64%,8,10013,10013030
2023年全年度,1343030018,輔英科技大學附設醫院,2,1.0000,159.0000,153,.63%,3,70.0326,11.76%,18,10013,10013030
2024年上半年度,1343030018,輔英科技大學附設醫院,2,0.0000,66.0000,64,0%,3,70.0468,18.75%,12,10013,10013030
2024年全年度,1343030018,輔英科技大學附設醫院,2,0.0000,129.0000,125,0%,3,69.7280,19.2%,24,10013,10013030
2025年上半年度,1343030018,輔英科技大學附設醫院,2,0.0000,63.0000,61,0%,3,69.6721,4.92%,3,10013,10013030
2006年全年度,1343030018,輔英科技大學附設醫院,2,1,48,46,2.08%,3,67.9782,2.17%,1,10013,10013030
2007年全年度,1343030018,輔英科技大學附設醫院,2,1,35,33,2.85%,2,69.7575,3.03%,1,10013,10013030
2008年全年度,1343030018,輔英科技大學附設醫院,2,0,44,43,0%,3,67.3488,11.62%,5,10013,10013030
2009年全年度,1343030018,輔英科技大學附設醫院,2,0,48,43,0%,2,68.1162,9.30%,4,10013,10013030
2010年全年度,1343030018,輔英科技大學附設醫院,2,0,47,45,0%,2,67.4,8.88%,4,10013,10013030
2011年上半年度,1401190011,財團法人台灣省私立台北仁濟院附設仁濟醫院,3,0,7,7,0%,1,70.4285,0%,0,63000,63000072
2011年全年度,1401190011,財團法人台灣省私立台北仁濟院附設仁濟醫院,3,0,13,11,0%,1,71.1818,9.09%,1,63000,63000072
2012年上半年度,1401190011,財團法人台灣省私立台北仁濟院附設仁濟醫院,3,0,8,8,0%,1,73.875,0%,0,63000,63000072
2012年全年度,1401190011,財團法人台灣省私立台北仁濟院附設仁濟醫院,3,0,21,17,0%,1,71.1764,0%,0,63000,63000072
2013年上半年度,1401190011,財團法人台灣省私立台北仁濟院附設仁濟醫院,3,0,7,7,0%,1,74.1428,0%,0,63000,63000072
2013年全年度,1401190011,財團法人台灣省私立台北仁濟院附設仁濟醫院,3,0,16,15,0%,1,68.7333,6.67%,1,63000,63000072
2014年上半年度,1401190011,財團法人台灣省私立台北仁濟院附設仁濟醫院,3,0,6,6,0%,1,76.6666,16.67%,1,63000,63000072
2014年全年度,1401190011,財團法人台灣省私立台北仁濟院附設仁濟醫院,3,0.0000,14.0000,12,0%,1,75.4166,16.67%,2,63000,63000072
2015年上半年度,1401190011,財團法人台灣省私立台北仁濟院附設仁濟醫院,3,0.0000,3.0000,3,0%,1,70.6666,0%,0,63000,63000072
2015年全年度,1401190011,財團法人台灣省私立台北仁濟院附設仁濟醫院,3,0.0000,13.0000,13,0%,1,72.2307,15.38%,2,63000,63000072
2016年上半年度,1401190011,財團法人台灣省私立台北仁濟院附設仁濟醫院,3,1.0000,9.0000,9,11.11%,1,73.7777,11.11%,1,63000,63000072
2016年全年度,1401190011,財團法人台灣省私立台北仁濟院附設仁濟醫院,3,1.0000,16.0000,16,6.25%,1,75.0625,6.25%,1,63000,63000072
2017年上半年度,1401190011,財團法人台灣省私立台北仁濟院附設仁濟醫院,3,0.0000,7.0000,7,0%,1,71.1428,0%,0,63000,63000072
2017年全年度,1401190011,財團法人台灣省私立台北仁濟院附設仁濟醫院,3,0.0000,9.0000,9,0%,1,70.8888,11.11%,1,63000,63000072
2006年全年度,1401190011,財團法人台灣省私立台北仁濟院附設仁濟醫院,3,0,6,6,0%,2,71.8333,0%,0,63000,63000072
2007年全年度,1401190011,財團法人台灣省私立台北仁濟院附設仁濟醫院,3,0,18,18,0%,2,72.6111,0%,0,63000,63000072
2008年全年度,1401190011,財團法人台灣省私立台北仁濟院附設仁濟醫院,3,0,11,11,0%,1,73.2727,9.09%,1,63000,63000072
2009年全年度,1401190011,財團法人台灣省私立台北仁濟院附設仁濟醫院,3,1,13,13,7.69%,2,68.7692,15.38%,2,63000,63000072
2010年全年度,1401190011,財團法人台灣省私立台北仁濟院附設仁濟醫院,3,1,16,15,6.25%,2,74.4,33.33%,5,63000,63000072
2011年上半年度,1411030013,醫療財團法人臺灣區煤礦業基金會臺灣礦工醫院,3,0,9,9,0%,2,74.5555,0%,0,10017,10017030
2011年全年度,1411030013,醫療財團法人臺灣區煤礦業基金會臺灣礦工醫院,3,0,21,21,0%,3,73.1904,9.52%,2,10017,10017030
2012年上半年度,1411030013,醫療財團法人臺灣區煤礦業基金會臺灣礦工醫院,3,0,13,12,0%,3,68.1666,16.66%,2,10017,10017030
2012年全年度,1411030013,醫療財團法人臺灣區煤礦業基金會臺灣礦工醫院,3,0,16,13,0%,3,68.6153,15.38%,2,10017,10017030
2013年上半年度,1411030013,醫療財團法人臺灣區煤礦業基金會臺灣礦工醫院,3,0,3,3,0%,2,66.6666,0%,0,10017,10017030
2013年全年度,1411030013,醫療財團法人臺灣區煤礦業基金會臺灣礦工醫院,3,0,11,10,0%,3,68.3,0%,0,10017,10017030
2014年上半年度,1411030013,醫療財團法人臺灣區煤礦業基金會臺灣礦工醫院,3,0,2,2,0%,1,68.5,0%,0,10017,10017030
2014年全年度,1411030013,醫療財團法人臺灣區煤礦業基金會臺灣礦工醫院,3,0.0000,4.0000,4,0%,1,71.0000,0%,0,10017,10017030
2015年上半年度,1411030013,醫療財團法人臺灣區煤礦業基金會臺灣礦工醫院,3,1.0000,9.0000,9,11.11%,3,69.0000,33.33%,3,10017,10017030
2015年全年度,1411030013,醫療財團法人臺灣區煤礦業基金會臺灣礦工醫院,3,1.0000,17.0000,17,5.88%,4,69.5882,23.53%,4,10017,10017030
2016年上半年度,1411030013,醫療財團法人臺灣區煤礦業基金會臺灣礦工醫院,3,0.0000,6.0000,6,0%,2,70.0000,16.67%,1,10017,10017030
2016年全年度,1411030013,醫療財團法人臺灣區煤礦業基金會臺灣礦工醫院,3,0.0000,14.0000,12,0%,3,68.7500,25%,3,10017,10017030
2017年上半年度,1411030013,醫療財團法人臺灣區煤礦業基金會臺灣礦工醫院,3,1.0000,2.0000,2,50%,1,77.5000,0%,0,10017,10017030
2017年全年度,1411030013,醫療財團法人臺灣區煤礦業基金會臺灣礦工醫院,3,1.0000,2.0000,2,50%,1,77.5000,0%,0,10017,10017030
2018年上半年度,1411030013,醫療財團法人臺灣區煤礦業基金會臺灣礦工醫院,3,0.0000,3.0000,3,0%,1,63.6666,0%,0,10017,10017030
2018年全年度,1411030013,醫療財團法人臺灣區煤礦業基金會臺灣礦工醫院,3,0.0000,4.0000,4,0%,1,70.5000,0%,0,10017,10017030
2019年上半年度,1411030013,醫療財團法人臺灣區煤礦業基金會臺灣礦工醫院,3,0.0000,2.0000,2,0%,1,79.0000,50%,1,10017,10017030
2019年全年度,1411030013,醫療財團法人臺灣區煤礦業基金會臺灣礦工醫院,3,0.0000,4.0000,4,0%,2,74.7500,25%,1,10017,10017030
2020年上半年度,1411030013,醫療財團法人臺灣區煤礦業基金會臺灣礦工醫院,3,0.0000,1.0000,1,0%,1,67.0000,0%,0,10017,10017030
2020年全年度,1411030013,醫療財團法人臺灣區煤礦業基金會臺灣礦工醫院,3,0.0000,5.0000,4,0%,1,69.5000,50%,2,10017,10017030
2021年全年度,1411030013,醫療財團法人臺灣區煤礦業基金會臺灣礦工醫院,3,0.0000,1.0000,1,0%,1,77.0000,0%,0,10017,10017030
2022年上半年度,1411030013,醫療財團法人臺灣區煤礦業基金會臺灣礦工醫院,3,0.0000,1.0000,1,0%,1,66.0000,0%,0,10017,10017030
2022年全年度,1411030013,醫療財團法人臺灣區煤礦業基金會臺灣礦工醫院,3,0.0000,2.0000,2,0%,1,69.0000,0%,0,10017,10017030
2023年上半年度,1411030013,醫療財團法人臺灣區煤礦業基金會臺灣礦工醫院,3,0.0000,3.0000,2,0%,2,57.5000,0%,0,10017,10017030
2023年全年度,1411030013,醫療財團法人臺灣區煤礦業基金會臺灣礦工醫院,3,0.0000,3.0000,2,0%,2,57.5000,0%,0,10017,10017030
2024年上半年度,1411030013,醫療財團法人臺灣區煤礦業基金會臺灣礦工醫院,3,0.0000,4.0000,4,0%,2,67.5000,0%,0,10017,10017030
2024年全年度,1411030013,醫療財團法人臺灣區煤礦業基金會臺灣礦工醫院,3,0.0000,21.0000,19,0%,3,68.2105,0%,0,10017,10017030
2025年上半年度,1411030013,醫療財團法人臺灣區煤礦業基金會臺灣礦工醫院,3,1.0000,42.0000,41,2.38%,3,68.8536,17.07%,7,10017,10017030
2006年全年度,1411030013,醫療財團法人臺灣區煤礦業基金會臺灣礦工醫院,3,0,10,10,0%,2,66,30%,3,10017,10017030
2007年全年度,1411030013,醫療財團法人臺灣區煤礦業基金會臺灣礦工醫院,3,0,50,49,0%,3,71.8367,12.24%,6,10017,10017030
2008年全年度,1411030013,醫療財團法人臺灣區煤礦業基金會臺灣礦工醫院,3,0,26,25,0%,3,69,12%,3,10017,10017030
2009年全年度,1411030013,醫療財團法人臺灣區煤礦業基金會臺灣礦工醫院,3,1,34,34,2.94%,3,70.9705,8.82%,3,10017,10017030
2010年全年度,1411030013,醫療財團法人臺灣區煤礦業基金會臺灣礦工醫院,3,0,24,24,0%,2,72.125,16.66%,4,10017,10017030
2011年上半年度,1436020013,東勢區農會附設農民醫院,3,0,3,3,0%,1,78.3333,0%,0,66000,66000100
2011年全年度,1436020013,東勢區農會附設農民醫院,3,0,9,9,0%,2,74.8888,0%,0,66000,66000100
2012年上半年度,1436020013,東勢區農會附設農民醫院,3,0,2,2,0%,1,77.5,0%,0,66000,66000100
2012年全年度,1436020013,東勢區農會附設農民醫院,3,0,6,6,0%,1,77.5,16.67%,1,66000,66000100
2013年上半年度,1436020013,東勢區農會附設農民醫院,3,0,4,4,0%,1,77.75,25%,1,66000,66000100
2013年全年度,1436020013,東勢區農會附設農民醫院,3,0,7,7,0%,2,74.4285,14.29%,1,66000,66000100
2014年上半年度,1436020013,東勢區農會附設農民醫院,3,0,5,5,0%,2,72.6,20%,1,66000,66000100
2014年全年度,1436020013,東勢區農會附設農民醫院,3,0.0000,11.0000,11,0%,2,75.4545,9.09%,1,66000,66000100
2015年上半年度,1436020013,東勢區農會附設農民醫院,3,0.0000,7.0000,7,0%,2,71.4285,0%,0,66000,66000100
2015年全年度,1436020013,東勢區農會附設農民醫院,3,0.0000,17.0000,16,0%,2,72.3125,0%,0,66000,66000100
2016年上半年度,1436020013,東勢區農會附設農民醫院,3,0.0000,8.0000,7,0%,1,71.1428,0%,0,66000,66000100
2016年全年度,1436020013,東勢區農會附設農民醫院,3,1.0000,18.0000,17,5.56%,2,72.0588,5.88%,1,66000,66000100
2017年上半年度,1436020013,東勢區農會附設農民醫院,3,0.0000,7.0000,7,0%,2,72.8571,0%,0,66000,66000100
2017年全年度,1436020013,東勢區農會附設農民醫院,3,0.0000,12.0000,12,0%,2,74.1666,0%,0,66000,66000100
2018年上半年度,1436020013,東勢區農會附設農民醫院,3,0.0000,4.0000,4,0%,2,69.5000,25%,1,66000,66000100
2018年全年度,1436020013,東勢區農會附設農民醫院,3,0.0000,8.0000,8,0%,2,71.7500,25%,2,66000,66000100
2019年上半年度,1436020013,東勢區農會附設農民醫院,3,0.0000,4.0000,4,0%,1,71.5000,0%,0,66000,66000100
2019年全年度,1436020013,東勢區農會附設農民醫院,3,0.0000,8.0000,8,0%,2,70.1250,0%,0,66000,66000100
2020年上半年度,1436020013,東勢區農會附設農民醫院,3,0.0000,1.0000,1,0%,1,72.0000,0%,0,66000,66000100
2020年全年度,1436020013,東勢區農會附設農民醫院,3,2.0000,13.0000,13,15.38%,2,73.0769,15.38%,2,66000,66000100
2021年上半年度,1436020013,東勢區農會附設農民醫院,3,0.0000,8.0000,8,0%,1,74.3750,12.5%,1,66000,66000100
2021年全年度,1436020013,東勢區農會附設農民醫院,3,0.0000,15.0000,14,0%,2,73.5000,7.14%,1,66000,66000100
2022年上半年度,1436020013,東勢區農會附設農民醫院,3,0.0000,3.0000,3,0%,1,70.3333,0%,0,66000,66000100
2022年全年度,1436020013,東勢區農會附設農民醫院,3,0.0000,6.0000,6,0%,1,75.8333,33.33%,2,66000,66000100
2023年上半年度,1436020013,東勢區農會附設農民醫院,3,0.0000,5.0000,5,0%,1,73.8000,20%,1,66000,66000100
2023年全年度,1436020013,東勢區農會附設農民醫院,3,0.0000,7.0000,7,0%,1,72.8571,14.29%,1,66000,66000100
2024年上半年度,1436020013,東勢區農會附設農民醫院,3,1.0000,3.0000,3,33.33%,1,69.6666,0%,0,66000,66000100
2024年全年度,1436020013,東勢區農會附設農民醫院,3,2.0000,6.0000,6,33.33%,1,68.5000,16.67%,1,66000,66000100
2025年上半年度,1436020013,東勢區農會附設農民醫院,3,0.0000,5.0000,4,0%,2,65.5000,25%,1,66000,66000100
2006年全年度,1436020013,東勢區農會附設農民醫院,3,0,2,2,0%,1,72.5,0%,0,66000,66000100
2007年全年度,1436020013,東勢區農會附設農民醫院,3,0,5,4,0%,1,68.75,0%,0,66000,66000100
2008年全年度,1436020013,東勢區農會附設農民醫院,3,1,7,7,14.28%,2,75.7142,14.28%,1,66000,66000100
2009年全年度,1436020013,東勢區農會附設農民醫院,3,0,7,7,0%,3,71.4285,28.57%,2,66000,66000100
2010年全年度,1436020013,東勢區農會附設農民醫院,3,0,3,3,0%,1,77.3333,0%,0,66000,66000100
2011年上半年度,1501010010,博仁綜合醫院,3,0,3,3,0%,2,76.3333,33.33%,1,63000,63000010
2011年全年度,1501010010,博仁綜合醫院,3,0,6,5,0%,3,77.2,20%,1,63000,63000010
2012年上半年度,1501010010,博仁綜合醫院,3,0,1,1,0%,1,78,0%,0,63000,63000010
2012年全年度,1501010010,博仁綜合醫院,3,0,1,1,0%,1,78,0%,0,63000,63000010
2013年上半年度,1501010010,博仁綜合醫院,3,0,1,1,0%,1,74,0%,0,63000,63000010
2013年全年度,1501010010,博仁綜合醫院,3,0,1,1,0%,1,74,0%,0,63000,63000010
2014年上半年度,1501010010,博仁綜合醫院,3,0,1,1,0%,1,76,0%,0,63000,63000010
2014年全年度,1501010010,博仁綜合醫院,3,0.0000,1.0000,1,0%,1,76.0000,0%,0,63000,63000010
2015年全年度,1501010010,博仁綜合醫院,3,1.0000,2.0000,2,50%,1,70.5000,0%,0,63000,63000010
2016年上半年度,1501010010,博仁綜合醫院,3,0.0000,1.0000,1,0%,1,71.0000,0%,0,63000,63000010
2016年全年度,1501010010,博仁綜合醫院,3,0.0000,1.0000,1,0%,1,71.0000,0%,0,63000,63000010
2018年全年度,1501010010,博仁綜合醫院,3,0.0000,1.0000,1,0%,1,64.0000,0%,0,63000,63000010
2020年全年度,1501010010,博仁綜合醫院,3,0.0000,1.0000,1,0%,1,87.0000,0%,0,63000,63000010
2021年全年度,1501010010,博仁綜合醫院,3,0.0000,1.0000,1,0%,1,60.0000,0%,0,63000,63000010
2022年上半年度,1501010010,博仁綜合醫院,3,0.0000,12.0000,11,0%,1,71.2727,9.09%,1,63000,63000010
2022年全年度,1501010010,博仁綜合醫院,3,0.0000,23.0000,21,0%,1,70.8571,9.52%,2,63000,63000010
2023年上半年度,1501010010,博仁綜合醫院,3,1.0000,23.0000,23,4.35%,1,72.4782,8.7%,2,63000,63000010
2023年全年度,1501010010,博仁綜合醫院,3,1.0000,51.0000,49,1.96%,1,72.3469,8.16%,4,63000,63000010
2024年全年度,1501010010,博仁綜合醫院,3,0.0000,2.0000,2,0%,1,82.5000,0%,0,63000,63000010
2025年上半年度,1501010010,博仁綜合醫院,3,0.0000,4.0000,3,0%,1,74.3333,33.33%,1,63000,63000010
2006年全年度,1501010010,博仁綜合醫院,3,0,1,1,0%,1,60,0%,0,63000,63000010
2007年全年度,1501010010,博仁綜合醫院,3,0,10,10,0%,2,72.3,0%,0,63000,63000010
2008年全年度,1501010010,博仁綜合醫院,3,0,15,15,0%,3,72.8666,20%,3,63000,63000010
2009年全年度,1501010010,博仁綜合醫院,3,1,18,17,5.55%,4,76.4117,5.88%,1,63000,63000010
2010年全年度,1501010010,博仁綜合醫院,3,0,17,16,0%,3,75,25%,4,63000,63000010
2011年上半年度,1501201020,景美醫院,3,0,2,2,0%,1,71.5,0%,0,63000,63000082
2011年全年度,1501201020,景美醫院,3,0,8,8,0%,1,72.375,12.50%,1,63000,63000082
2012年上半年度,1501201020,景美醫院,3,0,3,3,0%,1,75.6666,33.33%,1,63000,63000082
2012年全年度,1501201020,景美醫院,3,0,5,5,0%,1,72.2,20%,1,63000,63000082
2013年上半年度,1501201020,景美醫院,3,0,3,3,0%,1,76.3333,33.33%,1,63000,63000082
2013年全年度,1501201020,景美醫院,3,0,5,5,0%,1,75.4,20%,1,63000,63000082
2014年上半年度,1501201020,景美醫院,3,0,3,3,0%,1,74,0%,0,63000,63000082
2014年全年度,1501201020,景美醫院,3,0.0000,7.0000,7,0%,1,71.4285,0%,0,63000,63000082
2015年上半年度,1501201020,景美醫院,3,0.0000,2.0000,1,0%,1,81.0000,0%,0,63000,63000082
2015年全年度,1501201020,景美醫院,3,0.0000,5.0000,4,0%,1,79.0000,0%,0,63000,63000082
2016年全年度,1501201020,景美醫院,3,0.0000,1.0000,1,0%,1,68.0000,0%,0,63000,63000082
2017年上半年度,1501201020,景美醫院,3,0.0000,1.0000,1,0%,1,79.0000,0%,0,63000,63000082
2017年全年度,1501201020,景美醫院,3,0.0000,5.0000,5,0%,1,71.6000,20%,1,63000,63000082
2018年上半年度,1501201020,景美醫院,3,0.0000,5.0000,5,0%,1,72.8000,0%,0,63000,63000082
2018年全年度,1501201020,景美醫院,3,0.0000,6.0000,6,0%,2,72.0000,0%,0,63000,63000082
2019年上半年度,1501201020,景美醫院,3,0.0000,1.0000,1,0%,1,68.0000,0%,0,63000,63000082
2019年全年度,1501201020,景美醫院,3,0.0000,7.0000,7,0%,1,76.2857,0%,0,63000,63000082
2020年上半年度,1501201020,景美醫院,3,0.0000,1.0000,1,0%,1,76.0000,0%,0,63000,63000082
2020年全年度,1501201020,景美醫院,3,0.0000,47.0000,46,0%,3,74.3260,17.39%,8,63000,63000082
2021年上半年度,1501201020,景美醫院,3,0.0000,49.0000,49,0%,3,75.0000,8.16%,4,63000,63000082
2021年全年度,1501201020,景美醫院,3,0.0000,98.0000,95,0%,4,73.8947,8.42%,8,63000,63000082
2022年上半年度,1501201020,景美醫院,3,0.0000,43.0000,43,0%,4,73.2790,6.98%,3,63000,63000082
2022年全年度,1501201020,景美醫院,3,0.0000,107.0000,106,0%,4,73.6509,12.26%,13,63000,63000082
2023年上半年度,1501201020,景美醫院,3,2.0000,58.0000,58,3.45%,4,71.7068,15.52%,9,63000,63000082
2023年全年度,1501201020,景美醫院,3,2.0000,117.0000,114,1.71%,4,71.6929,9.65%,11,63000,63000082
2024年上半年度,1501201020,景美醫院,3,0.0000,75.0000,71,0%,4,71.2253,5.63%,4,63000,63000082
2024年全年度,1501201020,景美醫院,3,0.0000,140.0000,130,0%,4,71.5000,8.46%,11,63000,63000082
2025年上半年度,1501201020,景美醫院,3,0.0000,52.0000,50,0%,5,71.4400,10%,5,63000,63000082
2006年全年度,1501201020,景美醫院,3,0,2,2,0%,1,76.5,50%,1,63000,63000082
2007年全年度,1501201020,景美醫院,3,0,2,2,0%,1,64,0%,0,63000,63000082
2009年全年度,1501201020,景美醫院,3,0,5,5,0%,1,73.2,0%,0,63000,63000082
2010年全年度,1501201020,景美醫院,3,0,6,6,0%,1,76.1666,0%,0,63000,63000082
2011年上半年度,1502040021,健仁醫院,3,0,10,8,0%,1,77.375,12.50%,1,64000,64000040
2011年全年度,1502040021,健仁醫院,3,0,14,11,0%,1,78.0909,9.09%,1,64000,64000040
2012年上半年度,1502040021,健仁醫院,3,0,4,4,0%,1,78,0%,0,64000,64000040
2012年全年度,1502040021,健仁醫院,3,0,6,6,0%,1,80.3333,0%,0,64000,64000040
2013年上半年度,1502040021,健仁醫院,3,0,7,5,0%,1,73.6,20%,1,64000,64000040
2013年全年度,1502040021,健仁醫院,3,0,8,6,0%,1,75,16.67%,1,64000,64000040
2014年上半年度,1502040021,健仁醫院,3,0,12,11,0%,2,68.6363,9.09%,1,64000,64000040
2014年全年度,1502040021,健仁醫院,3,0.0000,23.0000,20,0%,2,69.0000,10%,2,64000,64000040
2015年上半年度,1502040021,健仁醫院,3,0.0000,14.0000,14,0%,2,70.4285,7.14%,1,64000,64000040
2015年全年度,1502040021,健仁醫院,3,0.0000,18.0000,17,0%,2,69.6470,5.88%,1,64000,64000040
2016年上半年度,1502040021,健仁醫院,3,0.0000,1.0000,1,0%,1,74.0000,0%,0,64000,64000040
2016年全年度,1502040021,健仁醫院,3,0.0000,6.0000,5,0%,2,73.6000,20%,1,64000,64000040
2017年上半年度,1502040021,健仁醫院,3,0.0000,4.0000,4,0%,1,64.0000,25%,1,64000,64000040
2017年全年度,1502040021,健仁醫院,3,0.0000,14.0000,13,0%,2,70.6923,15.38%,2,64000,64000040
2018年上半年度,1502040021,健仁醫院,3,0.0000,10.0000,10,0%,2,66.3000,20%,2,64000,64000040
2018年全年度,1502040021,健仁醫院,3,0.0000,28.0000,25,0%,2,68.4400,16%,4,64000,64000040
2019年上半年度,1502040021,健仁醫院,3,1.0000,10.0000,10,10%,3,71.6000,10%,1,64000,64000040
2019年全年度,1502040021,健仁醫院,3,1.0000,20.0000,18,5%,3,71.1111,11.11%,2,64000,64000040
2020年上半年度,1502040021,健仁醫院,3,0.0000,5.0000,5,0%,2,73.0000,20%,1,64000,64000040
2020年全年度,1502040021,健仁醫院,3,0.0000,12.0000,12,0%,3,72.0833,8.33%,1,64000,64000040
2021年上半年度,1502040021,健仁醫院,3,0.0000,11.0000,11,0%,2,68.3636,18.18%,2,64000,64000040
2021年全年度,1502040021,健仁醫院,3,0.0000,20.0000,19,0%,3,69.8947,15.79%,3,64000,64000040
2022年上半年度,1502040021,健仁醫院,3,0.0000,13.0000,13,0%,2,73.3846,7.69%,1,64000,64000040
2022年全年度,1502040021,健仁醫院,3,0.0000,25.0000,24,0%,2,72.8333,12.5%,3,64000,64000040
2023年上半年度,1502040021,健仁醫院,3,0.0000,3.0000,3,0%,1,73.6666,0%,0,64000,64000040
2023年全年度,1502040021,健仁醫院,3,0.0000,10.0000,10,0%,2,73.4000,20%,2,64000,64000040
2024年上半年度,1502040021,健仁醫院,3,0.0000,9.0000,9,0%,3,74.1111,0%,0,64000,64000040
2024年全年度,1502040021,健仁醫院,3,0.0000,19.0000,18,0%,3,74.7777,0%,0,64000,64000040
2025年上半年度,1502040021,健仁醫院,3,0.0000,9.0000,9,0%,2,71.1111,22.22%,2,64000,64000040
2006年全年度,1502040021,健仁醫院,3,0,6,6,0%,1,68.6666,0%,0,64000,64000040
2007年全年度,1502040021,健仁醫院,3,0,5,5,0%,1,66.4,20%,1,64000,64000040
2008年全年度,1502040021,健仁醫院,3,0,11,11,0%,2,67.4545,9.09%,1,64000,64000040
2009年全年度,1502040021,健仁醫院,3,0,9,9,0%,1,71,0%,0,64000,64000040
2010年全年度,1502040021,健仁醫院,3,0,14,13,0%,2,71.6153,15.38%,2,64000,64000040
2012年上半年度,1502041117,右昌聯合醫院,3,0,2,2,0%,1,79,0%,0,64000,64000040
2012年全年度,1502041117,右昌聯合醫院,3,0,17,12,0%,2,69.4166,8.33%,1,64000,64000040
2013年上半年度,1502041117,右昌聯合醫院,3,0,7,7,0%,1,69.2857,14.29%,1,64000,64000040
2013年全年度,1502041117,右昌聯合醫院,3,0,18,17,0%,1,70.1176,23.53%,4,64000,64000040
2014年上半年度,1502041117,右昌聯合醫院,3,0,10,10,0%,1,69.8,10%,1,64000,64000040
2014年全年度,1502041117,右昌聯合醫院,3,0.0000,16.0000,16,0%,1,69.2500,6.25%,1,64000,64000040
2015年上半年度,1502041117,右昌聯合醫院,3,0.0000,17.0000,17,0%,1,69.6470,23.53%,4,64000,64000040
2015年全年度,1502041117,右昌聯合醫院,3,0.0000,28.0000,28,0%,1,70.3214,14.29%,4,64000,64000040
2016年上半年度,1502041117,右昌聯合醫院,3,0.0000,15.0000,14,0%,1,72.5714,14.29%,2,64000,64000040
2016年全年度,1502041117,右昌聯合醫院,3,0.0000,29.0000,28,0%,1,72.6071,17.86%,5,64000,64000040
2017年上半年度,1502041117,右昌聯合醫院,3,0.0000,14.0000,13,0%,1,66.4615,7.69%,1,64000,64000040
2017年全年度,1502041117,右昌聯合醫院,3,0.0000,31.0000,29,0%,1,70.2413,10.34%,3,64000,64000040
2018年上半年度,1502041117,右昌聯合醫院,3,0.0000,13.0000,12,0%,1,70.4166,8.33%,1,64000,64000040
2018年全年度,1502041117,右昌聯合醫院,3,0.0000,26.0000,24,0%,1,69.6250,8.33%,2,64000,64000040
2019年上半年度,1502041117,右昌聯合醫院,3,0.0000,10.0000,9,0%,1,72.0000,0%,0,64000,64000040
2019年全年度,1502041117,右昌聯合醫院,3,0.0000,21.0000,19,0%,1,68.8947,0%,0,64000,64000040
2020年上半年度,1502041117,右昌聯合醫院,3,0.0000,9.0000,9,0%,1,67.3333,22.22%,2,64000,64000040
2020年全年度,1502041117,右昌聯合醫院,3,0.0000,20.0000,18,0%,3,69.9444,11.11%,2,64000,64000040
2021年上半年度,1502041117,右昌聯合醫院,3,0.0000,9.0000,9,0%,1,69.6666,11.11%,1,64000,64000040
2021年全年度,1502041117,右昌聯合醫院,3,0.0000,25.0000,25,0%,1,68.7200,28%,7,64000,64000040
2022年上半年度,1502041117,右昌聯合醫院,3,0.0000,22.0000,22,0%,1,66.4090,13.64%,3,64000,64000040
2022年全年度,1502041117,右昌聯合醫院,3,0.0000,46.0000,45,0%,2,70.2444,11.11%,5,64000,64000040
2023年上半年度,1502041117,右昌聯合醫院,3,1.0000,37.0000,37,2.7%,1,69.9189,13.51%,5,64000,64000040
2023年全年度,1502041117,右昌聯合醫院,3,1.0000,73.0000,71,1.37%,1,70.0845,9.86%,7,64000,64000040
2024年上半年度,1502041117,右昌聯合醫院,3,0.0000,25.0000,25,0%,1,72.5200,4%,1,64000,64000040
2024年全年度,1502041117,右昌聯合醫院,3,0.0000,61.0000,61,0%,1,72.1967,18.03%,11,64000,64000040
2025年上半年度,1502041117,右昌聯合醫院,3,0.0000,46.0000,45,0%,1,71.5333,6.67%,3,64000,64000040
2010年全年度,1502041117,右昌聯合醫院,3,0,1,1,0%,1,83,0%,0,64000,64000040
2011年上半年度,1502050296,文雄醫院,3,0,1,1,0%,1,79,0%,0,64000,64000052
2011年全年度,1502050296,文雄醫院,3,0,1,1,0%,1,79,0%,0,64000,64000052
2013年全年度,1502050296,文雄醫院,3,0,1,1,0%,1,71,100%,1,64000,64000052
2014年全年度,1502050296,文雄醫院,3,0.0000,1.0000,1,0%,1,76.0000,0%,0,64000,64000052
2015年上半年度,1502050296,文雄醫院,3,0.0000,1.0000,1,0%,1,64.0000,0%,0,64000,64000052
2015年全年度,1502050296,文雄醫院,3,0.0000,2.0000,2,0%,2,68.5000,50%,1,64000,64000052
2016年上半年度,1502050296,文雄醫院,3,0.0000,1.0000,1,0%,1,75.0000,0%,0,64000,64000052
2016年全年度,1502050296,文雄醫院,3,0.0000,1.0000,1,0%,1,75.0000,0%,0,64000,64000052
2006年全年度,1502050296,文雄醫院,3,0,3,3,0%,1,70.3333,0%,0,64000,64000052
2010年全年度,1502050296,文雄醫院,3,0,2,2,0%,2,73.5,0%,0,64000,64000052
2016年上半年度,1502060112,原祿骨科醫院,3,0.0000,2.0000,2,0%,1,69.0000,0%,0,64000,64000060
2016年全年度,1502060112,原祿骨科醫院,3,0.0000,2.0000,2,0%,1,69.0000,0%,0,64000,64000060
2017年全年度,1502060112,原祿骨科醫院,3,0.0000,1.0000,1,0%,1,52.0000,0%,0,64000,64000060
2018年上半年度,1502060112,原祿骨科醫院,3,0.0000,1.0000,1,0%,1,75.0000,0%,0,64000,64000060
2018年全年度,1502060112,原祿骨科醫院,3,0.0000,1.0000,1,0%,1,75.0000,0%,0,64000,64000060
2019年全年度,1502060112,原祿骨科醫院,3,0.0000,1.0000,1,0%,1,63.0000,0%,0,64000,64000060
2009年全年度,1502060112,原祿骨科醫院,3,0,1,1,0%,1,81,0%,0,64000,64000060
2010年全年度,1502060112,原祿骨科醫院,3,0,1,1,0%,1,59,0%,0,64000,64000060
2011年上半年度,1502110064,安泰醫院,3,0,9,9,0%,1,69.1111,0%,0,64000,64000110
2011年全年度,1502110064,安泰醫院,3,0,16,16,0%,1,71.5,0%,0,64000,64000110
2012年上半年度,1502110064,安泰醫院,3,0,10,9,0%,1,68.8888,11.11%,1,64000,64000110
2012年全年度,1502110064,安泰醫院,3,0,19,18,0%,1,69.9444,11.11%,2,64000,64000110
2013年上半年度,1502110064,安泰醫院,3,0,16,16,0%,1,70,6.25%,1,64000,64000110
2013年全年度,1502110064,安泰醫院,3,0,25,22,0%,1,71.0454,4.55%,1,64000,64000110
2014年上半年度,1502110064,安泰醫院,3,0,16,16,0%,1,68.125,0%,0,64000,64000110
2014年全年度,1502110064,安泰醫院,3,0.0000,23.0000,21,0%,1,66.7142,4.76%,1,64000,64000110
2015年上半年度,1502110064,安泰醫院,3,1.0000,13.0000,13,7.69%,1,70.9230,7.69%,1,64000,64000110
2015年全年度,1502110064,安泰醫院,3,1.0000,29.0000,28,3.45%,1,70.5714,7.14%,2,64000,64000110
2016年上半年度,1502110064,安泰醫院,3,0.0000,17.0000,17,0%,1,71.2941,5.88%,1,64000,64000110
2016年全年度,1502110064,安泰醫院,3,0.0000,35.0000,35,0%,1,70.2571,5.71%,2,64000,64000110
2017年上半年度,1502110064,安泰醫院,3,0.0000,24.0000,24,0%,1,70.8333,4.17%,1,64000,64000110
2017年全年度,1502110064,安泰醫院,3,0.0000,53.0000,52,0%,1,69.3269,1.92%,1,64000,64000110
2018年上半年度,1502110064,安泰醫院,3,0.0000,17.0000,17,0%,1,70.1176,5.88%,1,64000,64000110
2018年全年度,1502110064,安泰醫院,3,0.0000,41.0000,38,0%,1,68.1315,7.89%,3,64000,64000110
2019年上半年度,1502110064,安泰醫院,3,0.0000,22.0000,21,0%,1,67.4761,0%,0,64000,64000110
2019年全年度,1502110064,安泰醫院,3,0.0000,42.0000,40,0%,1,69.4250,2.5%,1,64000,64000110
2020年上半年度,1502110064,安泰醫院,3,0.0000,20.0000,20,0%,2,70.9500,15%,3,64000,64000110
2020年全年度,1502110064,安泰醫院,3,0.0000,50.0000,48,0%,2,70.1041,16.67%,8,64000,64000110
2021年上半年度,1502110064,安泰醫院,3,0.0000,22.0000,21,0%,1,72.3809,4.76%,1,64000,64000110
2021年全年度,1502110064,安泰醫院,3,0.0000,40.0000,39,0%,1,71.1025,5.13%,2,64000,64000110
2022年上半年度,1502110064,安泰醫院,3,0.0000,23.0000,23,0%,1,67.0434,21.74%,5,64000,64000110
2022年全年度,1502110064,安泰醫院,3,0.0000,32.0000,31,0%,2,67.8709,16.13%,5,64000,64000110
2023年上半年度,1502110064,安泰醫院,3,0.0000,24.0000,24,0%,1,73.7500,4.17%,1,64000,64000110
2023年全年度,1502110064,安泰醫院,3,0.0000,69.0000,67,0%,1,70.4925,8.96%,6,64000,64000110
2024年上半年度,1502110064,安泰醫院,3,0.0000,31.0000,31,0%,1,69.4516,16.13%,5,64000,64000110
2024年全年度,1502110064,安泰醫院,3,1.0000,55.0000,53,1.82%,1,70.5660,11.32%,6,64000,64000110
2025年上半年度,1502110064,安泰醫院,3,0.0000,13.0000,13,0%,2,72.3846,7.69%,1,64000,64000110
2006年全年度,1502110064,安泰醫院,3,0,37,36,0%,1,67.5555,0%,0,64000,64000110
2007年全年度,1502110064,安泰醫院,3,0,70,68,0%,1,66.0882,4.41%,3,64000,64000110
2008年全年度,1502110064,安泰醫院,3,0,82,78,0%,1,66.8589,6.41%,5,64000,64000110
2009年全年度,1502110064,安泰醫院,3,0,25,22,0%,2,69,0%,0,64000,64000110
2010年全年度,1502110064,安泰醫院,3,0,12,12,0%,1,70.0833,0%,0,64000,64000110
2017年上半年度,1503010036,漢忠醫院,3,0.0000,2.0000,2,0%,1,67.5000,0%,0,66000,66000090
2017年全年度,1503010036,漢忠醫院,3,0.0000,4.0000,4,0%,1,70.7500,0%,0,66000,66000090
2018年上半年度,1503010036,漢忠醫院,3,0.0000,2.0000,2,0%,1,63.0000,50%,1,66000,66000090
2018年全年度,1503010036,漢忠醫院,3,0.0000,5.0000,5,0%,1,66.2000,20%,1,66000,66000090
2019年上半年度,1503010036,漢忠醫院,3,0.0000,2.0000,2,0%,2,60.5000,0%,0,66000,66000090
2019年全年度,1503010036,漢忠醫院,3,0.0000,4.0000,4,0%,2,68.7500,0%,0,66000,66000090
2020年上半年度,1503010036,漢忠醫院,3,0.0000,3.0000,3,0%,1,62.3333,0%,0,66000,66000090
2020年全年度,1503010036,漢忠醫院,3,0.0000,8.0000,8,0%,1,66.1250,12.5%,1,66000,66000090
2021年上半年度,1503010036,漢忠醫院,3,0.0000,4.0000,4,0%,1,66.5000,0%,0,66000,66000090
2021年全年度,1503010036,漢忠醫院,3,0.0000,8.0000,8,0%,1,64.3750,0%,0,66000,66000090
2022年上半年度,1503010036,漢忠醫院,3,0.0000,4.0000,4,0%,1,71.2500,0%,0,66000,66000090
2022年全年度,1503010036,漢忠醫院,3,0.0000,6.0000,6,0%,1,72.0000,16.67%,1,66000,66000090
2023年上半年度,1503010036,漢忠醫院,3,0.0000,4.0000,4,0%,1,73.7500,25%,1,66000,66000090
2023年全年度,1503010036,漢忠醫院,3,0.0000,7.0000,7,0%,1,72.5714,14.29%,1,66000,66000090
2024年上半年度,1503010036,漢忠醫院,3,0.0000,10.0000,10,0%,1,74.7000,20%,2,66000,66000090
2024年全年度,1503010036,漢忠醫院,3,0.0000,14.0000,14,0%,1,74.6428,21.43%,3,66000,66000090
2025年上半年度,1503010036,漢忠醫院,3,0.0000,3.0000,3,0%,1,62.0000,33.33%,1,66000,66000090
2016年全年度,1503190020,長安醫院,3,0.0000,8.0000,8,0%,1,70.1250,12.5%,1,66000,66000270
2017年上半年度,1503190020,長安醫院,3,0.0000,31.0000,31,0%,3,70.0967,3.23%,1,66000,66000270
2017年全年度,1503190020,長安醫院,3,1.0000,75.0000,72,1.33%,4,70.9027,6.94%,5,66000,66000270
2018年上半年度,1503190020,長安醫院,3,0.0000,36.0000,35,0%,5,68.4571,20%,7,66000,66000270
2018年全年度,1503190020,長安醫院,3,0.0000,87.0000,79,0%,5,68.0000,16.46%,13,66000,66000270
2019年上半年度,1503190020,長安醫院,3,0.0000,35.0000,33,0%,4,70.3030,12.12%,4,66000,66000270
2019年全年度,1503190020,長安醫院,3,0.0000,85.0000,80,0%,4,68.9250,13.75%,11,66000,66000270
2020年上半年度,1503190020,長安醫院,3,0.0000,39.0000,39,0%,4,68.4871,15.38%,6,66000,66000270
2020年全年度,1503190020,長安醫院,3,1.0000,88.0000,88,1.14%,4,67.1477,14.77%,13,66000,66000270
2021年上半年度,1503190020,長安醫院,3,0.0000,48.0000,47,0%,4,71.1914,6.38%,3,66000,66000270
2021年全年度,1503190020,長安醫院,3,0.0000,106.0000,102,0%,4,70.8431,8.82%,9,66000,66000270
2022年上半年度,1503190020,長安醫院,3,0.0000,63.0000,63,0%,4,69.4603,11.11%,7,66000,66000270
2022年全年度,1503190020,長安醫院,3,0.0000,132.0000,129,0%,7,70.2558,13.95%,18,66000,66000270
2023年上半年度,1503190020,長安醫院,3,0.0000,81.0000,79,0%,6,70.7468,5.06%,4,66000,66000270
2023年全年度,1503190020,長安醫院,3,0.0000,166.0000,159,0%,6,70.0440,10.69%,17,66000,66000270
2024年上半年度,1503190020,長安醫院,3,0.0000,61.0000,60,0%,5,70.7333,13.33%,8,66000,66000270
2024年全年度,1503190020,長安醫院,3,1.0000,142.0000,139,.7%,5,70.6187,12.23%,17,66000,66000270
2025年上半年度,1503190020,長安醫院,3,0.0000,77.0000,77,0%,6,70.5324,11.69%,9,66000,66000270
2017年上半年度,1503200012,霧峰澄清醫院,3,0.0000,73.0000,73,0%,2,71.2602,8.22%,6,66000,66000280
2017年全年度,1503200012,霧峰澄清醫院,3,0.0000,155.0000,152,0%,2,70.5263,8.55%,13,66000,66000280
2018年上半年度,1503200012,霧峰澄清醫院,3,0.0000,71.0000,71,0%,2,71.5915,11.27%,8,66000,66000280
2018年全年度,1503200012,霧峰澄清醫院,3,0.0000,171.0000,161,0%,3,72.0496,8.7%,14,66000,66000280
2019年上半年度,1503200012,霧峰澄清醫院,3,0.0000,83.0000,83,0%,3,71.9518,8.43%,7,66000,66000280
2019年全年度,1503200012,霧峰澄清醫院,3,0.0000,167.0000,163,0%,3,71.2576,11.04%,18,66000,66000280
2020年上半年度,1503200012,霧峰澄清醫院,3,0.0000,57.0000,56,0%,3,70.8392,14.29%,8,66000,66000280
2020年全年度,1503200012,霧峰澄清醫院,3,0.0000,145.0000,142,0%,3,71.1197,13.38%,19,66000,66000280
2021年上半年度,1503200012,霧峰澄清醫院,3,0.0000,73.0000,73,0%,3,70.6986,17.81%,13,66000,66000280
2021年全年度,1503200012,霧峰澄清醫院,3,0.0000,139.0000,134,0%,3,71.2313,15.67%,21,66000,66000280
2022年上半年度,1503200012,霧峰澄清醫院,3,0.0000,57.0000,56,0%,2,71.3571,10.71%,6,66000,66000280
2022年全年度,1503200012,霧峰澄清醫院,3,0.0000,115.0000,113,0%,3,71.4159,12.39%,14,66000,66000280
2023年上半年度,1503200012,霧峰澄清醫院,3,0.0000,76.0000,75,0%,3,70.0933,17.33%,13,66000,66000280
2023年全年度,1503200012,霧峰澄清醫院,3,0.0000,152.0000,147,0%,4,69.6938,14.29%,21,66000,66000280
2024年上半年度,1503200012,霧峰澄清醫院,3,0.0000,77.0000,76,0%,4,71.3421,13.16%,10,66000,66000280
2024年全年度,1503200012,霧峰澄清醫院,3,0.0000,134.0000,132,0%,4,70.6136,14.39%,19,66000,66000280
2025年上半年度,1503200012,霧峰澄清醫院,3,1.0000,62.0000,61,1.61%,3,69.5245,21.31%,13,66000,66000280
2017年上半年度,1503260018,臺安醫院雙十分院,3,0.0000,139.0000,134,0%,1,71.9477,17.91%,24,66000,66000050
2017年全年度,1503260018,臺安醫院雙十分院,3,0.0000,314.0000,294,0%,1,72.0476,15.65%,46,66000,66000050
2018年上半年度,1503260018,臺安醫院雙十分院,3,0.0000,174.0000,160,0%,1,71.4812,15.63%,25,66000,66000050
2018年全年度,1503260018,臺安醫院雙十分院,3,0.0000,174.0000,160,0%,1,71.4812,15.63%,25,66000,66000050
2025年上半年度,1503290034,定國骨科醫院,3,0.0000,94.0000,94,0%,1,73.2021,15.96%,15,66000,66000080
2020年全年度,1507300077,博田國際醫院,3,0.0000,13.0000,13,0%,4,68.6153,7.69%,1,64000,64000030
2021年上半年度,1507300077,博田國際醫院,3,0.0000,28.0000,28,0%,4,71.4285,17.86%,5,64000,64000030
2021年全年度,1507300077,博田國際醫院,3,0.0000,65.0000,64,0%,4,71.3281,20.31%,13,64000,64000030
2022年上半年度,1507300077,博田國際醫院,3,1.0000,39.0000,39,2.56%,4,70.1538,23.08%,9,64000,64000030
2022年全年度,1507300077,博田國際醫院,3,2.0000,100.0000,97,2%,4,70.1649,12.37%,12,64000,64000030
2023年上半年度,1507300077,博田國際醫院,3,0.0000,56.0000,53,0%,5,72.2264,5.66%,3,64000,64000030
2023年全年度,1507300077,博田國際醫院,3,0.0000,117.0000,108,0%,6,70.9629,5.56%,6,64000,64000030
2024年上半年度,1507300077,博田國際醫院,3,0.0000,66.0000,66,0%,5,69.1212,15.15%,10,64000,64000030
2024年全年度,1507300077,博田國際醫院,3,0.0000,145.0000,143,0%,6,69.1818,11.89%,17,64000,64000030
2025年上半年度,1507300077,博田國際醫院,3,0.0000,86.0000,83,0%,5,69.8433,4.82%,4,64000,64000030
2015年上半年度,1507330011,七賢脊椎外科醫院,3,0.0000,9.0000,9,0%,1,70.0000,0%,0,64000,64000060
2015年全年度,1507330011,七賢脊椎外科醫院,3,0.0000,40.0000,38,0%,1,68.8684,5.26%,2,64000,64000060
2016年上半年度,1507330011,七賢脊椎外科醫院,3,0.0000,33.0000,32,0%,2,71.9687,12.5%,4,64000,64000060
2016年全年度,1507330011,七賢脊椎外科醫院,3,0.0000,60.0000,58,0%,2,69.0000,8.62%,5,64000,64000060
2017年上半年度,1507330011,七賢脊椎外科醫院,3,0.0000,48.0000,48,0%,2,69.5416,8.33%,4,64000,64000060
2017年全年度,1507330011,七賢脊椎外科醫院,3,0.0000,90.0000,86,0%,2,69.7674,8.14%,7,64000,64000060
2018年上半年度,1507330011,七賢脊椎外科醫院,3,0.0000,34.0000,34,0%,2,71.9117,8.82%,3,64000,64000060
2018年全年度,1507330011,七賢脊椎外科醫院,3,0.0000,66.0000,66,0%,2,71.4848,9.09%,6,64000,64000060
2019年上半年度,1507330011,七賢脊椎外科醫院,3,1.0000,33.0000,33,3.03%,3,71.8787,9.09%,3,64000,64000060
2019年全年度,1507330011,七賢脊椎外科醫院,3,1.0000,58.0000,55,1.72%,3,71.7818,7.27%,4,64000,64000060
2020年上半年度,1507330011,七賢脊椎外科醫院,3,0.0000,22.0000,22,0%,2,71.1818,13.64%,3,64000,64000060
2020年全年度,1507330011,七賢脊椎外科醫院,3,0.0000,43.0000,42,0%,2,70.0714,11.9%,5,64000,64000060
2021年上半年度,1507330011,七賢脊椎外科醫院,3,0.0000,18.0000,18,0%,1,70.6666,5.56%,1,64000,64000060
2021年全年度,1507330011,七賢脊椎外科醫院,3,0.0000,46.0000,44,0%,2,68.5909,4.55%,2,64000,64000060
2022年上半年度,1507330011,七賢脊椎外科醫院,3,0.0000,19.0000,19,0%,2,71.4210,10.53%,2,64000,64000060
2022年全年度,1507330011,七賢脊椎外科醫院,3,0.0000,44.0000,43,0%,2,70.7209,16.28%,7,64000,64000060
2023年上半年度,1507330011,七賢脊椎外科醫院,3,0.0000,32.0000,31,0%,2,72.9032,3.23%,1,64000,64000060
2023年全年度,1507330011,七賢脊椎外科醫院,3,0.0000,73.0000,68,0%,2,72.0588,7.35%,5,64000,64000060
2024年上半年度,1507330011,七賢脊椎外科醫院,3,0.0000,45.0000,44,0%,3,68.6818,15.91%,7,64000,64000060
2024年全年度,1507330011,七賢脊椎外科醫院,3,0.0000,86.0000,84,0%,3,69.5119,8.33%,7,64000,64000060
2025年上半年度,1507330011,七賢脊椎外科醫院,3,1.0000,55.0000,55,1.82%,3,70.8000,7.27%,4,64000,64000060
2021年全年度,1507340053,重仁骨科醫院,3,0.0000,3.0000,3,0%,1,72.0000,0%,0,64000,64000070
2022年上半年度,1507340053,重仁骨科醫院,3,0.0000,3.0000,3,0%,1,63.0000,0%,0,64000,64000070
2022年全年度,1507340053,重仁骨科醫院,3,0.0000,10.0000,10,0%,1,68.3000,10%,1,64000,64000070
2023年上半年度,1507340053,重仁骨科醫院,3,0.0000,16.0000,16,0%,4,70.3125,12.5%,2,64000,64000070
2023年全年度,1507340053,重仁骨科醫院,3,0.0000,22.0000,21,0%,4,71.8095,9.52%,2,64000,64000070
2024年上半年度,1507340053,重仁骨科醫院,3,0.0000,12.0000,12,0%,2,70.6666,25%,3,64000,64000070
2024年全年度,1507340053,重仁骨科醫院,3,0.0000,27.0000,26,0%,4,69.9615,26.92%,7,64000,64000070
2025年上半年度,1507340053,重仁骨科醫院,3,1.0000,33.0000,33,3.03%,4,68.3333,9.09%,3,64000,64000070
2025年上半年度,1507340062,中正脊椎骨科醫院,3,0.0000,141.0000,141,0%,7,70.9645,13.48%,19,64000,64000070
2014年上半年度,1511010068,新昆明醫院,3,0,1,1,0%,1,60,0%,0,10017,10017010
2014年全年度,1511010068,新昆明醫院,3,0.0000,1.0000,1,0%,1,60.0000,0%,0,10017,10017010
2015年上半年度,1511010068,新昆明醫院,3,0.0000,1.0000,1,0%,1,61.0000,0%,0,10017,10017010
2015年全年度,1511010068,新昆明醫院,3,0.0000,2.0000,2,0%,1,68.0000,0%,0,10017,10017010
2016年上半年度,1511010068,新昆明醫院,3,0.0000,1.0000,1,0%,1,76.0000,0%,0,10017,10017010
2016年全年度,1511010068,新昆明醫院,3,0.0000,1.0000,1,0%,1,76.0000,0%,0,10017,10017010
2019年上半年度,1511010068,新昆明醫院,3,0.0000,1.0000,1,0%,1,72.0000,0%,0,10017,10017010
2019年全年度,1511010068,新昆明醫院,3,0.0000,2.0000,2,0%,1,74.0000,0%,0,10017,10017010
2022年上半年度,1511010068,新昆明醫院,3,0.0000,1.0000,1,0%,1,78.0000,0%,0,10017,10017010
2022年全年度,1511010068,新昆明醫院,3,0.0000,2.0000,2,0%,1,78.5000,0%,0,10017,10017010
2023年上半年度,1511010068,新昆明醫院,3,0.0000,1.0000,1,0%,1,75.0000,0%,0,10017,10017010
2023年全年度,1511010068,新昆明醫院,3,0.0000,2.0000,2,0%,1,80.5000,0%,0,10017,10017010
2024年上半年度,1511010068,新昆明醫院,3,0.0000,2.0000,2,0%,1,78.5000,0%,0,10017,10017010
2024年全年度,1511010068,新昆明醫院,3,0.0000,3.0000,3,0%,1,85.3333,0%,0,10017,10017010
2007年全年度,1511010068,新昆明醫院,3,0,1,1,0%,1,60,0%,0,10017,10017010
2008年全年度,1511010068,新昆明醫院,3,0,1,1,0%,1,83,0%,0,10017,10017010
2011年上半年度,1512011185,南門綜合醫院,3,0,6,6,0%,2,68.8333,16.66%,1,10018,10018010
2011年全年度,1512011185,南門綜合醫院,3,0,17,16,0%,3,68.1875,6.25%,1,10018,10018010
2012年上半年度,1512011185,南門綜合醫院,3,0,5,5,0%,2,70.4,0%,0,10018,10018010
2012年全年度,1512011185,南門綜合醫院,3,0,11,11,0%,3,68.1818,0%,0,10018,10018010
2013年上半年度,1512011185,南門綜合醫院,3,1,6,6,16.67%,2,74.1666,0%,0,10018,10018010
2013年全年度,1512011185,南門綜合醫院,3,1,18,18,5.56%,2,73.6111,11.11%,2,10018,10018010
2014年上半年度,1512011185,南門綜合醫院,3,0,10,9,0%,3,73.1111,22.22%,2,10018,10018010
2014年全年度,1512011185,南門綜合醫院,3,0.0000,28.0000,26,0%,3,70.5000,15.38%,4,10018,10018010
2015年上半年度,1512011185,南門綜合醫院,3,0.0000,6.0000,6,0%,1,74.6666,16.67%,1,10018,10018010
2015年全年度,1512011185,南門綜合醫院,3,0.0000,12.0000,12,0%,3,74.4166,25%,3,10018,10018010
2016年上半年度,1512011185,南門綜合醫院,3,0.0000,11.0000,11,0%,3,76.3636,9.09%,1,10018,10018010
2016年全年度,1512011185,南門綜合醫院,3,0.0000,20.0000,19,0%,3,73.4736,10.53%,2,10018,10018010
2017年上半年度,1512011185,南門綜合醫院,3,1.0000,10.0000,10,10%,3,70.8000,0%,0,10018,10018010
2017年全年度,1512011185,南門綜合醫院,3,1.0000,19.0000,18,5.26%,3,71.1111,0%,0,10018,10018010
2018年上半年度,1512011185,南門綜合醫院,3,0.0000,8.0000,8,0%,3,72.5000,12.5%,1,10018,10018010
2018年全年度,1512011185,南門綜合醫院,3,0.0000,30.0000,28,0%,3,71.3571,14.29%,4,10018,10018010
2019年上半年度,1512011185,南門綜合醫院,3,0.0000,13.0000,12,0%,3,68.9166,0%,0,10018,10018010
2019年全年度,1512011185,南門綜合醫院,3,0.0000,22.0000,21,0%,3,69.3809,9.52%,2,10018,10018010
2020年上半年度,1512011185,南門綜合醫院,3,0.0000,12.0000,12,0%,3,72.3333,0%,0,10018,10018010
2020年全年度,1512011185,南門綜合醫院,3,0.0000,24.0000,24,0%,3,70.8750,0%,0,10018,10018010
2021年上半年度,1512011185,南門綜合醫院,3,0.0000,15.0000,14,0%,3,70.7857,0%,0,10018,10018010
2021年全年度,1512011185,南門綜合醫院,3,0.0000,30.0000,29,0%,3,71.2758,6.9%,2,10018,10018010
2022年上半年度,1512011185,南門綜合醫院,3,0.0000,10.0000,10,0%,3,71.8000,0%,0,10018,10018010
2022年全年度,1512011185,南門綜合醫院,3,0.0000,30.0000,30,0%,3,71.5000,3.33%,1,10018,10018010
2023年上半年度,1512011185,南門綜合醫院,3,0.0000,7.0000,7,0%,1,71.1428,0%,0,10018,10018010
2023年全年度,1512011185,南門綜合醫院,3,0.0000,23.0000,21,0%,3,73.0476,9.52%,2,10018,10018010
2024年上半年度,1512011185,南門綜合醫院,3,0.0000,7.0000,7,0%,2,73.5714,0%,0,10018,10018010
2024年全年度,1512011185,南門綜合醫院,3,1.0000,16.0000,15,6.25%,3,72.0000,6.67%,1,10018,10018010
2025年上半年度,1512011185,南門綜合醫院,3,1.0000,7.0000,7,14.29%,1,69.8571,0%,0,10018,10018010
2006年全年度,1512011185,南門綜合醫院,3,0,7,7,0%,2,72.2857,14.28%,1,10018,10018010
2007年全年度,1512011185,南門綜合醫院,3,0,7,5,0%,2,71.4,0%,0,10018,10018010
2008年全年度,1512011185,南門綜合醫院,3,1,27,26,3.70%,4,68.8461,15.38%,4,10018,10018010
2009年全年度,1512011185,南門綜合醫院,3,0,15,15,0%,3,67.8666,13.33%,2,10018,10018010
2010年全年度,1512011185,南門綜合醫院,3,1,10,10,10%,3,69.2,0%,0,10018,10018010
2011年全年度,1517020040,台新醫院,3,0,1,1,0%,1,74,0%,0,66000,66000020
2012年全年度,1517020040,台新醫院,3,0,3,3,0%,1,71,0%,0,66000,66000020
2013年上半年度,1517020040,台新醫院,3,0,2,2,0%,1,76.5,0%,0,66000,66000020
2013年全年度,1517020040,台新醫院,3,0,3,3,0%,1,69.6666,0%,0,66000,66000020
2015年上半年度,1517020040,台新醫院,3,0.0000,3.0000,3,0%,1,68.3333,0%,0,66000,66000020
2015年全年度,1517020040,台新醫院,3,0.0000,4.0000,4,0%,1,68.7500,0%,0,66000,66000020
2016年上半年度,1517020040,台新醫院,3,0.0000,1.0000,1,0%,1,74.0000,100%,1,66000,66000020
2016年全年度,1517020040,台新醫院,3,0.0000,4.0000,4,0%,3,64.2500,25%,1,66000,66000020
2017年上半年度,1517020040,台新醫院,3,0.0000,3.0000,3,0%,1,70.3333,0%,0,66000,66000020
2017年全年度,1517020040,台新醫院,3,2.0000,7.0000,6,28.57%,1,67.5000,0%,0,66000,66000020
2018年上半年度,1517020040,台新醫院,3,0.0000,5.0000,4,0%,2,66.5000,25%,1,66000,66000020
2018年全年度,1517020040,台新醫院,3,0.0000,7.0000,6,0%,2,67.3333,16.67%,1,66000,66000020
2019年上半年度,1517020040,台新醫院,3,0.0000,8.0000,8,0%,2,75.2500,0%,0,66000,66000020
2019年全年度,1517020040,台新醫院,3,0.0000,9.0000,8,0%,2,75.2500,0%,0,66000,66000020
2020年上半年度,1517020040,台新醫院,3,0.0000,2.0000,2,0%,1,72.0000,0%,0,66000,66000020
2020年全年度,1517020040,台新醫院,3,0.0000,8.0000,7,0%,1,72.8571,0%,0,66000,66000020
2021年上半年度,1517020040,台新醫院,3,0.0000,6.0000,6,0%,1,72.8333,16.67%,1,66000,66000020
2021年全年度,1517020040,台新醫院,3,0.0000,14.0000,13,0%,1,71.6153,23.08%,3,66000,66000020
2022年上半年度,1517020040,台新醫院,3,0.0000,7.0000,7,0%,1,72.0000,0%,0,66000,66000020
2022年全年度,1517020040,台新醫院,3,0.0000,155.0000,150,0%,2,71.8800,13.33%,20,66000,66000020
2023年上半年度,1517020040,台新醫院,3,0.0000,139.0000,130,0%,1,72.9692,16.92%,22,66000,66000020
2023年全年度,1517020040,台新醫院,3,0.0000,226.0000,206,0%,1,72.7815,15.05%,31,66000,66000020
2008年全年度,1517020040,台新醫院,3,0,4,4,0%,1,71.5,0%,0,66000,66000020
2009年全年度,1517020040,台新醫院,3,0,6,5,0%,1,65.6,0%,0,66000,66000020
2010年全年度,1517020040,台新醫院,3,0,4,3,0%,1,73.3333,33.33%,1,66000,66000020
2011年上半年度,1517030055,林森醫院,3,0,21,21,0%,5,70.1428,14.28%,3,66000,66000030
2011年全年度,1517030055,林森醫院,3,1,57,55,1.75%,5,71.0363,12.72%,7,66000,66000030
2012年上半年度,1517030055,林森醫院,3,0,26,26,0%,5,70.3846,11.53%,3,66000,66000030
2012年全年度,1517030055,林森醫院,3,1,61,59,1.64%,5,71.3898,10.17%,6,66000,66000030
2013年上半年度,1517030055,林森醫院,3,0,29,29,0%,5,71.2068,6.90%,2,66000,66000030
2013年全年度,1517030055,林森醫院,3,0,58,57,0%,5,71.2456,10.53%,6,66000,66000030
2014年上半年度,1517030055,林森醫院,3,0,33,32,0%,4,70.9687,6.25%,2,66000,66000030
2014年全年度,1517030055,林森醫院,3,0.0000,64.0000,59,0%,5,70.6610,5.08%,3,66000,66000030
2015年上半年度,1517030055,林森醫院,3,0.0000,31.0000,31,0%,6,69.1612,6.45%,2,66000,66000030
2015年全年度,1517030055,林森醫院,3,0.0000,64.0000,61,0%,8,68.5737,8.2%,5,66000,66000030
2016年上半年度,1517030055,林森醫院,3,1.0000,44.0000,42,2.27%,6,69.4047,7.14%,3,66000,66000030
2016年全年度,1517030055,林森醫院,3,2.0000,89.0000,85,2.25%,7,70.0000,10.59%,9,66000,66000030
2017年上半年度,1517030055,林森醫院,3,0.0000,32.0000,32,0%,5,71.2187,0%,0,66000,66000030
2017年全年度,1517030055,林森醫院,3,1.0000,75.0000,70,1.33%,6,70.8714,5.71%,4,66000,66000030
2018年上半年度,1517030055,林森醫院,3,1.0000,43.0000,43,2.33%,6,69.6744,6.98%,3,66000,66000030
2018年全年度,1517030055,林森醫院,3,1.0000,77.0000,76,1.3%,6,70.1447,14.47%,11,66000,66000030
2019年上半年度,1517030055,林森醫院,3,0.0000,27.0000,26,0%,5,70.4230,15.38%,4,66000,66000030
2019年全年度,1517030055,林森醫院,3,0.0000,57.0000,56,0%,5,69.2857,14.29%,8,66000,66000030
2020年上半年度,1517030055,林森醫院,3,0.0000,19.0000,18,0%,5,71.1666,22.22%,4,66000,66000030
2020年全年度,1517030055,林森醫院,3,0.0000,52.0000,51,0%,5,71.6078,13.73%,7,66000,66000030
2021年上半年度,1517030055,林森醫院,3,0.0000,21.0000,21,0%,5,67.5714,23.81%,5,66000,66000030
2021年全年度,1517030055,林森醫院,3,0.0000,50.0000,49,0%,5,70.1428,18.37%,9,66000,66000030
2022年上半年度,1517030055,林森醫院,3,0.0000,29.0000,28,0%,4,69.1428,28.57%,8,66000,66000030
2022年全年度,1517030055,林森醫院,3,1.0000,68.0000,65,1.47%,5,68.7846,21.54%,14,66000,66000030
2023年上半年度,1517030055,林森醫院,3,0.0000,44.0000,44,0%,4,70.7272,15.91%,7,66000,66000030
2023年全年度,1517030055,林森醫院,3,1.0000,70.0000,68,1.43%,4,69.3676,16.18%,11,66000,66000030
2024年上半年度,1517030055,林森醫院,3,0.0000,31.0000,31,0%,4,68.6129,12.9%,4,66000,66000030
2024年全年度,1517030055,林森醫院,3,1.0000,62.0000,62,1.61%,5,68.0967,14.52%,9,66000,66000030
2025年上半年度,1517030055,林森醫院,3,0.0000,32.0000,31,0%,5,68.7741,19.35%,6,66000,66000030
2006年全年度,1517030055,林森醫院,3,0,50,49,0%,4,70.4081,14.28%,7,66000,66000030
2007年全年度,1517030055,林森醫院,3,0,52,50,0%,4,71.42,2%,1,66000,66000030
2008年全年度,1517030055,林森醫院,3,1,70,69,1.42%,4,68.6086,11.59%,8,66000,66000030
2009年全年度,1517030055,林森醫院,3,0,63,60,0%,4,71.2833,6.66%,4,66000,66000030
2010年全年度,1517030055,林森醫院,3,0,61,59,0%,4,71.5762,8.47%,5,66000,66000030
2011年上半年度,1517061032,澄清綜合醫院中港分院,2,0,65,65,0%,6,69.923,7.69%,5,66000,66000060
2011年全年度,1517061032,澄清綜合醫院中港分院,2,0,159,157,0%,7,68.7898,7.64%,12,66000,66000060
2012年上半年度,1517061032,澄清綜合醫院中港分院,2,0,71,71,0%,5,69.8309,8.45%,6,66000,66000060
2012年全年度,1517061032,澄清綜合醫院中港分院,2,0,150,145,0%,6,69.862,6.90%,10,66000,66000060
2013年上半年度,1517061032,澄清綜合醫院中港分院,2,1,77,75,1.30%,6,69.84,21.33%,16,66000,66000060
2013年全年度,1517061032,澄清綜合醫院中港分院,2,2,175,164,1.14%,6,70.6707,13.41%,22,66000,66000060
2014年上半年度,1517061032,澄清綜合醫院中港分院,2,0,92,92,0%,5,72.8369,10.87%,10,66000,66000060
2014年全年度,1517061032,澄清綜合醫院中港分院,2,1.0000,179.0000,173,0.56%,7,72.2254,12.72%,22,66000,66000060
2015年上半年度,1517061032,澄清綜合醫院中港分院,2,3.0000,97.0000,96,3.09%,6,71.4583,10.42%,10,66000,66000060
2015年全年度,1517061032,澄清綜合醫院中港分院,2,3.0000,221.0000,212,1.36%,7,70.9811,13.68%,29,66000,66000060
2016年上半年度,1517061032,澄清綜合醫院中港分院,2,0.0000,98.0000,95,0%,7,69.7157,12.63%,12,66000,66000060
2016年全年度,1517061032,澄清綜合醫院中港分院,2,3.0000,210.0000,196,1.43%,7,69.3163,10.71%,21,66000,66000060
2017年上半年度,1517061032,澄清綜合醫院中港分院,2,0.0000,79.0000,79,0%,7,71.0379,10.13%,8,66000,66000060
2017年全年度,1517061032,澄清綜合醫院中港分院,2,1.0000,201.0000,192,0.5%,8,70.4895,11.98%,23,66000,66000060
2018年上半年度,1517061032,澄清綜合醫院中港分院,2,1.0000,98.0000,96,1.02%,7,71.3125,11.46%,11,66000,66000060
2018年全年度,1517061032,澄清綜合醫院中港分院,2,2.0000,220.0000,207,0.91%,7,71.6956,10.63%,22,66000,66000060
2019年上半年度,1517061032,澄清綜合醫院中港分院,2,0.0000,81.0000,78,0%,7,71.0769,15.38%,12,66000,66000060
2019年全年度,1517061032,澄清綜合醫院中港分院,2,0.0000,184.0000,173,0%,8,71.4913,12.14%,21,66000,66000060
2020年上半年度,1517061032,澄清綜合醫院中港分院,2,1.0000,60.0000,57,1.67%,7,70.3333,10.53%,6,66000,66000060
2020年全年度,1517061032,澄清綜合醫院中港分院,2,2.0000,146.0000,139,1.37%,9,70.4532,11.51%,16,66000,66000060
2021年上半年度,1517061032,澄清綜合醫院中港分院,2,0.0000,54.0000,54,0%,7,71.2407,12.96%,7,66000,66000060
2021年全年度,1517061032,澄清綜合醫院中港分院,2,0.0000,123.0000,115,0%,7,70.9043,16.52%,19,66000,66000060
2022年上半年度,1517061032,澄清綜合醫院中港分院,2,0.0000,63.0000,62,0%,6,72.1774,14.52%,9,66000,66000060
2022年全年度,1517061032,澄清綜合醫院中港分院,2,0.0000,132.0000,129,0%,7,71.7984,11.63%,15,66000,66000060
2023年上半年度,1517061032,澄清綜合醫院中港分院,2,0.0000,102.0000,100,0%,8,71.0400,12%,12,66000,66000060
2023年全年度,1517061032,澄清綜合醫院中港分院,2,0.0000,208.0000,199,0%,8,70.6231,12.06%,24,66000,66000060
2024年上半年度,1517061032,澄清綜合醫院中港分院,2,0.0000,103.0000,102,0%,8,71.2058,15.69%,16,66000,66000060
2024年全年度,1517061032,澄清綜合醫院中港分院,2,0.0000,212.0000,200,0%,9,71.0800,13.5%,27,66000,66000060
2025年上半年度,1517061032,澄清綜合醫院中港分院,2,0.0000,83.0000,80,0%,6,69.4375,13.75%,11,66000,66000060
2006年全年度,1517061032,澄清綜合醫院中港分院,2,1,129,124,0.77%,6,70.8225,8.87%,11,66000,66000060
2007年全年度,1517061032,澄清綜合醫院中港分院,2,2,147,138,1.36%,8,69.2898,8.69%,12,66000,66000060
2008年全年度,1517061032,澄清綜合醫院中港分院,2,2,159,153,1.25%,8,71.1633,6.53%,10,66000,66000060
2009年全年度,1517061032,澄清綜合醫院中港分院,2,3,179,174,1.67%,6,70.4712,10.34%,18,66000,66000060
2010年全年度,1517061032,澄清綜合醫院中港分院,2,2,170,164,1.17%,7,69.4634,9.75%,16,66000,66000060
2011年上半年度,1517080019,聯安醫院,3,0,9,9,0%,3,72.2222,22.22%,2,66000,66000080
2011年全年度,1517080019,聯安醫院,3,0,14,14,0%,3,71.5,14.28%,2,66000,66000080
2012年上半年度,1517080019,聯安醫院,3,0,5,5,0%,2,69.4,0%,0,66000,66000080
2012年全年度,1517080019,聯安醫院,3,0,12,12,0%,2,68.3333,0%,0,66000,66000080
2013年上半年度,1517080019,聯安醫院,3,0,4,4,0%,1,70.75,0%,0,66000,66000080
2013年全年度,1517080019,聯安醫院,3,0,6,6,0%,1,70.6666,0%,0,66000,66000080
2014年上半年度,1517080019,聯安醫院,3,0,2,2,0%,1,56,0%,0,66000,66000080
2014年全年度,1517080019,聯安醫院,3,0.0000,7.0000,7,0%,1,69.1428,0%,0,66000,66000080
2015年上半年度,1517080019,聯安醫院,3,0.0000,1.0000,1,0%,1,64.0000,0%,0,66000,66000080
2015年全年度,1517080019,聯安醫院,3,0.0000,5.0000,5,0%,1,72.2000,40%,2,66000,66000080
2016年上半年度,1517080019,聯安醫院,3,0.0000,5.0000,5,0%,1,64.4000,20%,1,66000,66000080
2016年全年度,1517080019,聯安醫院,3,0.0000,5.0000,5,0%,1,64.4000,20%,1,66000,66000080
2018年上半年度,1517080019,聯安醫院,3,0.0000,1.0000,1,0%,1,68.0000,0%,0,66000,66000080
2018年全年度,1517080019,聯安醫院,3,0.0000,3.0000,3,0%,1,71.0000,0%,0,66000,66000080
2019年上半年度,1517080019,聯安醫院,3,0.0000,2.0000,2,0%,1,69.5000,0%,0,66000,66000080
2019年全年度,1517080019,聯安醫院,3,0.0000,3.0000,3,0%,1,67.6666,0%,0,66000,66000080
2020年上半年度,1517080019,聯安醫院,3,0.0000,1.0000,1,0%,1,74.0000,0%,0,66000,66000080
2020年全年度,1517080019,聯安醫院,3,0.0000,6.0000,5,0%,1,74.4000,0%,0,66000,66000080
2021年上半年度,1517080019,聯安醫院,3,0.0000,2.0000,2,0%,1,72.5000,0%,0,66000,66000080
2021年全年度,1517080019,聯安醫院,3,0.0000,6.0000,5,0%,1,65.0000,20%,1,66000,66000080
2022年上半年度,1517080019,聯安醫院,3,0.0000,2.0000,2,0%,1,82.0000,0%,0,66000,66000080
2022年全年度,1517080019,聯安醫院,3,0.0000,7.0000,7,0%,1,71.0000,0%,0,66000,66000080
2006年全年度,1517080019,聯安醫院,3,0,10,10,0%,2,71.3,0%,0,66000,66000080
2007年全年度,1517080019,聯安醫院,3,0,17,16,0%,3,71.125,0%,0,66000,66000080
2008年全年度,1517080019,聯安醫院,3,0,19,17,0%,3,69.647,5.88%,1,66000,66000080
2009年全年度,1517080019,聯安醫院,3,0,15,14,0%,3,66.2857,35.71%,5,66000,66000080
2010年全年度,1517080019,聯安醫院,3,0,9,9,0%,3,69.8888,22.22%,2,66000,66000080
2011年上半年度,1521031104,郭綜合醫院,3,0,7,7,0%,3,73.4285,28.57%,2,10021,67000370
2011年全年度,1521031104,郭綜合醫院,3,0,21,18,0%,3,70.8333,11.11%,2,10021,67000370
2012年上半年度,1521031104,郭綜合醫院,3,0,15,15,0%,2,71.8666,13.33%,2,10021,67000370
2012年全年度,1521031104,郭綜合醫院,3,0,42,41,0%,2,70.5609,7.32%,3,10021,67000370
2013年上半年度,1521031104,郭綜合醫院,3,0,15,15,0%,2,73.2,6.67%,1,10021,67000370
2013年全年度,1521031104,郭綜合醫院,3,0,25,22,0%,2,73.9545,9.09%,2,10021,67000370
2014年上半年度,1521031104,郭綜合醫院,3,0,4,4,0%,2,75.25,0%,0,10021,67000370
2014年全年度,1521031104,郭綜合醫院,3,0.0000,15.0000,14,0%,4,73.5714,0%,0,10021,67000370
2015年上半年度,1521031104,郭綜合醫院,3,0.0000,6.0000,6,0%,2,76.0000,0%,0,10021,67000370
2015年全年度,1521031104,郭綜合醫院,3,0.0000,20.0000,20,0%,2,74.3500,0%,0,10021,67000370
2016年上半年度,1521031104,郭綜合醫院,3,0.0000,9.0000,9,0%,1,68.5555,0%,0,10021,67000370
2016年全年度,1521031104,郭綜合醫院,3,0.0000,17.0000,16,0%,1,69.0625,0%,0,10021,67000370
2017年上半年度,1521031104,郭綜合醫院,3,0.0000,8.0000,8,0%,2,72.0000,0%,0,10021,67000370
2017年全年度,1521031104,郭綜合醫院,3,0.0000,21.0000,20,0%,3,69.2500,10%,2,10021,67000370
2018年上半年度,1521031104,郭綜合醫院,3,0.0000,41.0000,41,0%,2,70.8536,12.2%,5,10021,67000370
2018年全年度,1521031104,郭綜合醫院,3,1.0000,111.0000,109,0.9%,3,70.7339,9.17%,10,10021,67000370
2019年上半年度,1521031104,郭綜合醫院,3,0.0000,71.0000,69,0%,3,72.0289,8.7%,6,10021,67000370
2019年全年度,1521031104,郭綜合醫院,3,0.0000,156.0000,145,0%,3,71.3172,10.34%,15,10021,67000370
2020年上半年度,1521031104,郭綜合醫院,3,0.0000,73.0000,72,0%,3,71.6944,12.5%,9,10021,67000370
2020年全年度,1521031104,郭綜合醫院,3,0.0000,206.0000,198,0%,4,70.8737,14.14%,28,10021,67000370
2021年上半年度,1521031104,郭綜合醫院,3,0.0000,106.0000,104,0%,4,70.1730,16.35%,17,10021,67000370
2021年全年度,1521031104,郭綜合醫院,3,0.0000,217.0000,206,0%,4,70.8349,18.45%,38,10021,67000370
2022年上半年度,1521031104,郭綜合醫院,3,1.0000,127.0000,124,0.79%,4,71.2983,23.39%,29,10021,67000370
2022年全年度,1521031104,郭綜合醫院,3,2.0000,281.0000,271,0.71%,5,71.7822,18.45%,50,10021,67000370
2023年上半年度,1521031104,郭綜合醫院,3,0.0000,156.0000,155,0%,3,72.2258,10.32%,16,10021,67000370
2023年全年度,1521031104,郭綜合醫院,3,0.0000,297.0000,280,0%,3,71.3678,11.07%,31,10021,67000370
2024年上半年度,1521031104,郭綜合醫院,3,0.0000,159.0000,151,0%,5,71.7682,15.23%,23,10021,67000370
2024年全年度,1521031104,郭綜合醫院,3,2.0000,336.0000,308,.6%,5,71.4123,14.94%,46,10021,67000370
2025年上半年度,1521031104,郭綜合醫院,3,0.0000,157.0000,156,0%,3,71.9935,19.87%,31,10021,67000370
2006年全年度,1521031104,郭綜合醫院,3,0,4,4,0%,1,73.25,0%,0,10021,67000370
2007年全年度,1521031104,郭綜合醫院,3,0,17,14,0%,2,75.4285,7.14%,1,10021,67000370
2008年全年度,1521031104,郭綜合醫院,3,0,8,8,0%,2,70.375,0%,0,10021,67000370
2009年全年度,1521031104,郭綜合醫院,3,0,14,13,0%,2,69.0769,7.69%,1,10021,67000370
2010年全年度,1521031104,郭綜合醫院,3,0,13,13,0%,2,72.6153,30.76%,4,10021,67000370
2011年上半年度,1522011115,陽明醫院,3,0,93,90,0%,4,70.2222,4.44%,4,10020,10020010
2011年全年度,1522011115,陽明醫院,3,1,234,224,0.42%,4,69.6964,6.25%,14,10020,10020010
2012年上半年度,1522011115,陽明醫院,3,0,93,90,0%,4,69.8,2.22%,2,10020,10020010
2012年全年度,1522011115,陽明醫院,3,2,208,194,0.96%,4,69.335,4.12%,8,10020,10020010
2013年上半年度,1522011115,陽明醫院,3,0,100,98,0%,4,69.7551,5.10%,5,10020,10020010
2013年全年度,1522011115,陽明醫院,3,0,195,184,0%,4,70.4565,6.52%,12,10020,10020010
2014年上半年度,1522011115,陽明醫院,3,0,89,88,0%,5,68.7727,15.91%,14,10020,10020010
2014年全年度,1522011115,陽明醫院,3,0.0000,203.0000,196,0%,5,69.6326,11.73%,23,10020,10020010
2015年上半年度,1522011115,陽明醫院,3,0.0000,81.0000,80,0%,5,71.3250,12.5%,10,10020,10020010
2015年全年度,1522011115,陽明醫院,3,1.0000,187.0000,183,0.53%,5,70.7814,12.02%,22,10020,10020010
2016年上半年度,1522011115,陽明醫院,3,0.0000,74.0000,72,0%,4,71.9583,6.94%,5,10020,10020010
2016年全年度,1522011115,陽明醫院,3,0.0000,147.0000,144,0%,6,71.4305,4.86%,7,10020,10020010
2017年上半年度,1522011115,陽明醫院,3,0.0000,71.0000,69,0%,5,72.4057,7.25%,5,10020,10020010
2017年全年度,1522011115,陽明醫院,3,0.0000,153.0000,143,0%,6,72.6153,9.09%,13,10020,10020010
2018年上半年度,1522011115,陽明醫院,3,0.0000,85.0000,83,0%,6,72.8313,10.84%,9,10020,10020010
2018年全年度,1522011115,陽明醫院,3,0.0000,173.0000,166,0%,7,72.3734,11.45%,19,10020,10020010
2019年上半年度,1522011115,陽明醫院,3,0.0000,82.0000,81,0%,6,71.0000,9.88%,8,10020,10020010
2019年全年度,1522011115,陽明醫院,3,0.0000,146.0000,139,0%,6,70.5683,7.91%,11,10020,10020010
2020年上半年度,1522011115,陽明醫院,3,0.0000,49.0000,49,0%,6,72.7959,4.08%,2,10020,10020010
2020年全年度,1522011115,陽明醫院,3,0.0000,127.0000,125,0%,6,72.0960,8.8%,11,10020,10020010
2021年上半年度,1522011115,陽明醫院,3,0.0000,50.0000,50,0%,5,70.4000,12%,6,10020,10020010
2021年全年度,1522011115,陽明醫院,3,0.0000,97.0000,96,0%,6,71.3854,8.33%,8,10020,10020010
2022年上半年度,1522011115,陽明醫院,3,0.0000,48.0000,48,0%,6,72.7291,10.42%,5,10020,10020010
2022年全年度,1522011115,陽明醫院,3,1.0000,97.0000,93,1.03%,6,72.6989,12.9%,12,10020,10020010
2023年上半年度,1522011115,陽明醫院,3,0.0000,33.0000,32,0%,6,71.1562,9.38%,3,10020,10020010
2023年全年度,1522011115,陽明醫院,3,0.0000,92.0000,85,0%,6,72.1176,12.94%,11,10020,10020010
2024年上半年度,1522011115,陽明醫院,3,0.0000,48.0000,47,0%,6,73.5531,12.77%,6,10020,10020010
2024年全年度,1522011115,陽明醫院,3,0.0000,102.0000,99,0%,6,72.9393,11.11%,11,10020,10020010
2025年上半年度,1522011115,陽明醫院,3,0.0000,45.0000,45,0%,6,71.5333,20%,9,10020,10020010
2006年全年度,1522011115,陽明醫院,3,6,219,203,2.73%,5,70.2118,4.92%,10,10020,10020010
2007年全年度,1522011115,陽明醫院,3,3,209,197,1.43%,4,68.8527,3.04%,6,10020,10020010
2008年全年度,1522011115,陽明醫院,3,2,202,196,0.99%,4,69.454,8.16%,16,10020,10020010
2009年全年度,1522011115,陽明醫院,3,2,200,186,1%,4,69.8978,3.76%,7,10020,10020010
2010年全年度,1522011115,陽明醫院,3,4,207,202,1.93%,4,69.891,5.94%,12,10020,10020010
2011年上半年度,1531010279,板橋中興醫院,3,0,22,22,0%,1,66.5454,18.18%,4,65000,65000010
2011年全年度,1531010279,板橋中興醫院,3,1,60,60,1.66%,1,69.05,11.66%,7,65000,65000010
2012年上半年度,1531010279,板橋中興醫院,3,2,32,32,6.25%,2,70.6562,9.37%,3,65000,65000010
2012年全年度,1531010279,板橋中興醫院,3,3,51,49,5.88%,2,71.3061,10.20%,5,65000,65000010
2013年上半年度,1531010279,板橋中興醫院,3,0,22,22,0%,1,73.1363,9.09%,2,65000,65000010
2013年全年度,1531010279,板橋中興醫院,3,0,48,48,0%,1,71.0625,14.58%,7,65000,65000010
2014年上半年度,1531010279,板橋中興醫院,3,0,22,22,0%,1,69.3181,4.55%,1,65000,65000010
2014年全年度,1531010279,板橋中興醫院,3,0.0000,35.0000,35,0%,1,70.2000,8.57%,3,65000,65000010
2015年上半年度,1531010279,板橋中興醫院,3,1.0000,23.0000,23,4.35%,1,72.3913,8.7%,2,65000,65000010
2015年全年度,1531010279,板橋中興醫院,3,1.0000,48.0000,47,2.08%,1,70.5744,12.77%,6,65000,65000010
2016年上半年度,1531010279,板橋中興醫院,3,0.0000,23.0000,23,0%,1,70.3478,0%,0,65000,65000010
2016年全年度,1531010279,板橋中興醫院,3,0.0000,62.0000,62,0%,1,71.3225,8.06%,5,65000,65000010
2017年上半年度,1531010279,板橋中興醫院,3,0.0000,23.0000,23,0%,1,75.6086,13.04%,3,65000,65000010
2017年全年度,1531010279,板橋中興醫院,3,0.0000,57.0000,51,0%,1,73.6862,13.73%,7,65000,65000010
2018年上半年度,1531010279,板橋中興醫院,3,0.0000,23.0000,23,0%,1,73.9130,0%,0,65000,65000010
2018年全年度,1531010279,板橋中興醫院,3,0.0000,63.0000,59,0%,1,72.9661,6.78%,4,65000,65000010
2019年上半年度,1531010279,板橋中興醫院,3,0.0000,18.0000,18,0%,1,73.2222,11.11%,2,65000,65000010
2019年全年度,1531010279,板橋中興醫院,3,0.0000,52.0000,51,0%,1,70.1372,15.69%,8,65000,65000010
2020年上半年度,1531010279,板橋中興醫院,3,0.0000,23.0000,21,0%,1,71.0476,19.05%,4,65000,65000010
2020年全年度,1531010279,板橋中興醫院,3,0.0000,54.0000,50,0%,1,70.4000,14%,7,65000,65000010
2021年上半年度,1531010279,板橋中興醫院,3,0.0000,19.0000,17,0%,1,70.1764,5.88%,1,65000,65000010
2021年全年度,1531010279,板橋中興醫院,3,0.0000,37.0000,35,0%,1,69.6000,2.86%,1,65000,65000010
2022年上半年度,1531010279,板橋中興醫院,3,0.0000,16.0000,15,0%,1,70.2666,6.67%,1,65000,65000010
2022年全年度,1531010279,板橋中興醫院,3,0.0000,31.0000,29,0%,1,70.4482,10.34%,3,65000,65000010
2023年上半年度,1531010279,板橋中興醫院,3,0.0000,17.0000,17,0%,1,70.4705,0%,0,65000,65000010
2023年全年度,1531010279,板橋中興醫院,3,0.0000,38.0000,36,0%,2,70.3888,8.33%,3,65000,65000010
2024年上半年度,1531010279,板橋中興醫院,3,0.0000,40.0000,40,0%,2,72.7250,22.5%,9,65000,65000010
2024年全年度,1531010279,板橋中興醫院,3,0.0000,57.0000,57,0%,2,72.9824,19.3%,11,65000,65000010
2025年上半年度,1531010279,板橋中興醫院,3,0.0000,26.0000,26,0%,1,71.8846,19.23%,5,65000,65000010
2006年全年度,1531010279,板橋中興醫院,3,0,7,7,0%,1,66.4285,14.28%,1,65000,65000010
2007年全年度,1531010279,板橋中興醫院,3,0,20,19,0%,1,71.3157,15.78%,3,65000,65000010
2008年全年度,1531010279,板橋中興醫院,3,0,20,20,0%,1,69.6,10%,2,65000,65000010
2009年全年度,1531010279,板橋中興醫院,3,0,40,37,0%,1,72,10.81%,4,65000,65000010
2010年全年度,1531010279,板橋中興醫院,3,0,59,57,0%,2,68.9298,8.77%,5,65000,65000010
2024年全年度,1531021192,宏仁醫院,3,0.0000,22.0000,21,0%,3,70.4285,4.76%,1,65000,65000020
2025年上半年度,1531021192,宏仁醫院,3,0.0000,25.0000,25,0%,3,71.9200,16%,4,65000,65000020
2019年全年度,1531041390,怡和醫院,3,0.0000,1.0000,1,0%,1,79.0000,0%,0,65000,65000030
2020年全年度,1531041390,怡和醫院,3,0.0000,1.0000,1,0%,1,74.0000,0%,0,65000,65000030
2018年全年度,1531051163,豐榮醫院,3,0.0000,3.0000,3,0%,1,77.6666,0%,0,65000,65000060
2019年上半年度,1531051163,豐榮醫院,3,0.0000,8.0000,8,0%,1,70.7500,12.5%,1,65000,65000060
2019年全年度,1531051163,豐榮醫院,3,0.0000,15.0000,15,0%,1,71.5333,20%,3,65000,65000060
2020年上半年度,1531051163,豐榮醫院,3,0.0000,4.0000,4,0%,1,75.2500,25%,1,65000,65000060
2020年全年度,1531051163,豐榮醫院,3,0.0000,19.0000,19,0%,1,72.5789,10.53%,2,65000,65000060
2021年上半年度,1531051163,豐榮醫院,3,0.0000,9.0000,9,0%,1,72.8888,33.33%,3,65000,65000060
2021年全年度,1531051163,豐榮醫院,3,0.0000,21.0000,21,0%,1,71.9523,28.57%,6,65000,65000060
2022年上半年度,1531051163,豐榮醫院,3,0.0000,16.0000,16,0%,1,68.8125,18.75%,3,65000,65000060
2022年全年度,1531051163,豐榮醫院,3,0.0000,26.0000,26,0%,1,68.6538,15.38%,4,65000,65000060
2023年上半年度,1531051163,豐榮醫院,3,0.0000,15.0000,15,0%,2,70.9333,13.33%,2,65000,65000060
2023年全年度,1531051163,豐榮醫院,3,1.0000,29.0000,29,3.45%,2,70.4827,10.34%,3,65000,65000060
2024年上半年度,1531051163,豐榮醫院,3,0.0000,19.0000,19,0%,2,70.4736,42.11%,8,65000,65000060
2024年全年度,1531051163,豐榮醫院,3,0.0000,31.0000,30,0%,2,70.3333,33.33%,10,65000,65000060
2025年上半年度,1531051163,豐榮醫院,3,0.0000,11.0000,11,0%,1,70.7272,9.09%,1,65000,65000060
2022年上半年度,1531061249,新泰綜合醫院,3,0.0000,1.0000,1,0%,1,78.0000,0%,0,65000,65000050
2022年全年度,1531061249,新泰綜合醫院,3,0.0000,5.0000,5,0%,2,72.2000,40%,2,65000,65000050
2023年上半年度,1531061249,新泰綜合醫院,3,0.0000,4.0000,4,0%,3,75.5000,50%,2,65000,65000050
2023年全年度,1531061249,新泰綜合醫院,3,0.0000,19.0000,17,0%,3,69.8235,29.41%,5,65000,65000050
2024年上半年度,1531061249,新泰綜合醫院,3,0.0000,8.0000,8,0%,3,71.2500,12.5%,1,65000,65000050
2024年全年度,1531061249,新泰綜合醫院,3,0.0000,12.0000,12,0%,3,70.3333,25%,3,65000,65000050
2025年上半年度,1531061249,新泰綜合醫院,3,0.0000,10.0000,10,0%,3,69.0000,0%,0,65000,65000050
2011年上半年度,1531071030,仁愛醫院,3,0,4,4,0%,2,68.75,0%,0,65000,65000070
2011年全年度,1531071030,仁愛醫院,3,0,11,11,0%,2,72,9.09%,1,65000,65000070
2012年上半年度,1531071030,仁愛醫院,3,0,10,10,0%,1,64.4,10%,1,65000,65000070
2012年全年度,1531071030,仁愛醫院,3,0,27,27,0%,1,69.1111,7.41%,2,65000,65000070
2013年上半年度,1531071030,仁愛醫院,3,0,18,18,0%,2,68.4444,11.11%,2,65000,65000070
2013年全年度,1531071030,仁愛醫院,3,0,25,25,0%,2,68.56,8%,2,65000,65000070
2014年上半年度,1531071030,仁愛醫院,3,0,5,5,0%,1,64.4,0%,0,65000,65000070
2014年全年度,1531071030,仁愛醫院,3,0.0000,21.0000,21,0%,2,69.1428,14.29%,3,65000,65000070
2015年上半年度,1531071030,仁愛醫院,3,1.0000,12.0000,12,8.33%,2,72.8333,16.67%,2,65000,65000070
2015年全年度,1531071030,仁愛醫院,3,2.0000,23.0000,23,8.7%,2,71.2173,13.04%,3,65000,65000070
2016年上半年度,1531071030,仁愛醫院,3,0.0000,11.0000,11,0%,1,75.0000,18.18%,2,65000,65000070
2016年全年度,1531071030,仁愛醫院,3,0.0000,20.0000,20,0%,2,76.2000,15%,3,65000,65000070
2017年上半年度,1531071030,仁愛醫院,3,0.0000,18.0000,18,0%,1,73.5555,0%,0,65000,65000070
2017年全年度,1531071030,仁愛醫院,3,0.0000,33.0000,33,0%,1,71.7272,3.03%,1,65000,65000070
2018年上半年度,1531071030,仁愛醫院,3,0.0000,19.0000,19,0%,1,73.8947,5.26%,1,65000,65000070
2018年全年度,1531071030,仁愛醫院,3,0.0000,38.0000,37,0%,1,72.5945,8.11%,3,65000,65000070
2019年上半年度,1531071030,仁愛醫院,3,0.0000,16.0000,16,0%,1,71.3125,18.75%,3,65000,65000070
2019年全年度,1531071030,仁愛醫院,3,1.0000,38.0000,36,2.63%,2,71.8888,19.44%,7,65000,65000070
2020年上半年度,1531071030,仁愛醫院,3,0.0000,8.0000,8,0%,1,70.5000,25%,2,65000,65000070
2020年全年度,1531071030,仁愛醫院,3,0.0000,24.0000,24,0%,2,69.8333,20.83%,5,65000,65000070
2021年上半年度,1531071030,仁愛醫院,3,0.0000,12.0000,11,0%,1,72.9090,9.09%,1,65000,65000070
2021年全年度,1531071030,仁愛醫院,3,0.0000,20.0000,19,0%,1,69.7894,15.79%,3,65000,65000070
2022年上半年度,1531071030,仁愛醫院,3,0.0000,3.0000,3,0%,1,75.0000,33.33%,1,65000,65000070
2022年全年度,1531071030,仁愛醫院,3,0.0000,10.0000,10,0%,1,79.2000,10%,1,65000,65000070
2023年上半年度,1531071030,仁愛醫院,3,0.0000,6.0000,6,0%,1,75.5000,16.67%,1,65000,65000070
2023年全年度,1531071030,仁愛醫院,3,0.0000,18.0000,18,0%,1,74.5000,16.67%,3,65000,65000070
2024年上半年度,1531071030,仁愛醫院,3,0.0000,12.0000,12,0%,1,73.5833,0%,0,65000,65000070
2024年全年度,1531071030,仁愛醫院,3,0.0000,29.0000,29,0%,1,69.6896,6.9%,2,65000,65000070
2025年上半年度,1531071030,仁愛醫院,3,0.0000,7.0000,7,0%,1,68.0000,14.29%,1,65000,65000070
2006年全年度,1531071030,仁愛醫院,3,0,12,12,0%,1,66.1666,0%,0,65000,65000070
2007年全年度,1531071030,仁愛醫院,3,0,20,19,0%,1,69.7368,5.26%,1,65000,65000070
2008年全年度,1531071030,仁愛醫院,3,0,15,15,0%,1,72.8,20%,3,65000,65000070
2009年全年度,1531071030,仁愛醫院,3,1,20,19,5%,1,69.6315,15.78%,3,65000,65000070
2010年全年度,1531071030,仁愛醫院,3,0,18,18,0%,2,74.1666,16.66%,3,65000,65000070
2011年上半年度,1531120038,瑞芳礦工醫院,3,0,36,36,0%,3,72.2777,11.11%,4,65000,65000120
2011年全年度,1531120038,瑞芳礦工醫院,3,0,66,66,0%,4,71.0606,13.63%,9,65000,65000120
2012年上半年度,1531120038,瑞芳礦工醫院,3,0,32,32,0%,3,72.5625,18.75%,6,65000,65000120
2012年全年度,1531120038,瑞芳礦工醫院,3,0,65,65,0%,3,71.3846,15.38%,10,65000,65000120
2013年上半年度,1531120038,瑞芳礦工醫院,3,0,28,28,0%,3,73.3928,14.29%,4,65000,65000120
2013年全年度,1531120038,瑞芳礦工醫院,3,0,76,75,0%,3,72.2,14.67%,11,65000,65000120
2014年上半年度,1531120038,瑞芳礦工醫院,3,0,45,44,0%,3,69.7727,18.18%,8,65000,65000120
2014年全年度,1531120038,瑞芳礦工醫院,3,0.0000,68.0000,67,0%,3,69.3731,17.91%,12,65000,65000120
2015年上半年度,1531120038,瑞芳礦工醫院,3,0.0000,24.0000,24,0%,3,72.7916,16.67%,4,65000,65000120
2015年全年度,1531120038,瑞芳礦工醫院,3,1.0000,62.0000,62,1.61%,4,71.3225,14.52%,9,65000,65000120
2016年上半年度,1531120038,瑞芳礦工醫院,3,0.0000,21.0000,21,0%,3,70.1428,9.52%,2,65000,65000120
2016年全年度,1531120038,瑞芳礦工醫院,3,1.0000,61.0000,59,1.64%,4,71.5593,13.56%,8,65000,65000120
2017年上半年度,1531120038,瑞芳礦工醫院,3,0.0000,48.0000,48,0%,3,72.7500,16.67%,8,65000,65000120
2017年全年度,1531120038,瑞芳礦工醫院,3,0.0000,84.0000,83,0%,3,72.3493,13.25%,11,65000,65000120
2018年上半年度,1531120038,瑞芳礦工醫院,3,0.0000,23.0000,22,0%,3,69.4545,13.64%,3,65000,65000120
2018年全年度,1531120038,瑞芳礦工醫院,3,0.0000,52.0000,50,0%,3,71.4400,12%,6,65000,65000120
2019年上半年度,1531120038,瑞芳礦工醫院,3,0.0000,30.0000,30,0%,2,69.7000,13.33%,4,65000,65000120
2019年全年度,1531120038,瑞芳礦工醫院,3,0.0000,68.0000,66,0%,2,70.1212,16.67%,11,65000,65000120
2020年上半年度,1531120038,瑞芳礦工醫院,3,0.0000,28.0000,28,0%,2,68.3214,0%,0,65000,65000120
2020年全年度,1531120038,瑞芳礦工醫院,3,0.0000,65.0000,65,0%,4,69.3692,7.69%,5,65000,65000120
2021年上半年度,1531120038,瑞芳礦工醫院,3,0.0000,27.0000,27,0%,2,70.8888,3.7%,1,65000,65000120
2021年全年度,1531120038,瑞芳礦工醫院,3,1.0000,71.0000,70,1.41%,3,70.5714,7.14%,5,65000,65000120
2022年上半年度,1531120038,瑞芳礦工醫院,3,0.0000,24.0000,24,0%,3,69.6666,0%,0,65000,65000120
2022年全年度,1531120038,瑞芳礦工醫院,3,1.0000,47.0000,46,2.13%,3,69.8043,4.35%,2,65000,65000120
2023年上半年度,1531120038,瑞芳礦工醫院,3,0.0000,31.0000,31,0%,2,69.1935,22.58%,7,65000,65000120
2023年全年度,1531120038,瑞芳礦工醫院,3,0.0000,64.0000,63,0%,3,69.4444,15.87%,10,65000,65000120
2024年上半年度,1531120038,瑞芳礦工醫院,3,0.0000,26.0000,26,0%,2,72.2307,11.54%,3,65000,65000120
2024年全年度,1531120038,瑞芳礦工醫院,3,0.0000,57.0000,57,0%,3,71.3684,10.53%,6,65000,65000120
2025年上半年度,1531120038,瑞芳礦工醫院,3,0.0000,25.0000,24,0%,3,68.7916,4.17%,1,65000,65000120
2010年全年度,1531120038,瑞芳礦工醫院,3,0,24,24,0%,2,69.4166,12.50%,3,65000,65000120
2011年上半年度,1531131139,元復醫院,3,0,7,7,0%,3,69.4285,0%,0,65000,65000130
2011年全年度,1531131139,元復醫院,3,0,16,16,0%,3,67.5,12.50%,2,65000,65000130
2012年上半年度,1531131139,元復醫院,3,0,8,8,0%,2,76.375,12.50%,1,65000,65000130
2012年全年度,1531131139,元復醫院,3,0,14,13,0%,2,77.1538,7.69%,1,65000,65000130
2013年上半年度,1531131139,元復醫院,3,0,10,9,0%,2,73,0%,0,65000,65000130
2013年全年度,1531131139,元復醫院,3,0,17,15,0%,2,72,0%,0,65000,65000130
2014年上半年度,1531131139,元復醫院,3,0,6,6,0%,2,63.1666,0%,0,65000,65000130
2014年全年度,1531131139,元復醫院,3,0.0000,11.0000,11,0%,2,68.9090,9.09%,1,65000,65000130
2015年上半年度,1531131139,元復醫院,3,0.0000,5.0000,5,0%,2,77.0000,40%,2,65000,65000130
2015年全年度,1531131139,元復醫院,3,0.0000,9.0000,7,0%,2,72.0000,42.86%,3,65000,65000130
2016年上半年度,1531131139,元復醫院,3,0.0000,3.0000,3,0%,2,71.6666,0%,0,65000,65000130
2016年全年度,1531131139,元復醫院,3,0.0000,6.0000,6,0%,2,72.5000,0%,0,65000,65000130
2017年上半年度,1531131139,元復醫院,3,0.0000,5.0000,5,0%,1,76.4000,20%,1,65000,65000130
2017年全年度,1531131139,元復醫院,3,0.0000,10.0000,10,0%,2,75.9000,10%,1,65000,65000130
2018年上半年度,1531131139,元復醫院,3,0.0000,2.0000,2,0%,1,67.0000,0%,0,65000,65000130
2018年全年度,1531131139,元復醫院,3,0.0000,3.0000,3,0%,2,69.0000,0%,0,65000,65000130
2019年上半年度,1531131139,元復醫院,3,0.0000,2.0000,2,0%,1,73.5000,0%,0,65000,65000130
2019年全年度,1531131139,元復醫院,3,0.0000,3.0000,3,0%,1,74.3333,0%,0,65000,65000130
2020年上半年度,1531131139,元復醫院,3,0.0000,4.0000,4,0%,1,66.2500,25%,1,65000,65000130
2020年全年度,1531131139,元復醫院,3,0.0000,5.0000,5,0%,1,68.4000,20%,1,65000,65000130
2007年全年度,1531131139,元復醫院,3,0,23,21,0%,3,68.9047,4.76%,1,65000,65000130
2008年全年度,1531131139,元復醫院,3,0,27,25,0%,3,68.88,0%,0,65000,65000130
2009年全年度,1531131139,元復醫院,3,0,29,27,0%,2,71.8518,3.70%,1,65000,65000130
2010年全年度,1531131139,元復醫院,3,0,17,17,0%,2,66.9411,0%,0,65000,65000130
2011年上半年度,1532010120,聯新國際醫院桃新分院,3,0,1,1,0%,1,55,0%,0,68000,68000010
2011年全年度,1532010120,聯新國際醫院桃新分院,3,0,6,6,0%,1,71.6666,0%,0,68000,68000010
2013年上半年度,1532010120,聯新國際醫院桃新分院,3,0,1,1,0%,1,71,0%,0,68000,68000010
2013年全年度,1532010120,聯新國際醫院桃新分院,3,0,1,1,0%,1,71,0%,0,68000,68000010
2014年上半年度,1532010120,聯新國際醫院桃新分院,3,0,1,1,0%,1,65,0%,0,68000,68000010
2014年全年度,1532010120,聯新國際醫院桃新分院,3,0.0000,3.0000,3,0%,1,72.0000,0%,0,68000,68000010
2006年全年度,1532010120,聯新國際醫院桃新分院,3,0,1,1,0%,1,76,0%,0,68000,68000010
2007年全年度,1532010120,聯新國際醫院桃新分院,3,0,1,1,0%,1,69,0%,0,68000,68000010
2008年全年度,1532010120,聯新國際醫院桃新分院,3,0,3,2,0%,1,67.5,50%,1,68000,68000010
2009年全年度,1532010120,聯新國際醫院桃新分院,3,0,10,9,0%,3,69.8888,0%,0,68000,68000010
2010年全年度,1532010120,聯新國際醫院桃新分院,3,0,2,2,0%,1,73,0%,0,68000,68000010
2012年全年度,1532011154,敏盛綜合醫院,2,0,28,27,0%,6,67.7037,3.70%,1,68000,68000010
2013年上半年度,1532011154,敏盛綜合醫院,2,2,14,14,14.29%,4,72.0714,14.29%,2,68000,68000010
2013年全年度,1532011154,敏盛綜合醫院,2,3,44,43,6.82%,7,71.8372,6.98%,3,68000,68000010
2014年上半年度,1532011154,敏盛綜合醫院,2,1,35,32,2.86%,8,70.1562,3.13%,1,68000,68000010
2014年全年度,1532011154,敏盛綜合醫院,2,1.0000,59.0000,52,1.69%,10,71.2884,9.62%,5,68000,68000010
2015年上半年度,1532011154,敏盛綜合醫院,2,0.0000,10.0000,10,0%,3,71.3000,20%,2,68000,68000010
2015年全年度,1532011154,敏盛綜合醫院,2,1.0000,42.0000,41,2.38%,5,69.6341,12.2%,5,68000,68000010
2016年上半年度,1532011154,敏盛綜合醫院,2,0.0000,16.0000,15,0%,5,71.4000,0%,0,68000,68000010
2016年全年度,1532011154,敏盛綜合醫院,2,0.0000,52.0000,48,0%,6,71.8958,4.17%,2,68000,68000010
2017年上半年度,1532011154,敏盛綜合醫院,2,0.0000,24.0000,24,0%,6,69.5416,4.17%,1,68000,68000010
2017年全年度,1532011154,敏盛綜合醫院,2,0.0000,49.0000,48,0%,7,69.8541,6.25%,3,68000,68000010
2018年上半年度,1532011154,敏盛綜合醫院,2,0.0000,25.0000,24,0%,5,71.1666,0%,0,68000,68000010
2018年全年度,1532011154,敏盛綜合醫院,2,0.0000,45.0000,43,0%,5,71.6744,4.65%,2,68000,68000010
2019年上半年度,1532011154,敏盛綜合醫院,2,0.0000,27.0000,27,0%,5,70.4074,18.52%,5,68000,68000010
2019年全年度,1532011154,敏盛綜合醫院,2,0.0000,50.0000,45,0%,7,71.2444,11.11%,5,68000,68000010
2020年上半年度,1532011154,敏盛綜合醫院,2,0.0000,17.0000,17,0%,3,71.8823,5.88%,1,68000,68000010
2020年全年度,1532011154,敏盛綜合醫院,2,0.0000,60.0000,57,0%,6,72.3157,10.53%,6,68000,68000010
2021年上半年度,1532011154,敏盛綜合醫院,2,0.0000,23.0000,23,0%,8,72.0434,4.35%,1,68000,68000010
2021年全年度,1532011154,敏盛綜合醫院,2,0.0000,47.0000,45,0%,8,68.6222,15.56%,7,68000,68000010
2022年上半年度,1532011154,敏盛綜合醫院,2,1.0000,13.0000,13,7.69%,6,71.6923,15.38%,2,68000,68000010
2022年全年度,1532011154,敏盛綜合醫院,2,1.0000,34.0000,34,2.94%,6,72.4117,20.59%,7,68000,68000010
2023年上半年度,1532011154,敏盛綜合醫院,2,0.0000,31.0000,29,0%,7,72.1034,20.69%,6,68000,68000010
2023年全年度,1532011154,敏盛綜合醫院,2,0.0000,52.0000,50,0%,9,71.3600,18%,9,68000,68000010
2024年上半年度,1532011154,敏盛綜合醫院,2,0.0000,33.0000,32,0%,7,70.4687,3.13%,1,68000,68000010
2024年全年度,1532011154,敏盛綜合醫院,2,0.0000,61.0000,56,0%,8,71.3571,1.79%,1,68000,68000010
2025年上半年度,1532011154,敏盛綜合醫院,2,0.0000,19.0000,19,0%,6,71.6315,10.53%,2,68000,68000010
2011年上半年度,1532021338,中壢長榮醫院,3,0,10,10,0%,1,73,0%,0,68000,68000020
2011年全年度,1532021338,中壢長榮醫院,3,0,22,22,0%,1,74.409,0%,0,68000,68000020
2012年上半年度,1532021338,中壢長榮醫院,3,0,7,7,0%,1,75.5714,0%,0,68000,68000020
2012年全年度,1532021338,中壢長榮醫院,3,0,20,20,0%,2,73.4,10%,2,68000,68000020
2013年上半年度,1532021338,中壢長榮醫院,3,0,3,3,0%,1,79,0%,0,68000,68000020
2013年全年度,1532021338,中壢長榮醫院,3,0,11,11,0%,1,75,0%,0,68000,68000020
2014年上半年度,1532021338,中壢長榮醫院,3,0,8,8,0%,1,70.5,0%,0,68000,68000020
2014年全年度,1532021338,中壢長榮醫院,3,0.0000,18.0000,18,0%,1,70.3333,11.11%,2,68000,68000020
2015年上半年度,1532021338,中壢長榮醫院,3,0.0000,3.0000,3,0%,1,69.0000,33.33%,1,68000,68000020
2015年全年度,1532021338,中壢長榮醫院,3,0.0000,6.0000,6,0%,1,69.6666,33.33%,2,68000,68000020
2016年上半年度,1532021338,中壢長榮醫院,3,0.0000,5.0000,5,0%,1,72.4000,0%,0,68000,68000020
2016年全年度,1532021338,中壢長榮醫院,3,0.0000,14.0000,14,0%,1,72.5000,21.43%,3,68000,68000020
2017年上半年度,1532021338,中壢長榮醫院,3,0.0000,6.0000,6,0%,1,70.0000,0%,0,68000,68000020
2017年全年度,1532021338,中壢長榮醫院,3,0.0000,13.0000,13,0%,1,70.2307,7.69%,1,68000,68000020
2018年上半年度,1532021338,中壢長榮醫院,3,0.0000,4.0000,4,0%,1,82.7500,0%,0,68000,68000020
2018年全年度,1532021338,中壢長榮醫院,3,0.0000,9.0000,9,0%,2,77.7777,22.22%,2,68000,68000020
2019年上半年度,1532021338,中壢長榮醫院,3,0.0000,1.0000,1,0%,1,66.0000,0%,0,68000,68000020
2019年全年度,1532021338,中壢長榮醫院,3,0.0000,3.0000,3,0%,1,73.6666,0%,0,68000,68000020
2020年上半年度,1532021338,中壢長榮醫院,3,0.0000,4.0000,4,0%,1,70.0000,0%,0,68000,68000020
2020年全年度,1532021338,中壢長榮醫院,3,0.0000,8.0000,8,0%,1,68.8750,12.5%,1,68000,68000020
2021年上半年度,1532021338,中壢長榮醫院,3,0.0000,1.0000,1,0%,1,63.0000,0%,0,68000,68000020
2021年全年度,1532021338,中壢長榮醫院,3,0.0000,8.0000,8,0%,3,67.6250,12.5%,1,68000,68000020
2022年上半年度,1532021338,中壢長榮醫院,3,0.0000,5.0000,4,0%,2,69.2500,0%,0,68000,68000020
2022年全年度,1532021338,中壢長榮醫院,3,0.0000,12.0000,11,0%,3,69.3636,0%,0,68000,68000020
2023年上半年度,1532021338,中壢長榮醫院,3,0.0000,7.0000,7,0%,2,67.5714,0%,0,68000,68000020
2023年全年度,1532021338,中壢長榮醫院,3,0.0000,12.0000,12,0%,2,67.8333,8.33%,1,68000,68000020
2024年上半年度,1532021338,中壢長榮醫院,3,0.0000,10.0000,9,0%,3,70.2222,22.22%,2,68000,68000020
2024年全年度,1532021338,中壢長榮醫院,3,0.0000,20.0000,18,0%,4,69.9444,11.11%,2,68000,68000020
2025年上半年度,1532021338,中壢長榮醫院,3,0.0000,1.0000,1,0%,1,85.0000,0%,0,68000,68000020
2010年全年度,1532021338,中壢長榮醫院,3,0,6,6,0%,1,69.5,16.66%,1,68000,68000020
2013年全年度,1532021365,華揚醫院,3,0,2,2,0%,1,55,0%,0,68000,68000020
2014年上半年度,1532021365,華揚醫院,3,0,1,1,0%,1,74,100%,1,68000,68000020
2014年全年度,1532021365,華揚醫院,3,0.0000,1.0000,1,0%,1,74.0000,100%,1,68000,68000020
2023年上半年度,1532021365,華揚醫院,3,0.0000,1.0000,1,0%,1,79.0000,0%,0,68000,68000020
2023年全年度,1532021365,華揚醫院,3,0.0000,8.0000,8,0%,2,69.1250,25%,2,68000,68000020
2024年上半年度,1532021365,華揚醫院,3,0.0000,5.0000,5,0%,1,69.0000,20%,1,68000,68000020
2024年全年度,1532021365,華揚醫院,3,0.0000,13.0000,12,0%,2,72.3333,16.67%,2,68000,68000020
2025年上半年度,1532021365,華揚醫院,3,0.0000,1.0000,1,0%,1,69.0000,100%,1,68000,68000020
2015年上半年度,1532021374,長慎醫院,3,0.0000,5.0000,5,0%,2,74.2000,0%,0,68000,68000020
2015年全年度,1532021374,長慎醫院,3,0.0000,8.0000,8,0%,2,73.1250,0%,0,68000,68000020
2016年上半年度,1532021374,長慎醫院,3,0.0000,8.0000,8,0%,1,76.7500,12.5%,1,68000,68000020
2016年全年度,1532021374,長慎醫院,3,0.0000,8.0000,8,0%,1,76.7500,12.5%,1,68000,68000020
2025年上半年度,1532021418,天祥醫院,3,0.0000,4.0000,4,0%,2,64.5000,0%,0,68000,68000020
2011年上半年度,1532040039,天成醫院,3,0,8,8,0%,3,69.625,25%,2,68000,68000040
2011年全年度,1532040039,天成醫院,3,0,21,18,0%,3,71.3888,16.66%,3,68000,68000040
2012年上半年度,1532040039,天成醫院,3,0,8,8,0%,3,71.75,12.50%,1,68000,68000040
2012年全年度,1532040039,天成醫院,3,0,31,30,0%,3,71.7666,13.33%,4,68000,68000040
2013年上半年度,1532040039,天成醫院,3,0,13,13,0%,3,70,7.69%,1,68000,68000040
2013年全年度,1532040039,天成醫院,3,0,26,26,0%,3,69.8461,7.69%,2,68000,68000040
2014年上半年度,1532040039,天成醫院,3,1,10,10,10%,3,71.1,30%,3,68000,68000040
2014年全年度,1532040039,天成醫院,3,1.0000,22.0000,22,4.55%,4,68.7272,13.64%,3,68000,68000040
2015年上半年度,1532040039,天成醫院,3,0.0000,11.0000,11,0%,3,70.5454,0%,0,68000,68000040
2015年全年度,1532040039,天成醫院,3,0.0000,26.0000,25,0%,3,68.9200,4%,1,68000,68000040
2016年上半年度,1532040039,天成醫院,3,0.0000,18.0000,18,0%,3,70.6666,16.67%,3,68000,68000040
2016年全年度,1532040039,天成醫院,3,0.0000,31.0000,30,0%,3,73.1000,16.67%,5,68000,68000040
2017年上半年度,1532040039,天成醫院,3,0.0000,7.0000,7,0%,2,67.4285,0%,0,68000,68000040
2017年全年度,1532040039,天成醫院,3,0.0000,18.0000,18,0%,2,69.3333,0%,0,68000,68000040
2018年上半年度,1532040039,天成醫院,3,0.0000,29.0000,28,0%,3,72.0000,7.14%,2,68000,68000040
2018年全年度,1532040039,天成醫院,3,0.0000,69.0000,67,0%,3,72.9850,7.46%,5,68000,68000040
2019年上半年度,1532040039,天成醫院,3,1.0000,32.0000,32,3.13%,3,72.0000,6.25%,2,68000,68000040
2019年全年度,1532040039,天成醫院,3,1.0000,74.0000,70,1.35%,3,71.2285,10%,7,68000,68000040
2020年上半年度,1532040039,天成醫院,3,0.0000,21.0000,21,0%,3,74.1904,4.76%,1,68000,68000040
2020年全年度,1532040039,天成醫院,3,0.0000,57.0000,56,0%,3,73.1964,10.71%,6,68000,68000040
2021年上半年度,1532040039,天成醫院,3,0.0000,30.0000,30,0%,3,72.7000,0%,0,68000,68000040
2021年全年度,1532040039,天成醫院,3,0.0000,57.0000,56,0%,3,73.3928,3.57%,2,68000,68000040
2022年上半年度,1532040039,天成醫院,3,0.0000,29.0000,28,0%,4,69.0357,3.57%,1,68000,68000040
2022年全年度,1532040039,天成醫院,3,1.0000,65.0000,63,1.54%,4,72.8095,6.35%,4,68000,68000040
2023年上半年度,1532040039,天成醫院,3,0.0000,21.0000,21,0%,4,72.7619,14.29%,3,68000,68000040
2023年全年度,1532040039,天成醫院,3,0.0000,47.0000,47,0%,4,73.4042,8.51%,4,68000,68000040
2024年上半年度,1532040039,天成醫院,3,0.0000,28.0000,27,0%,3,73.7037,11.11%,3,68000,68000040
2024年全年度,1532040039,天成醫院,3,0.0000,58.0000,55,0%,3,72.6181,12.73%,7,68000,68000040
2025年上半年度,1532040039,天成醫院,3,0.0000,23.0000,23,0%,3,69.8695,8.7%,2,68000,68000040
2006年全年度,1532040039,天成醫院,3,0,6,6,0%,3,75.8333,33.33%,2,68000,68000040
2007年全年度,1532040039,天成醫院,3,0,11,10,0%,3,73,0%,0,68000,68000040
2008年全年度,1532040039,天成醫院,3,0,13,12,0%,4,75.5833,0%,0,68000,68000040
2009年全年度,1532040039,天成醫院,3,0,12,12,0%,3,70.0833,16.66%,2,68000,68000040
2010年全年度,1532040039,天成醫院,3,0,13,12,0%,3,70.3333,0%,0,68000,68000040
2011年上半年度,1532040066,怡仁綜合醫院,3,0,12,12,0%,1,74.5,16.66%,2,68000,68000040
2011年全年度,1532040066,怡仁綜合醫院,3,0,30,30,0%,2,73.4666,13.33%,4,68000,68000040
2012年上半年度,1532040066,怡仁綜合醫院,3,0,12,11,0%,1,68.2727,9.09%,1,68000,68000040
2012年全年度,1532040066,怡仁綜合醫院,3,0,34,33,0%,2,70.2121,12.12%,4,68000,68000040
2013年上半年度,1532040066,怡仁綜合醫院,3,0,11,11,0%,2,74.1818,0%,0,68000,68000040
2013年全年度,1532040066,怡仁綜合醫院,3,0,31,31,0%,2,73.387,12.90%,4,68000,68000040
2014年上半年度,1532040066,怡仁綜合醫院,3,0,15,14,0%,1,67.5714,14.29%,2,68000,68000040
2014年全年度,1532040066,怡仁綜合醫院,3,0.0000,35.0000,31,0%,2,67.4838,12.9%,4,68000,68000040
2015年上半年度,1532040066,怡仁綜合醫院,3,1.0000,24.0000,24,4.17%,3,68.9583,4.17%,1,68000,68000040
2015年全年度,1532040066,怡仁綜合醫院,3,1.0000,49.0000,46,2.04%,3,69.8478,13.04%,6,68000,68000040
2016年上半年度,1532040066,怡仁綜合醫院,3,0.0000,24.0000,23,0%,3,72.4782,8.7%,2,68000,68000040
2016年全年度,1532040066,怡仁綜合醫院,3,0.0000,46.0000,45,0%,3,71.7333,4.44%,2,68000,68000040
2017年上半年度,1532040066,怡仁綜合醫院,3,0.0000,19.0000,19,0%,2,69.4736,10.53%,2,68000,68000040
2017年全年度,1532040066,怡仁綜合醫院,3,0.0000,52.0000,50,0%,2,69.0200,12%,6,68000,68000040
2018年上半年度,1532040066,怡仁綜合醫院,3,0.0000,2.0000,2,0%,2,59.0000,0%,0,68000,68000040
2018年全年度,1532040066,怡仁綜合醫院,3,0.0000,4.0000,4,0%,2,65.0000,0%,0,68000,68000040
2019年上半年度,1532040066,怡仁綜合醫院,3,0.0000,3.0000,3,0%,1,75.3333,0%,0,68000,68000040
2019年全年度,1532040066,怡仁綜合醫院,3,0.0000,8.0000,8,0%,2,68.7500,0%,0,68000,68000040
2020年上半年度,1532040066,怡仁綜合醫院,3,0.0000,4.0000,4,0%,1,74.0000,0%,0,68000,68000040
2020年全年度,1532040066,怡仁綜合醫院,3,0.0000,6.0000,6,0%,1,73.3333,0%,0,68000,68000040
2022年上半年度,1532040066,怡仁綜合醫院,3,0.0000,3.0000,3,0%,1,75.3333,0%,0,68000,68000040
2022年全年度,1532040066,怡仁綜合醫院,3,0.0000,4.0000,4,0%,1,73.2500,0%,0,68000,68000040
2023年上半年度,1532040066,怡仁綜合醫院,3,0.0000,1.0000,1,0%,1,54.0000,0%,0,68000,68000040
2023年全年度,1532040066,怡仁綜合醫院,3,0.0000,2.0000,2,0%,1,63.5000,0%,0,68000,68000040
2024年上半年度,1532040066,怡仁綜合醫院,3,0.0000,1.0000,1,0%,1,82.0000,0%,0,68000,68000040
2024年全年度,1532040066,怡仁綜合醫院,3,0.0000,1.0000,1,0%,1,82.0000,0%,0,68000,68000040
2006年全年度,1532040066,怡仁綜合醫院,3,0,21,20,0%,2,71.65,10%,2,68000,68000040
2007年全年度,1532040066,怡仁綜合醫院,3,0,32,29,0%,2,72.5172,3.44%,1,68000,68000040
2008年全年度,1532040066,怡仁綜合醫院,3,0,21,20,0%,2,67.35,5%,1,68000,68000040
2009年全年度,1532040066,怡仁綜合醫院,3,0,32,30,0%,2,71.2333,3.33%,1,68000,68000040
2010年全年度,1532040066,怡仁綜合醫院,3,0,20,18,0%,3,71.8888,11.11%,2,68000,68000040
2006年全年度,1532061065,大園敏盛醫院,3,0,5,5,0%,1,68.8,20%,1,68000,68000060
2007年全年度,1532061065,大園敏盛醫院,3,0,14,14,0%,1,71.6428,0%,0,68000,68000060
2008年全年度,1532061065,大園敏盛醫院,3,0,2,2,0%,2,71,0%,0,68000,68000060
2009年全年度,1532061065,大園敏盛醫院,3,0,2,2,0%,1,75,0%,0,68000,68000060
2013年上半年度,1532091081,龍潭敏盛醫院,3,0,2,2,0%,1,78.5,0%,0,68000,68000090
2013年全年度,1532091081,龍潭敏盛醫院,3,0,6,6,0%,1,70.6666,0%,0,68000,68000090
2014年上半年度,1532091081,龍潭敏盛醫院,3,0,1,1,0%,1,73,0%,0,68000,68000090
2014年全年度,1532091081,龍潭敏盛醫院,3,0.0000,1.0000,1,0%,1,73.0000,0%,0,68000,68000090
2015年全年度,1532091081,龍潭敏盛醫院,3,0.0000,2.0000,2,0%,2,75.5000,0%,0,68000,68000090
2016年上半年度,1532091081,龍潭敏盛醫院,3,0.0000,3.0000,3,0%,1,79.3333,0%,0,68000,68000090
2016年全年度,1532091081,龍潭敏盛醫院,3,0.0000,7.0000,7,0%,1,73.1428,28.57%,2,68000,68000090
2017年上半年度,1532091081,龍潭敏盛醫院,3,0.0000,2.0000,2,0%,1,65.5000,0%,0,68000,68000090
2017年全年度,1532091081,龍潭敏盛醫院,3,0.0000,4.0000,4,0%,2,65.7500,0%,0,68000,68000090
2018年上半年度,1532091081,龍潭敏盛醫院,3,0.0000,3.0000,3,0%,2,76.6666,0%,0,68000,68000090
2018年全年度,1532091081,龍潭敏盛醫院,3,0.0000,3.0000,3,0%,2,76.6666,0%,0,68000,68000090
2019年上半年度,1532091081,龍潭敏盛醫院,3,0.0000,2.0000,2,0%,2,68.0000,0%,0,68000,68000090
2019年全年度,1532091081,龍潭敏盛醫院,3,0.0000,9.0000,9,0%,2,68.7777,11.11%,1,68000,68000090
2020年上半年度,1532091081,龍潭敏盛醫院,3,0.0000,1.0000,1,0%,1,82.0000,100%,1,68000,68000090
2020年全年度,1532091081,龍潭敏盛醫院,3,0.0000,1.0000,1,0%,1,82.0000,100%,1,68000,68000090
2022年全年度,1532091081,龍潭敏盛醫院,3,0.0000,1.0000,1,0%,1,50.0000,0%,0,68000,68000090
2023年上半年度,1532091081,龍潭敏盛醫院,3,0.0000,1.0000,1,0%,1,63.0000,0%,0,68000,68000090
2023年全年度,1532091081,龍潭敏盛醫院,3,0.0000,1.0000,1,0%,1,63.0000,0%,0,68000,68000090
2011年上半年度,1532100049,聯新國際醫院,2,0,15,15,0%,3,70.8,6.66%,1,68000,68000100
2011年全年度,1532100049,聯新國際醫院,2,0,31,28,0%,3,70.7857,3.57%,1,68000,68000100
2012年上半年度,1532100049,聯新國際醫院,2,0,15,15,0%,3,71.4666,6.66%,1,68000,68000100
2012年全年度,1532100049,聯新國際醫院,2,0,37,35,0%,4,71.8,5.71%,2,68000,68000100
2013年上半年度,1532100049,聯新國際醫院,2,0,15,15,0%,4,70.0666,6.67%,1,68000,68000100
2013年全年度,1532100049,聯新國際醫院,2,1,35,33,2.86%,4,69.9393,3.03%,1,68000,68000100
2014年上半年度,1532100049,聯新國際醫院,2,0,14,14,0%,3,71.2857,7.14%,1,68000,68000100
2014年全年度,1532100049,聯新國際醫院,2,0.0000,29.0000,29,0%,5,71.9655,6.9%,2,68000,68000100
2015年上半年度,1532100049,聯新國際醫院,2,0.0000,19.0000,18,0%,5,70.2222,16.67%,3,68000,68000100
2015年全年度,1532100049,聯新國際醫院,2,0.0000,51.0000,47,0%,5,70.8723,8.51%,4,68000,68000100
2016年上半年度,1532100049,聯新國際醫院,2,1.0000,34.0000,34,2.94%,5,72.4411,11.76%,4,68000,68000100
2016年全年度,1532100049,聯新國際醫院,2,1.0000,65.0000,64,1.54%,5,71.1875,10.94%,7,68000,68000100
2017年上半年度,1532100049,聯新國際醫院,2,0.0000,30.0000,30,0%,5,71.9000,26.67%,8,68000,68000100
2017年全年度,1532100049,聯新國際醫院,2,0.0000,58.0000,54,0%,5,72.6481,20.37%,11,68000,68000100
2018年上半年度,1532100049,聯新國際醫院,2,0.0000,28.0000,26,0%,5,72.0000,26.92%,7,68000,68000100
2018年全年度,1532100049,聯新國際醫院,2,0.0000,66.0000,62,0%,5,72.3709,17.74%,11,68000,68000100
2019年上半年度,1532100049,聯新國際醫院,2,0.0000,36.0000,36,0%,5,72.3333,2.78%,1,68000,68000100
2019年全年度,1532100049,聯新國際醫院,2,0.0000,62.0000,61,0%,5,73.1311,8.2%,5,68000,68000100
2020年上半年度,1532100049,聯新國際醫院,2,0.0000,21.0000,21,0%,5,70.6190,4.76%,1,68000,68000100
2020年全年度,1532100049,聯新國際醫院,2,0.0000,55.0000,53,0%,8,71.6603,11.32%,6,68000,68000100
2021年上半年度,1532100049,聯新國際醫院,2,0.0000,26.0000,25,0%,4,67.0000,4%,1,68000,68000100
2021年全年度,1532100049,聯新國際醫院,2,0.0000,59.0000,55,0%,6,66.8909,9.09%,5,68000,68000100
2022年上半年度,1532100049,聯新國際醫院,2,0.0000,17.0000,17,0%,5,69.4705,5.88%,1,68000,68000100
2022年全年度,1532100049,聯新國際醫院,2,0.0000,43.0000,43,0%,6,72.4418,16.28%,7,68000,68000100
2023年上半年度,1532100049,聯新國際醫院,2,1.0000,29.0000,29,3.45%,5,68.8620,13.79%,4,68000,68000100
2023年全年度,1532100049,聯新國際醫院,2,2.0000,72.0000,68,2.78%,5,68.8382,11.76%,8,68000,68000100
2024年上半年度,1532100049,聯新國際醫院,2,0.0000,33.0000,33,0%,7,70.5757,9.09%,3,68000,68000100
2024年全年度,1532100049,聯新國際醫院,2,0.0000,66.0000,64,0%,9,68.9062,10.94%,7,68000,68000100
2025年上半年度,1532100049,聯新國際醫院,2,0.0000,49.0000,46,0%,10,71.7608,17.39%,8,68000,68000100
2006年全年度,1532100049,聯新國際醫院,2,0,21,20,0%,3,71.25,5%,1,68000,68000100
2007年全年度,1532100049,聯新國際醫院,2,2,32,32,6.25%,4,72.1875,3.12%,1,68000,68000100
2008年全年度,1532100049,聯新國際醫院,2,1,32,32,3.12%,3,73.7812,3.12%,1,68000,68000100
2009年全年度,1532100049,聯新國際醫院,2,2,26,26,7.69%,2,69.6538,0%,0,68000,68000100
2010年全年度,1532100049,聯新國際醫院,2,0,28,27,0%,4,70.5555,7.40%,2,68000,68000100
2011年全年度,1532101091,陽明醫院,3,0,1,1,0%,1,69,0%,0,68000,68000100
2008年全年度,1532101091,陽明醫院,3,0,1,1,0%,1,72,0%,0,68000,68000100
2011年上半年度,1533051063,大安醫院,3,0,3,3,0%,1,67.3333,0%,0,10004,10004010
2011年全年度,1533051063,大安醫院,3,0,9,9,0%,1,70,22.22%,2,10004,10004010
2012年上半年度,1533051063,大安醫院,3,0,6,6,0%,1,72.8333,33.33%,2,10004,10004010
2012年全年度,1533051063,大安醫院,3,0,12,12,0%,1,68.9166,33.33%,4,10004,10004010
2013年上半年度,1533051063,大安醫院,3,0,6,6,0%,1,73.1666,16.67%,1,10004,10004010
2013年全年度,1533051063,大安醫院,3,0,18,18,0%,1,73.8888,11.11%,2,10004,10004010
2014年上半年度,1533051063,大安醫院,3,0,8,8,0%,1,70.125,0%,0,10004,10004010
2014年全年度,1533051063,大安醫院,3,0.0000,14.0000,13,0%,1,71.0000,0%,0,10004,10004010
2015年上半年度,1533051063,大安醫院,3,0.0000,10.0000,10,0%,1,69.3000,0%,0,10004,10004010
2015年全年度,1533051063,大安醫院,3,0.0000,19.0000,18,0%,1,69.9444,11.11%,2,10004,10004010
2016年上半年度,1533051063,大安醫院,3,0.0000,11.0000,8,0%,1,69.7500,25%,2,10004,10004010
2016年全年度,1533051063,大安醫院,3,0.0000,23.0000,19,0%,1,67.9473,15.79%,3,10004,10004010
2017年上半年度,1533051063,大安醫院,3,0.0000,4.0000,4,0%,1,66.7500,0%,0,10004,10004010
2017年全年度,1533051063,大安醫院,3,0.0000,8.0000,8,0%,1,69.0000,0%,0,10004,10004010
2018年上半年度,1533051063,大安醫院,3,0.0000,3.0000,3,0%,1,66.0000,33.33%,1,10004,10004010
2018年全年度,1533051063,大安醫院,3,0.0000,11.0000,9,0%,1,67.6666,11.11%,1,10004,10004010
2019年上半年度,1533051063,大安醫院,3,0.0000,2.0000,2,0%,1,75.0000,0%,0,10004,10004010
2019年全年度,1533051063,大安醫院,3,0.0000,8.0000,7,0%,1,72.0000,14.29%,1,10004,10004010
2020年上半年度,1533051063,大安醫院,3,0.0000,5.0000,5,0%,1,66.6000,0%,0,10004,10004010
2020年全年度,1533051063,大安醫院,3,0.0000,8.0000,8,0%,1,66.5000,0%,0,10004,10004010
2021年上半年度,1533051063,大安醫院,3,0.0000,2.0000,2,0%,1,75.5000,0%,0,10004,10004010
2021年全年度,1533051063,大安醫院,3,0.0000,5.0000,5,0%,1,71.4000,0%,0,10004,10004010
2022年全年度,1533051063,大安醫院,3,0.0000,3.0000,3,0%,1,72.3333,0%,0,10004,10004010
2023年上半年度,1533051063,大安醫院,3,0.0000,2.0000,2,0%,1,63.5000,0%,0,10004,10004010
2023年全年度,1533051063,大安醫院,3,0.0000,5.0000,5,0%,1,69.2000,20%,1,10004,10004010
2024年上半年度,1533051063,大安醫院,3,0.0000,3.0000,3,0%,1,72.0000,0%,0,10004,10004010
2024年全年度,1533051063,大安醫院,3,0.0000,4.0000,4,0%,1,72.2500,0%,0,10004,10004010
2025年上半年度,1533051063,大安醫院,3,0.0000,2.0000,2,0%,1,76.0000,0%,0,10004,10004010
2006年全年度,1533051063,大安醫院,3,0,10,9,0%,2,71.6666,11.11%,1,10004,10004010
2007年全年度,1533051063,大安醫院,3,0,26,23,0%,1,69.0869,0%,0,10004,10004010
2008年全年度,1533051063,大安醫院,3,0,19,19,0%,1,71.2105,5.26%,1,10004,10004010
2009年全年度,1533051063,大安醫院,3,0,25,24,0%,1,70.5833,4.16%,1,10004,10004010
2010年全年度,1533051063,大安醫院,3,0,17,17,0%,1,68.647,17.64%,3,10004,10004010
2012年全年度,1535010024,協和醫院,3,0,1,1,0%,1,72,100%,1,10005,10005010
2013年上半年度,1535010024,協和醫院,3,0,1,1,0%,1,73,0%,0,10005,10005010
2013年全年度,1535010024,協和醫院,3,0,1,1,0%,1,73,0%,0,10005,10005010
2016年上半年度,1535010024,協和醫院,3,0.0000,1.0000,1,0%,1,79.0000,0%,0,10005,10005010
2016年全年度,1535010024,協和醫院,3,0.0000,1.0000,1,0%,1,79.0000,0%,0,10005,10005010
2022年上半年度,1535010024,協和醫院,3,0.0000,1.0000,1,0%,1,60.0000,0%,0,10005,10005010
2022年全年度,1535010024,協和醫院,3,0.0000,1.0000,1,0%,1,60.0000,0%,0,10005,10005010
2024年全年度,1535010024,協和醫院,3,0.0000,1.0000,1,0%,1,73.0000,0%,0,10005,10005010
2011年上半年度,1535010051,大千綜合醫院,3,0,9,9,0%,3,71.8888,11.11%,1,10005,10005010
2011年全年度,1535010051,大千綜合醫院,3,0,30,28,0%,3,70.8928,14.28%,4,10005,10005010
2012年上半年度,1535010051,大千綜合醫院,3,0,19,19,0%,3,72.421,5.26%,1,10005,10005010
2012年全年度,1535010051,大千綜合醫院,3,0,43,43,0%,3,71.9069,6.98%,3,10005,10005010
2013年上半年度,1535010051,大千綜合醫院,3,0,19,19,0%,3,68.7368,15.79%,3,10005,10005010
2013年全年度,1535010051,大千綜合醫院,3,0,41,41,0%,3,70.0487,19.51%,8,10005,10005010
2014年上半年度,1535010051,大千綜合醫院,3,0,21,21,0%,2,71.4285,9.52%,2,10005,10005010
2014年全年度,1535010051,大千綜合醫院,3,0.0000,52.0000,50,0%,3,71.5400,16%,8,10005,10005010
2015年上半年度,1535010051,大千綜合醫院,3,0.0000,24.0000,23,0%,3,74.1739,0%,0,10005,10005010
2015年全年度,1535010051,大千綜合醫院,3,0.0000,47.0000,44,0%,4,71.1818,2.27%,1,10005,10005010
2016年上半年度,1535010051,大千綜合醫院,3,0.0000,42.0000,40,0%,4,73.1250,15%,6,10005,10005010
2016年全年度,1535010051,大千綜合醫院,3,1.0000,71.0000,67,1.41%,4,73.4477,16.42%,11,10005,10005010
2017年上半年度,1535010051,大千綜合醫院,3,0.0000,38.0000,37,0%,4,73.5675,8.11%,3,10005,10005010
2017年全年度,1535010051,大千綜合醫院,3,0.0000,73.0000,70,0%,4,72.6428,12.86%,9,10005,10005010
2018年上半年度,1535010051,大千綜合醫院,3,0.0000,24.0000,22,0%,3,72.5454,18.18%,4,10005,10005010
2018年全年度,1535010051,大千綜合醫院,3,0.0000,55.0000,52,0%,4,72.6730,11.54%,6,10005,10005010
2019年上半年度,1535010051,大千綜合醫院,3,0.0000,44.0000,44,0%,4,72.4090,20.45%,9,10005,10005010
2019年全年度,1535010051,大千綜合醫院,3,1.0000,90.0000,87,1.11%,4,72.4367,19.54%,17,10005,10005010
2020年上半年度,1535010051,大千綜合醫院,3,0.0000,20.0000,20,0%,3,69.8000,5%,1,10005,10005010
2020年全年度,1535010051,大千綜合醫院,3,0.0000,58.0000,58,0%,4,72.2068,18.97%,11,10005,10005010
2021年上半年度,1535010051,大千綜合醫院,3,0.0000,33.0000,33,0%,4,74.3939,18.18%,6,10005,10005010
2021年全年度,1535010051,大千綜合醫院,3,0.0000,64.0000,62,0%,4,72.2419,16.13%,10,10005,10005010
2022年上半年度,1535010051,大千綜合醫院,3,0.0000,16.0000,16,0%,4,69.5000,12.5%,2,10005,10005010
2022年全年度,1535010051,大千綜合醫院,3,0.0000,46.0000,45,0%,4,70.0000,15.56%,7,10005,10005010
2023年上半年度,1535010051,大千綜合醫院,3,0.0000,32.0000,32,0%,6,68.0312,31.25%,10,10005,10005010
2023年全年度,1535010051,大千綜合醫院,3,0.0000,78.0000,76,0%,6,69.7500,19.74%,15,10005,10005010
2024年上半年度,1535010051,大千綜合醫院,3,0.0000,25.0000,24,0%,5,70.8333,8.33%,2,10005,10005010
2024年全年度,1535010051,大千綜合醫院,3,1.0000,59.0000,57,1.69%,5,71.5438,21.05%,12,10005,10005010
2025年上半年度,1535010051,大千綜合醫院,3,0.0000,30.0000,29,0%,4,69.0344,6.9%,2,10005,10005010
2006年全年度,1535010051,大千綜合醫院,3,0,6,6,0%,1,72.8333,16.66%,1,10005,10005010
2007年全年度,1535010051,大千綜合醫院,3,1,19,17,5.26%,3,71.9411,17.64%,3,10005,10005010
2008年全年度,1535010051,大千綜合醫院,3,0,15,14,0%,3,68.2142,7.14%,1,10005,10005010
2009年全年度,1535010051,大千綜合醫院,3,0,24,24,0%,3,69.7083,12.50%,3,10005,10005010
2010年全年度,1535010051,大千綜合醫院,3,0,18,16,0%,2,68.5625,6.25%,1,10005,10005010
2012年全年度,1535031041,通霄光田醫院,3,0,2,2,0%,1,62,0%,0,10005,10005030
2013年上半年度,1535031041,通霄光田醫院,3,0,2,2,0%,1,66.5,0%,0,10005,10005030
2013年全年度,1535031041,通霄光田醫院,3,0,4,4,0%,1,73,0%,0,10005,10005030
2015年上半年度,1535031041,通霄光田醫院,3,0.0000,3.0000,2,0%,1,69.5000,0%,0,10005,10005030
2015年全年度,1535031041,通霄光田醫院,3,0.0000,3.0000,2,0%,1,69.5000,0%,0,10005,10005030
2012年上半年度,1535040068,慈祐醫院,3,0,20,19,0%,1,70.3157,5.26%,1,10005,10005040
2012年全年度,1535040068,慈祐醫院,3,0,37,32,0%,1,69.0625,6.25%,2,10005,10005040
2013年上半年度,1535040068,慈祐醫院,3,0,19,18,0%,2,73.5555,22.22%,4,10005,10005040
2013年全年度,1535040068,慈祐醫院,3,0,33,32,0%,2,72,15.63%,5,10005,10005040
2014年上半年度,1535040068,慈祐醫院,3,0,20,20,0%,1,68.95,10%,2,10005,10005040
2014年全年度,1535040068,慈祐醫院,3,0.0000,37.0000,35,0%,1,69.1428,14.29%,5,10005,10005040
2015年上半年度,1535040068,慈祐醫院,3,0.0000,14.0000,14,0%,2,72.7142,0%,0,10005,10005040
2015年全年度,1535040068,慈祐醫院,3,0.0000,37.0000,35,0%,2,72.4857,5.71%,2,10005,10005040
2016年上半年度,1535040068,慈祐醫院,3,0.0000,7.0000,7,0%,1,67.2857,14.29%,1,10005,10005040
2016年全年度,1535040068,慈祐醫院,3,0.0000,23.0000,23,0%,2,71.1304,4.35%,1,10005,10005040
2017年上半年度,1535040068,慈祐醫院,3,0.0000,11.0000,10,0%,1,71.1000,10%,1,10005,10005040
2017年全年度,1535040068,慈祐醫院,3,0.0000,18.0000,17,0%,1,71.8823,11.76%,2,10005,10005040
2018年上半年度,1535040068,慈祐醫院,3,0.0000,16.0000,16,0%,1,69.8750,6.25%,1,10005,10005040
2018年全年度,1535040068,慈祐醫院,3,0.0000,26.0000,25,0%,1,70.2400,8%,2,10005,10005040
2019年上半年度,1535040068,慈祐醫院,3,0.0000,11.0000,11,0%,1,72.3636,0%,0,10005,10005040
2019年全年度,1535040068,慈祐醫院,3,0.0000,23.0000,21,0%,1,70.3809,4.76%,1,10005,10005040
2020年上半年度,1535040068,慈祐醫院,3,0.0000,3.0000,3,0%,1,73.3333,0%,0,10005,10005040
2020年全年度,1535040068,慈祐醫院,3,0.0000,13.0000,13,0%,1,70.3846,23.08%,3,10005,10005040
2021年上半年度,1535040068,慈祐醫院,3,0.0000,12.0000,12,0%,1,71.5000,8.33%,1,10005,10005040
2021年全年度,1535040068,慈祐醫院,3,0.0000,20.0000,19,0%,1,71.7368,5.26%,1,10005,10005040
2022年上半年度,1535040068,慈祐醫院,3,0.0000,7.0000,7,0%,1,71.4285,0%,0,10005,10005040
2022年全年度,1535040068,慈祐醫院,3,0.0000,18.0000,18,0%,1,72.5000,0%,0,10005,10005040
2023年上半年度,1535040068,慈祐醫院,3,0.0000,5.0000,5,0%,1,67.6000,20%,1,10005,10005040
2023年全年度,1535040068,慈祐醫院,3,0.0000,11.0000,11,0%,1,68.5454,9.09%,1,10005,10005040
2024年上半年度,1535040068,慈祐醫院,3,0.0000,6.0000,6,0%,2,75.5000,33.33%,2,10005,10005040
2024年全年度,1535040068,慈祐醫院,3,0.0000,10.0000,9,0%,3,73.1111,33.33%,3,10005,10005040
2025年上半年度,1535040068,慈祐醫院,3,0.0000,12.0000,11,0%,1,70.7272,9.09%,1,10005,10005040
2006年全年度,1535040068,慈祐醫院,3,0,1,1,0%,1,69,0%,0,10005,10005040
2007年全年度,1535040068,慈祐醫院,3,0,2,2,0%,2,76,0%,0,10005,10005040
2011年上半年度,1535040086,大眾醫院,3,0,11,11,0%,2,69.8181,9.09%,1,10005,10005040
2011年全年度,1535040086,大眾醫院,3,0,25,24,0%,2,69.4166,8.33%,2,10005,10005040
2012年上半年度,1535040086,大眾醫院,3,0,2,2,0%,2,69.5,0%,0,10005,10005040
2012年全年度,1535040086,大眾醫院,3,0,4,4,0%,4,67.25,0%,0,10005,10005040
2013年全年度,1535040086,大眾醫院,3,0,1,1,0%,1,77,0%,0,10005,10005040
2014年上半年度,1535040086,大眾醫院,3,0,2,2,0%,1,81,0%,0,10005,10005040
2014年全年度,1535040086,大眾醫院,3,0.0000,4.0000,4,0%,1,76.2500,0%,0,10005,10005040
2015年全年度,1535040086,大眾醫院,3,0.0000,1.0000,1,0%,1,75.0000,0%,0,10005,10005040
2016年全年度,1535040086,大眾醫院,3,0.0000,1.0000,1,0%,1,61.0000,0%,0,10005,10005040
2018年上半年度,1535040086,大眾醫院,3,0.0000,1.0000,1,0%,1,70.0000,0%,0,10005,10005040
2018年全年度,1535040086,大眾醫院,3,0.0000,1.0000,1,0%,1,70.0000,0%,0,10005,10005040
2006年全年度,1535040086,大眾醫院,3,0,21,19,0%,1,71.0526,5.26%,1,10005,10005040
2007年全年度,1535040086,大眾醫院,3,0,28,24,0%,1,73.5,0%,0,10005,10005040
2008年全年度,1535040086,大眾醫院,3,0,39,37,0%,1,71.7837,5.40%,2,10005,10005040
2009年全年度,1535040086,大眾醫院,3,0,36,31,0%,1,69,9.67%,3,10005,10005040
2010年全年度,1535040086,大眾醫院,3,0,44,41,0%,1,72.9024,12.19%,5,10005,10005040
2011年上半年度,1535051178,重光醫院,3,0,1,1,0%,1,57,0%,0,10005,10005050
2011年全年度,1535051178,重光醫院,3,0,3,2,0%,1,66.5,0%,0,10005,10005050
2012年上半年度,1535051178,重光醫院,3,0,1,1,0%,1,75,0%,0,10005,10005050
2012年全年度,1535051178,重光醫院,3,0,2,2,0%,2,76,0%,0,10005,10005050
2013年上半年度,1535051178,重光醫院,3,0,1,1,0%,1,69,100%,1,10005,10005050
2013年全年度,1535051178,重光醫院,3,0,5,5,0%,1,72.6,20%,1,10005,10005050
2014年全年度,1535051178,重光醫院,3,0.0000,2.0000,2,0%,1,71.5000,0%,0,10005,10005050
2015年上半年度,1535051178,重光醫院,3,0.0000,3.0000,3,0%,1,76.3333,0%,0,10005,10005050
2015年全年度,1535051178,重光醫院,3,0.0000,6.0000,5,0%,1,77.4000,20%,1,10005,10005050
2016年上半年度,1535051178,重光醫院,3,0.0000,1.0000,1,0%,1,82.0000,0%,0,10005,10005050
2016年全年度,1535051178,重光醫院,3,0.0000,3.0000,3,0%,1,67.0000,0%,0,10005,10005050
2017年上半年度,1535051178,重光醫院,3,0.0000,3.0000,3,0%,1,75.6666,0%,0,10005,10005050
2017年全年度,1535051178,重光醫院,3,0.0000,5.0000,5,0%,1,70.8000,20%,1,10005,10005050
2018年上半年度,1535051178,重光醫院,3,0.0000,3.0000,3,0%,1,78.0000,0%,0,10005,10005050
2018年全年度,1535051178,重光醫院,3,0.0000,7.0000,6,0%,2,77.0000,0%,0,10005,10005050
2019年上半年度,1535051178,重光醫院,3,1.0000,1.0000,1,100%,1,72.0000,0%,0,10005,10005050
2019年全年度,1535051178,重光醫院,3,1.0000,2.0000,2,50%,1,71.5000,0%,0,10005,10005050
2020年全年度,1535051178,重光醫院,3,0.0000,3.0000,3,0%,1,69.0000,66.67%,2,10005,10005050
2021年上半年度,1535051178,重光醫院,3,0.0000,2.0000,2,0%,1,75.0000,0%,0,10005,10005050
2021年全年度,1535051178,重光醫院,3,0.0000,3.0000,3,0%,1,67.3333,0%,0,10005,10005050
2022年上半年度,1535051178,重光醫院,3,0.0000,2.0000,2,0%,1,67.5000,0%,0,10005,10005050
2022年全年度,1535051178,重光醫院,3,0.0000,6.0000,5,0%,2,65.2000,20%,1,10005,10005050
2023年上半年度,1535051178,重光醫院,3,0.0000,3.0000,2,0%,1,76.0000,100%,2,10005,10005050
2023年全年度,1535051178,重光醫院,3,0.0000,5.0000,4,0%,1,70.2500,50%,2,10005,10005050
2024年上半年度,1535051178,重光醫院,3,0.0000,2.0000,2,0%,1,75.0000,0%,0,10005,10005050
2024年全年度,1535051178,重光醫院,3,0.0000,6.0000,6,0%,1,73.1666,0%,0,10005,10005050
2025年上半年度,1535051178,重光醫院,3,0.0000,8.0000,8,0%,1,74.1250,50%,4,10005,10005050
2007年全年度,1535051178,重光醫院,3,0,1,1,0%,1,79,0%,0,10005,10005050
2008年全年度,1535051178,重光醫院,3,0,3,2,0%,1,63,0%,0,10005,10005050
2009年全年度,1535051178,重光醫院,3,0,2,2,0%,1,49.5,0%,0,10005,10005050
2010年全年度,1535051178,重光醫院,3,0,1,1,0%,1,75,0%,0,10005,10005050
2009年全年度,1536010046,豐安醫院,3,0,1,1,0%,1,76,0%,0,66000,66000090
2011年上半年度,1536100081,清泉醫院,3,0,2,2,0%,2,60.5,0%,0,66000,66000180
2011年全年度,1536100081,清泉醫院,3,0,3,3,0%,2,61.6666,0%,0,66000,66000180
2012年上半年度,1536100081,清泉醫院,3,0,4,4,0%,2,76.25,0%,0,66000,66000180
2012年全年度,1536100081,清泉醫院,3,0,6,6,0%,2,75.1666,0%,0,66000,66000180
2013年上半年度,1536100081,清泉醫院,3,0,1,1,0%,1,63,0%,0,66000,66000180
2013年全年度,1536100081,清泉醫院,3,0,4,4,0%,2,65,0%,0,66000,66000180
2014年上半年度,1536100081,清泉醫院,3,0,3,3,0%,2,67.3333,0%,0,66000,66000180
2014年全年度,1536100081,清泉醫院,3,0.0000,6.0000,6,0%,3,64.8333,0%,0,66000,66000180
2015年全年度,1536100081,清泉醫院,3,0.0000,7.0000,7,0%,3,72.4285,0%,0,66000,66000180
2016年上半年度,1536100081,清泉醫院,3,0.0000,2.0000,2,0%,1,74.5000,0%,0,66000,66000180
2016年全年度,1536100081,清泉醫院,3,0.0000,6.0000,6,0%,2,73.3333,0%,0,66000,66000180
2017年上半年度,1536100081,清泉醫院,3,0.0000,1.0000,1,0%,1,77.0000,0%,0,66000,66000180
2017年全年度,1536100081,清泉醫院,3,0.0000,2.0000,2,0%,2,72.0000,0%,0,66000,66000180
2018年上半年度,1536100081,清泉醫院,3,0.0000,3.0000,3,0%,1,75.3333,0%,0,66000,66000180
2018年全年度,1536100081,清泉醫院,3,0.0000,11.0000,11,0%,1,76.6363,9.09%,1,66000,66000180
2019年上半年度,1536100081,清泉醫院,3,0.0000,10.0000,10,0%,3,73.9000,0%,0,66000,66000180
2019年全年度,1536100081,清泉醫院,3,0.0000,16.0000,15,0%,3,73.0666,6.67%,1,66000,66000180
2020年上半年度,1536100081,清泉醫院,3,0.0000,4.0000,4,0%,3,68.7500,0%,0,66000,66000180
2020年全年度,1536100081,清泉醫院,3,0.0000,9.0000,9,0%,4,69.6666,11.11%,1,66000,66000180
2021年上半年度,1536100081,清泉醫院,3,0.0000,3.0000,3,0%,2,68.0000,0%,0,66000,66000180
2021年全年度,1536100081,清泉醫院,3,0.0000,8.0000,8,0%,3,69.2500,0%,0,66000,66000180
2022年上半年度,1536100081,清泉醫院,3,0.0000,3.0000,3,0%,3,73.6666,33.33%,1,66000,66000180
2022年全年度,1536100081,清泉醫院,3,0.0000,7.0000,7,0%,3,70.0000,14.29%,1,66000,66000180
2023年上半年度,1536100081,清泉醫院,3,0.0000,8.0000,8,0%,2,69.5000,12.5%,1,66000,66000180
2023年全年度,1536100081,清泉醫院,3,0.0000,12.0000,11,0%,3,69.1818,18.18%,2,66000,66000180
2024年上半年度,1536100081,清泉醫院,3,0.0000,8.0000,8,0%,2,66.6250,0%,0,66000,66000180
2024年全年度,1536100081,清泉醫院,3,0.0000,14.0000,14,0%,3,68.8571,7.14%,1,66000,66000180
2025年上半年度,1536100081,清泉醫院,3,0.0000,5.0000,5,0%,2,69.8000,0%,0,66000,66000180
2006年全年度,1536100081,清泉醫院,3,0,2,2,0%,2,74.5,0%,0,66000,66000180
2007年全年度,1536100081,清泉醫院,3,0,3,3,0%,1,74.6666,0%,0,66000,66000180
2008年全年度,1536100081,清泉醫院,3,0,4,3,0%,2,68.6666,0%,0,66000,66000180
2009年全年度,1536100081,清泉醫院,3,0,8,8,0%,1,72.5,0%,0,66000,66000180
2010年全年度,1536100081,清泉醫院,3,0,7,7,0%,2,70.7142,0%,0,66000,66000180
2014年全年度,1536151042,烏日澄清醫院,3,0.0000,1.0000,1,0%,1,72.0000,0%,0,66000,66000230
2017年全年度,1536151042,烏日澄清醫院,3,0.0000,2.0000,2,0%,1,77.0000,0%,0,66000,66000230
2019年上半年度,1536151042,烏日澄清醫院,3,0.0000,1.0000,1,0%,1,75.0000,0%,0,66000,66000230
2019年全年度,1536151042,烏日澄清醫院,3,0.0000,3.0000,2,0%,1,72.5000,50%,1,66000,66000230
2020年全年度,1536151042,烏日澄清醫院,3,0.0000,2.0000,2,0%,1,76.0000,0%,0,66000,66000230
2006年全年度,1536151042,烏日澄清醫院,3,0,1,1,0%,1,72,0%,0,66000,66000230
2006年全年度,1536181139,本堂澄清醫院,3,0,1,1,0%,1,67,0%,0,66000,66000260
2011年上半年度,1536190076,賢德醫院,3,0,10,9,0%,2,71.3333,0%,0,66000,66000270
2011年全年度,1536190076,賢德醫院,3,0,41,39,0%,2,67.3333,5.12%,2,66000,66000270
2012年上半年度,1536190076,賢德醫院,3,0,9,9,0%,2,71.3333,0%,0,66000,66000270
2012年全年度,1536190076,賢德醫院,3,0,10,10,0%,2,70.8,0%,0,66000,66000270
2013年全年度,1536190076,賢德醫院,3,0,1,1,0%,1,67,0%,0,66000,66000270
2014年全年度,1536190076,賢德醫院,3,0.0000,10.0000,10,0%,2,73.9000,10%,1,66000,66000270
2015年上半年度,1536190076,賢德醫院,3,0.0000,16.0000,15,0%,1,72.2000,0%,0,66000,66000270
2015年全年度,1536190076,賢德醫院,3,0.0000,38.0000,37,0%,2,71.8108,2.7%,1,66000,66000270
2016年上半年度,1536190076,賢德醫院,3,0.0000,3.0000,3,0%,1,70.0000,0%,0,66000,66000270
2016年全年度,1536190076,賢德醫院,3,0.0000,6.0000,6,0%,2,72.3333,16.67%,1,66000,66000270
2017年上半年度,1536190076,賢德醫院,3,0.0000,2.0000,2,0%,1,79.0000,0%,0,66000,66000270
2017年全年度,1536190076,賢德醫院,3,0.0000,2.0000,2,0%,1,79.0000,0%,0,66000,66000270
2018年全年度,1536190076,賢德醫院,3,0.0000,2.0000,2,0%,1,73.0000,0%,0,66000,66000270
2022年上半年度,1536190076,賢德醫院,3,0.0000,1.0000,1,0%,1,74.0000,0%,0,66000,66000270
2022年全年度,1536190076,賢德醫院,3,0.0000,1.0000,1,0%,1,74.0000,0%,0,66000,66000270
2024年上半年度,1536190076,賢德醫院,3,0.0000,16.0000,16,0%,1,71.6875,12.5%,2,66000,66000270
2024年全年度,1536190076,賢德醫院,3,0.0000,74.0000,73,0%,1,72.3698,17.81%,13,66000,66000270
2025年上半年度,1536190076,賢德醫院,3,0.0000,30.0000,30,0%,3,71.3000,16.67%,5,66000,66000270
2006年全年度,1536190076,賢德醫院,3,0,4,4,0%,1,76.75,0%,0,66000,66000270
2007年全年度,1536190076,賢德醫院,3,0,3,3,0%,2,61,33.33%,1,66000,66000270
2008年全年度,1536190076,賢德醫院,3,2,8,6,25%,2,69,0%,0,66000,66000270
2009年全年度,1536190076,賢德醫院,3,0,43,39,0%,3,67.7179,5.12%,2,66000,66000270
2010年全年度,1536190076,賢德醫院,3,0,22,22,0%,2,64.7727,0%,0,66000,66000270
2011年上半年度,1537010040,信生醫院,3,0,12,11,0%,1,69.909,0%,0,10007,10007010
2011年全年度,1537010040,信生醫院,3,0,29,28,0%,1,68.6428,3.57%,1,10007,10007010
2012年上半年度,1537010040,信生醫院,3,0,15,13,0%,1,70.8461,7.69%,1,10007,10007010
2012年全年度,1537010040,信生醫院,3,0,27,25,0%,1,70.76,4%,1,10007,10007010
2013年上半年度,1537010040,信生醫院,3,0,13,13,0%,1,69.0769,7.69%,1,10007,10007010
2013年全年度,1537010040,信生醫院,3,0,25,24,0%,1,68.9166,8.33%,2,10007,10007010
2014年上半年度,1537010040,信生醫院,3,0,13,13,0%,1,64.5384,7.69%,1,10007,10007010
2014年全年度,1537010040,信生醫院,3,0.0000,25.0000,25,0%,1,67.5600,12%,3,10007,10007010
2015年上半年度,1537010040,信生醫院,3,1.0000,8.0000,8,12.5%,1,71.5000,25%,2,10007,10007010
2015年全年度,1537010040,信生醫院,3,1.0000,21.0000,21,4.76%,1,70.0476,19.05%,4,10007,10007010
2016年上半年度,1537010040,信生醫院,3,1.0000,9.0000,9,11.11%,1,72.5555,11.11%,1,10007,10007010
2016年全年度,1537010040,信生醫院,3,1.0000,21.0000,21,4.76%,1,70.4761,4.76%,1,10007,10007010
2017年上半年度,1537010040,信生醫院,3,0.0000,8.0000,8,0%,1,74.7500,0%,0,10007,10007010
2017年全年度,1537010040,信生醫院,3,0.0000,18.0000,17,0%,1,72.5882,0%,0,10007,10007010
2018年上半年度,1537010040,信生醫院,3,1.0000,10.0000,10,10%,1,67.8000,20%,2,10007,10007010
2018年全年度,1537010040,信生醫院,3,1.0000,15.0000,14,6.67%,1,70.2857,28.57%,4,10007,10007010
2019年上半年度,1537010040,信生醫院,3,0.0000,11.0000,11,0%,1,71.0909,9.09%,1,10007,10007010
2019年全年度,1537010040,信生醫院,3,0.0000,17.0000,17,0%,1,71.2941,5.88%,1,10007,10007010
2020年上半年度,1537010040,信生醫院,3,0.0000,9.0000,9,0%,1,70.3333,11.11%,1,10007,10007010
2020年全年度,1537010040,信生醫院,3,0.0000,18.0000,17,0%,1,71.5294,5.88%,1,10007,10007010
2021年上半年度,1537010040,信生醫院,3,0.0000,4.0000,4,0%,1,66.0000,0%,0,10007,10007010
2021年全年度,1537010040,信生醫院,3,0.0000,21.0000,20,0%,1,69.4500,10%,2,10007,10007010
2022年上半年度,1537010040,信生醫院,3,0.0000,9.0000,8,0%,1,70.6250,0%,0,10007,10007010
2022年全年度,1537010040,信生醫院,3,1.0000,19.0000,18,5.26%,1,70.8333,5.56%,1,10007,10007010
2023年上半年度,1537010040,信生醫院,3,1.0000,11.0000,10,9.09%,1,67.5000,20%,2,10007,10007010
2023年全年度,1537010040,信生醫院,3,2.0000,20.0000,18,10%,1,69.5000,16.67%,3,10007,10007010
2024年上半年度,1537010040,信生醫院,3,0.0000,2.0000,2,0%,1,70.0000,0%,0,10007,10007010
2024年全年度,1537010040,信生醫院,3,0.0000,7.0000,7,0%,1,74.5714,0%,0,10007,10007010
2025年上半年度,1537010040,信生醫院,3,0.0000,4.0000,4,0%,1,74.0000,25%,1,10007,10007010
2006年全年度,1537010040,信生醫院,3,0,13,12,0%,1,68.75,0%,0,10007,10007010
2007年全年度,1537010040,信生醫院,3,0,20,19,0%,1,71.8421,5.26%,1,10007,10007010
2008年全年度,1537010040,信生醫院,3,1,35,33,2.85%,1,70.1515,3.03%,1,10007,10007010
2009年全年度,1537010040,信生醫院,3,0,25,24,0%,1,71.9583,0%,0,10007,10007010
2010年全年度,1537010040,信生醫院,3,0,17,17,0%,1,67.2941,11.76%,2,10007,10007010
2011年上半年度,1537040066,卓醫院,3,0,4,4,0%,1,63.5,50%,2,10007,10007190
2011年全年度,1537040066,卓醫院,3,0,6,6,0%,1,64.1666,33.33%,2,10007,10007190
2012年全年度,1537040066,卓醫院,3,0,2,2,0%,1,78,0%,0,10007,10007190
2013年上半年度,1537040066,卓醫院,3,0,2,2,0%,2,77,0%,0,10007,10007190
2013年全年度,1537040066,卓醫院,3,0,3,3,0%,2,75,0%,0,10007,10007190
2014年上半年度,1537040066,卓醫院,3,0,2,2,0%,1,73.5,0%,0,10007,10007190
2014年全年度,1537040066,卓醫院,3,0.0000,3.0000,3,0%,1,72.6666,0%,0,10007,10007190
2015年上半年度,1537040066,卓醫院,3,0.0000,2.0000,2,0%,2,73.0000,0%,0,10007,10007190
2015年全年度,1537040066,卓醫院,3,0.0000,3.0000,3,0%,2,72.3333,0%,0,10007,10007190
2017年上半年度,1537040066,卓醫院,3,0.0000,1.0000,1,0%,1,66.0000,0%,0,10007,10007190
2017年全年度,1537040066,卓醫院,3,0.0000,1.0000,1,0%,1,66.0000,0%,0,10007,10007190
2006年全年度,1537040066,卓醫院,3,0,3,3,0%,1,68.3333,0%,0,10007,10007190
2007年全年度,1537040066,卓醫院,3,0,2,2,0%,1,66.5,0%,0,10007,10007190
2008年全年度,1537040066,卓醫院,3,0,3,3,0%,1,69,0%,0,10007,10007190
2009年全年度,1537040066,卓醫院,3,0,3,3,0%,1,68,33.33%,1,10007,10007190
2010年全年度,1537040066,卓醫院,3,0,5,5,0%,2,65.2,0%,0,10007,10007190
2011年上半年度,1537081085,宋志懿醫院,3,0,2,2,0%,1,65.5,0%,0,10007,10007200
2011年全年度,1537081085,宋志懿醫院,3,0,5,3,0%,1,60.6666,0%,0,10007,10007200
2012年上半年度,1537081085,宋志懿醫院,3,0,4,4,0%,1,70.25,0%,0,10007,10007200
2012年全年度,1537081085,宋志懿醫院,3,0,10,9,0%,1,70.2222,0%,0,10007,10007200
2013年上半年度,1537081085,宋志懿醫院,3,0,5,5,0%,1,69.6,0%,0,10007,10007200
2013年全年度,1537081085,宋志懿醫院,3,0,12,11,0%,1,70.5454,9.09%,1,10007,10007200
2014年上半年度,1537081085,宋志懿醫院,3,0,4,4,0%,1,71.75,25%,1,10007,10007200
2014年全年度,1537081085,宋志懿醫院,3,0.0000,7.0000,7,0%,1,70.8571,14.29%,1,10007,10007200
2015年上半年度,1537081085,宋志懿醫院,3,0.0000,6.0000,6,0%,1,63.5000,0%,0,10007,10007200
2015年全年度,1537081085,宋志懿醫院,3,0.0000,11.0000,10,0%,1,67.5000,0%,0,10007,10007200
2016年上半年度,1537081085,宋志懿醫院,3,0.0000,4.0000,4,0%,1,70.7500,0%,0,10007,10007200
2016年全年度,1537081085,宋志懿醫院,3,0.0000,6.0000,6,0%,1,71.6666,0%,0,10007,10007200
2017年上半年度,1537081085,宋志懿醫院,3,0.0000,7.0000,7,0%,1,70.1428,14.29%,1,10007,10007200
2017年全年度,1537081085,宋志懿醫院,3,0.0000,7.0000,7,0%,1,70.1428,14.29%,1,10007,10007200
2006年全年度,1537081085,宋志懿醫院,3,1,3,3,33.33%,1,68.3333,33.33%,1,10007,10007200
2007年全年度,1537081085,宋志懿醫院,3,0,2,2,0%,1,73.5,0%,0,10007,10007200
2008年全年度,1537081085,宋志懿醫院,3,0,2,2,0%,1,69.5,0%,0,10007,10007200
2009年全年度,1537081085,宋志懿醫院,3,0,6,6,0%,1,70.3333,0%,0,10007,10007200
2010年全年度,1537081085,宋志懿醫院,3,0,5,5,0%,1,69.4,20%,1,10007,10007200
2011年上半年度,1538030037,曾漢棋綜合醫院,3,0,1,1,0%,1,78,0%,0,10008,10008030
2011年全年度,1538030037,曾漢棋綜合醫院,3,0,1,1,0%,1,78,0%,0,10008,10008030
2015年上半年度,1538030037,曾漢棋綜合醫院,3,0.0000,2.0000,2,0%,1,69.5000,0%,0,10008,10008030
2015年全年度,1538030037,曾漢棋綜合醫院,3,0.0000,2.0000,2,0%,1,69.5000,0%,0,10008,10008030
2017年全年度,1538030037,曾漢棋綜合醫院,3,0.0000,1.0000,1,0%,1,74.0000,0%,0,10008,10008030
2018年上半年度,1538030037,曾漢棋綜合醫院,3,0.0000,1.0000,1,0%,1,76.0000,0%,0,10008,10008030
2018年全年度,1538030037,曾漢棋綜合醫院,3,0.0000,1.0000,1,0%,1,76.0000,0%,0,10008,10008030
2006年全年度,1538030037,曾漢棋綜合醫院,3,0,1,1,0%,1,74,0%,0,10008,10008030
2009年全年度,1538030037,曾漢棋綜合醫院,3,0,2,2,0%,1,79.5,0%,0,10008,10008030
2007年全年度,1539010048,洪揚醫院,3,0,1,1,0%,1,73,0%,0,10009,10009010
2008年全年度,1539010048,洪揚醫院,3,0,1,1,0%,1,46,0%,0,10009,10009010
2009年全年度,1539010048,洪揚醫院,3,0,1,1,0%,1,70,0%,0,10009,10009010
2011年上半年度,1539060011,全生醫院,3,0,23,23,0%,2,69.826,0%,0,10009,10009060
2011年全年度,1539060011,全生醫院,3,0,49,47,0%,2,70.1489,4.25%,2,10009,10009060
2012年上半年度,1539060011,全生醫院,3,1,43,43,2.32%,2,68.1395,11.62%,5,10009,10009060
2012年全年度,1539060011,全生醫院,3,1,90,90,1.11%,2,68.7222,8.89%,8,10009,10009060
2013年上半年度,1539061072,北港仁一醫院,3,0,48,48,0%,2,72.6875,10.42%,5,10009,10009060
2013年全年度,1539061072,北港仁一醫院,3,0,94,92,0%,2,70.9891,8.70%,8,10009,10009060
2014年上半年度,1539061072,北港仁一醫院,3,2,76,75,2.63%,2,71.08,10.67%,8,10009,10009060
2014年全年度,1539061072,北港仁一醫院,3,3.0000,137.0000,129,2.19%,2,71.3255,7.75%,10,10009,10009060
2015年上半年度,1539061072,北港仁一醫院,3,0.0000,37.0000,37,0%,2,71.8108,10.81%,4,10009,10009060
2015年全年度,1539061072,北港仁一醫院,3,0.0000,85.0000,83,0%,2,70.7108,10.84%,9,10009,10009060
2016年上半年度,1539061072,北港仁一醫院,3,0.0000,56.0000,56,0%,2,71.4285,10.71%,6,10009,10009060
2016年全年度,1539061072,北港仁一醫院,3,0.0000,113.0000,109,0%,2,71.7522,8.26%,9,10009,10009060
2017年上半年度,1539061072,北港仁一醫院,3,0.0000,66.0000,65,0%,2,71.9692,4.62%,3,10009,10009060
2017年全年度,1539061072,北港仁一醫院,3,0.0000,135.0000,128,0%,2,71.5000,7.03%,9,10009,10009060
2018年上半年度,1539061072,北港仁一醫院,3,1.0000,58.0000,56,1.72%,2,72.8750,10.71%,6,10009,10009060
2018年全年度,1539061072,北港仁一醫院,3,1.0000,116.0000,113,0.86%,2,72.1327,7.96%,9,10009,10009060
2019年上半年度,1539061072,北港仁一醫院,3,1.0000,62.0000,61,1.61%,2,73.0163,11.48%,7,10009,10009060
2019年全年度,1539061072,北港仁一醫院,3,1.0000,98.0000,93,1.02%,2,71.9032,15.05%,14,10009,10009060
2020年上半年度,1539061072,北港仁一醫院,3,0.0000,21.0000,21,0%,2,70.4761,14.29%,3,10009,10009060
2020年全年度,1539061072,北港仁一醫院,3,1.0000,60.0000,60,1.67%,2,70.8500,10%,6,10009,10009060
2021年上半年度,1539061072,北港仁一醫院,3,0.0000,21.0000,21,0%,2,72.1428,4.76%,1,10009,10009060
2021年全年度,1539061072,北港仁一醫院,3,0.0000,63.0000,61,0%,2,71.1967,8.2%,5,10009,10009060
2022年上半年度,1539061072,北港仁一醫院,3,1.0000,32.0000,31,3.13%,2,70.8064,12.9%,4,10009,10009060
2022年全年度,1539061072,北港仁一醫院,3,2.0000,70.0000,66,2.86%,2,71.2272,10.61%,7,10009,10009060
2023年上半年度,1539061072,北港仁一醫院,3,0.0000,33.0000,32,0%,2,70.9687,3.13%,1,10009,10009060
2023年全年度,1539061072,北港仁一醫院,3,0.0000,69.0000,67,0%,2,72.2835,10.45%,7,10009,10009060
2024年上半年度,1539061072,北港仁一醫院,3,0.0000,56.0000,54,0%,2,68.8888,11.11%,6,10009,10009060
2024年全年度,1539061072,北港仁一醫院,3,0.0000,121.0000,115,0%,3,70.4608,17.39%,20,10009,10009060
2025年上半年度,1539061072,北港仁一醫院,3,0.0000,54.0000,54,0%,3,73.2037,7.41%,4,10009,10009060
2011年全年度,1541011126,營新醫院,3,0,1,1,0%,1,83,0%,0,10021,67000010
2012年上半年度,1541011126,營新醫院,3,0,6,6,0%,2,72.1666,16.66%,1,10021,67000010
2012年全年度,1541011126,營新醫院,3,0,18,17,0%,2,71.5882,5.88%,1,10021,67000010
2013年上半年度,1541011126,營新醫院,3,0,8,8,0%,2,74.625,0%,0,10021,67000010
2013年全年度,1541011126,營新醫院,3,0,11,11,0%,2,73.4545,0%,0,10021,67000010
2014年上半年度,1541011126,營新醫院,3,0,2,2,0%,1,72.5,50%,1,10021,67000010
2014年全年度,1541011126,營新醫院,3,0.0000,5.0000,5,0%,1,73.6000,20%,1,10021,67000010
2015年上半年度,1541011126,營新醫院,3,0.0000,3.0000,3,0%,1,79.3333,0%,0,10021,67000010
2015年全年度,1541011126,營新醫院,3,0.0000,3.0000,3,0%,1,79.3333,0%,0,10021,67000010
2016年上半年度,1541011126,營新醫院,3,0.0000,1.0000,1,0%,1,67.0000,0%,0,10021,67000010
2016年全年度,1541011126,營新醫院,3,0.0000,2.0000,2,0%,1,65.0000,50%,1,10021,67000010
2018年上半年度,1541011126,營新醫院,3,0.0000,2.0000,2,0%,1,76.5000,0%,0,10021,67000010
2018年全年度,1541011126,營新醫院,3,0.0000,6.0000,5,0%,1,77.2000,0%,0,10021,67000010
2020年全年度,1541011126,營新醫院,3,0.0000,1.0000,1,0%,1,66.0000,0%,0,10021,67000010
2022年上半年度,1541011126,營新醫院,3,0.0000,1.0000,1,0%,1,60.0000,100%,1,10021,67000010
2022年全年度,1541011126,營新醫院,3,0.0000,1.0000,1,0%,1,60.0000,100%,1,10021,67000010
2023年上半年度,1541011126,營新醫院,3,0.0000,1.0000,1,0%,1,77.0000,0%,0,10021,67000010
2023年全年度,1541011126,營新醫院,3,0.0000,1.0000,1,0%,1,77.0000,0%,0,10021,67000010
2024年上半年度,1541011126,營新醫院,3,0.0000,2.0000,2,0%,1,71.5000,0%,0,10021,67000010
2024年全年度,1541011126,營新醫院,3,0.0000,3.0000,3,0%,1,71.6666,0%,0,10021,67000010
2025年上半年度,1541011126,營新醫院,3,1.0000,6.0000,6,16.67%,1,81.1666,16.67%,1,10021,67000010
2006年全年度,1541011126,營新醫院,3,0,2,2,0%,1,69.5,0%,0,10021,67000010
2009年全年度,1541011126,營新醫院,3,0,2,1,0%,1,80,0%,0,10021,67000010
2011年上半年度,1541011162,信一骨科醫院,3,0,167,152,0%,1,71.2631,6.57%,10,10021,67000010
2011年全年度,1541011162,信一骨科醫院,3,0,337,300,0%,1,70.9333,6.66%,20,10021,67000010
2012年上半年度,1541011162,信一骨科醫院,3,1,224,205,0.44%,1,72.3024,5.36%,11,10021,67000010
2012年全年度,1541011162,信一骨科醫院,3,2,420,371,0.48%,1,71.8382,5.39%,20,10021,67000010
2013年上半年度,1541011162,信一骨科醫院,3,1,238,221,0.42%,1,70.9909,6.33%,14,10021,67000010
2013年全年度,1541011162,信一骨科醫院,3,1,512,462,0.20%,1,70.7748,7.79%,36,10021,67000010
2014年上半年度,1541011162,信一骨科醫院,3,0,214,208,0%,1,72.4951,4.81%,10,10021,67000010
2014年全年度,1541011162,信一骨科醫院,3,0.0000,425.0000,409,0%,1,72.1075,6.85%,28,10021,67000010
2015年上半年度,1541011162,信一骨科醫院,3,0.0000,184.0000,181,0%,1,72.6961,14.36%,26,10021,67000010
2015年全年度,1541011162,信一骨科醫院,3,1.0000,416.0000,406,0.24%,1,72.0566,14.29%,58,10021,67000010
2016年上半年度,1541011162,信一骨科醫院,3,0.0000,250.0000,249,0%,1,72.3293,10.44%,26,10021,67000010
2016年全年度,1541011162,信一骨科醫院,3,1.0000,493.0000,482,0.2%,1,71.7717,9.13%,44,10021,67000010
2017年上半年度,1541011162,信一骨科醫院,3,1.0000,274.0000,268,0.36%,1,70.8059,8.96%,24,10021,67000010
2017年全年度,1541011162,信一骨科醫院,3,1.0000,496.0000,465,0.2%,1,71.0172,9.89%,46,10021,67000010
2018年上半年度,1541011162,信一骨科醫院,3,1.0000,223.0000,218,0.45%,1,72.5091,6.42%,14,10021,67000010
2018年全年度,1541011162,信一骨科醫院,3,1.0000,372.0000,348,0.27%,1,72.2988,6.9%,24,10021,67000010
2019年上半年度,1541011162,信一骨科醫院,3,0.0000,191.0000,186,0%,1,71.5483,10.75%,20,10021,67000010
2019年全年度,1541011162,信一骨科醫院,3,0.0000,336.0000,318,0%,1,72.3679,10.69%,34,10021,67000010
2020年上半年度,1541011162,信一骨科醫院,3,0.0000,225.0000,217,0%,1,71.5253,12.44%,27,10021,67000010
2020年全年度,1541011162,信一骨科醫院,3,0.0000,419.0000,396,0%,1,72.1010,11.11%,44,10021,67000010
2021年上半年度,1541011162,信一骨科醫院,3,4.0000,161.0000,160,2.48%,1,72.7125,11.25%,18,10021,67000010
2021年全年度,1541011162,信一骨科醫院,3,5.0000,389.0000,378,1.29%,1,71.6243,8.73%,33,10021,67000010
2022年上半年度,1541011162,信一骨科醫院,3,0.0000,225.0000,220,0%,1,72.3363,14.09%,31,10021,67000010
2022年全年度,1541011162,信一骨科醫院,3,0.0000,469.0000,450,0%,1,71.9933,12.22%,55,10021,67000010
2023年上半年度,1541011162,信一骨科醫院,3,0.0000,222.0000,217,0%,1,72.9078,13.36%,29,10021,67000010
2023年全年度,1541011162,信一骨科醫院,3,0.0000,418.0000,394,0%,1,72.0152,14.72%,58,10021,67000010
2024年上半年度,1541011162,信一骨科醫院,3,0.0000,253.0000,249,0%,1,71.5943,10.84%,27,10021,67000010
2024年全年度,1541011162,信一骨科醫院,3,0.0000,459.0000,447,0%,1,71.2841,10.29%,46,10021,67000010
2025年上半年度,1541011162,信一骨科醫院,3,1.0000,239.0000,236,.42%,1,72.1016,11.86%,28,10021,67000010
2006年全年度,1541011162,信一骨科醫院,3,0,60,58,0%,1,71.3103,8.62%,5,10021,67000010
2007年全年度,1541011162,信一骨科醫院,3,0,156,131,0%,1,69.9236,6.10%,8,10021,67000010
2008年全年度,1541011162,信一骨科醫院,3,0,248,212,0%,1,69.4198,4.24%,9,10021,67000010
2009年全年度,1541011162,信一骨科醫院,3,1,345,282,0.28%,1,69.8581,6.38%,18,10021,67000010
2010年全年度,1541011162,信一骨科醫院,3,0,342,288,0%,1,71.0798,7.29%,21,10021,67000010
2013年全年度,1542011282,杏和醫院,3,0,1,1,0%,1,73,0%,0,64000,64000120
2014年全年度,1542011282,杏和醫院,3,0.0000,1.0000,1,0%,1,42.0000,0%,0,64000,64000120
2017年上半年度,1542011282,杏和醫院,3,1.0000,2.0000,2,50%,1,79.5000,0%,0,64000,64000120
2017年全年度,1542011282,杏和醫院,3,1.0000,3.0000,3,33.33%,2,79.0000,0%,0,64000,64000120
2018年上半年度,1542011282,杏和醫院,3,0.0000,1.0000,1,0%,1,63.0000,0%,0,64000,64000120
2018年全年度,1542011282,杏和醫院,3,0.0000,1.0000,1,0%,1,63.0000,0%,0,64000,64000120
2019年上半年度,1542011282,杏和醫院,3,0.0000,3.0000,3,0%,2,71.6666,33.33%,1,64000,64000120
2019年全年度,1542011282,杏和醫院,3,0.0000,4.0000,4,0%,2,74.2500,25%,1,64000,64000120
2020年全年度,1542011282,杏和醫院,3,0.0000,1.0000,1,0%,1,89.0000,0%,0,64000,64000120
2021年全年度,1542011282,杏和醫院,3,0.0000,3.0000,3,0%,2,72.6666,33.33%,1,64000,64000120
2022年上半年度,1542011282,杏和醫院,3,0.0000,1.0000,1,0%,1,81.0000,0%,0,64000,64000120
2022年全年度,1542011282,杏和醫院,3,0.0000,1.0000,1,0%,1,81.0000,0%,0,64000,64000120
2023年上半年度,1542011282,杏和醫院,3,0.0000,1.0000,1,0%,1,70.0000,100%,1,64000,64000120
2023年全年度,1542011282,杏和醫院,3,0.0000,2.0000,2,0%,1,68.0000,50%,1,64000,64000120
2024年上半年度,1542011282,杏和醫院,3,0.0000,2.0000,2,0%,1,70.0000,0%,0,64000,64000120
2024年全年度,1542011282,杏和醫院,3,0.0000,3.0000,3,0%,1,68.6666,0%,0,64000,64000120
2025年上半年度,1542011282,杏和醫院,3,0.0000,2.0000,2,0%,2,66.0000,100%,2,64000,64000120
2011年上半年度,1542020067,光雄長安醫院,3,0,9,9,0%,1,68,0%,0,64000,64000190
2011年全年度,1542020067,光雄長安醫院,3,0,19,19,0%,1,67.3684,0%,0,64000,64000190
2012年上半年度,1542020067,光雄長安醫院,3,0,10,10,0%,2,74.3,0%,0,64000,64000190
2012年全年度,1542020067,光雄長安醫院,3,0,15,15,0%,2,72.6,6.67%,1,64000,64000190
2013年上半年度,1542020067,光雄長安醫院,3,0,22,21,0%,1,72.4761,4.76%,1,64000,64000190
2013年全年度,1542020067,光雄長安醫院,3,0,39,38,0%,1,70.0789,2.63%,1,64000,64000190
2014年上半年度,1542020067,光雄長安醫院,3,1,25,23,4%,2,72.8695,21.74%,5,64000,64000190
2014年全年度,1542020067,光雄長安醫院,3,1.0000,37.0000,34,2.7%,3,72.3529,14.71%,5,64000,64000190
2015年上半年度,1542020067,光雄長安醫院,3,0.0000,16.0000,16,0%,2,67.3750,0%,0,64000,64000190
2015年全年度,1542020067,光雄長安醫院,3,0.0000,35.0000,35,0%,2,68.3714,0%,0,64000,64000190
2016年上半年度,1542020067,光雄長安醫院,3,0.0000,14.0000,13,0%,1,66.0769,0%,0,64000,64000190
2016年全年度,1542020067,光雄長安醫院,3,0.0000,30.0000,29,0%,2,69.5172,6.9%,2,64000,64000190
2017年上半年度,1542020067,光雄長安醫院,3,0.0000,22.0000,22,0%,4,69.8181,22.73%,5,64000,64000190
2017年全年度,1542020067,光雄長安醫院,3,0.0000,51.0000,48,0%,4,72.1041,12.5%,6,64000,64000190
2018年上半年度,1542020067,光雄長安醫院,3,0.0000,22.0000,22,0%,3,71.8181,13.64%,3,64000,64000190
2018年全年度,1542020067,光雄長安醫院,3,0.0000,49.0000,45,0%,3,72.6888,13.33%,6,64000,64000190
2019年上半年度,1542020067,光雄長安醫院,3,0.0000,23.0000,22,0%,3,73.0000,13.64%,3,64000,64000190
2019年全年度,1542020067,光雄長安醫院,3,0.0000,44.0000,41,0%,3,72.5853,12.2%,5,64000,64000190
2020年上半年度,1542020067,光雄長安醫院,3,0.0000,25.0000,24,0%,2,72.4583,0%,0,64000,64000190
2020年全年度,1542020067,光雄長安醫院,3,0.0000,56.0000,54,0%,2,71.5740,3.7%,2,64000,64000190
2021年上半年度,1542020067,光雄長安醫院,3,0.0000,24.0000,24,0%,3,67.7500,12.5%,3,64000,64000190
2021年全年度,1542020067,光雄長安醫院,3,0.0000,49.0000,48,0%,3,68.4583,10.42%,5,64000,64000190
2022年上半年度,1542020067,光雄長安醫院,3,0.0000,26.0000,26,0%,3,70.6153,7.69%,2,64000,64000190
2022年全年度,1542020067,光雄長安醫院,3,0.0000,46.0000,43,0%,3,71.0697,11.63%,5,64000,64000190
2023年上半年度,1542020067,光雄長安醫院,3,0.0000,27.0000,26,0%,3,74.2307,11.54%,3,64000,64000190
2023年全年度,1542020067,光雄長安醫院,3,1.0000,67.0000,63,1.49%,3,71.9523,14.29%,9,64000,64000190
2024年上半年度,1542020067,光雄長安醫院,3,0.0000,40.0000,38,0%,4,70.4736,21.05%,8,64000,64000190
2024年全年度,1542020067,光雄長安醫院,3,0.0000,79.0000,74,0%,4,70.5810,17.57%,13,64000,64000190
2025年上半年度,1542020067,光雄長安醫院,3,0.0000,33.0000,33,0%,2,71.6060,6.06%,2,64000,64000190
2006年全年度,1542020067,光雄長安醫院,3,0,15,15,0%,1,72.3333,20%,3,64000,64000190
2007年全年度,1542020067,光雄長安醫院,3,0,20,18,0%,1,67.3888,11.11%,2,64000,64000190
2008年全年度,1542020067,光雄長安醫院,3,0,18,16,0%,1,69.5625,12.50%,2,64000,64000190
2009年全年度,1542020067,光雄長安醫院,3,0,18,18,0%,1,69.6111,16.66%,3,64000,64000190
2010年全年度,1542020067,光雄長安醫院,3,0,14,14,0%,1,68.3571,7.14%,1,64000,64000190
2011年上半年度,1542030116,溪洲醫院,3,0,15,15,0%,1,72.9333,13.33%,2,64000,64000300
2011年全年度,1542030116,溪洲醫院,3,0,25,22,0%,1,72.5,9.09%,2,64000,64000300
2012年上半年度,1542030116,溪洲醫院,3,0,14,13,0%,1,73.923,7.69%,1,64000,64000300
2012年全年度,1542030116,溪洲醫院,3,0,26,22,0%,1,71.3636,9.09%,2,64000,64000300
2013年上半年度,1542030116,溪洲醫院,3,0,13,13,0%,1,70,7.69%,1,64000,64000300
2013年全年度,1542030116,溪洲醫院,3,0,26,26,0%,1,71,7.69%,2,64000,64000300
2014年上半年度,1542030116,溪洲醫院,3,0,8,8,0%,1,75.25,12.50%,1,64000,64000300
2014年全年度,1542030116,溪洲醫院,3,0.0000,21.0000,21,0%,1,71.6190,4.76%,1,64000,64000300
2015年上半年度,1542030116,溪洲醫院,3,0.0000,9.0000,9,0%,1,68.3333,22.22%,2,64000,64000300
2015年全年度,1542030116,溪洲醫院,3,0.0000,20.0000,20,0%,1,69.7500,10%,2,64000,64000300
2016年上半年度,1542030116,溪洲醫院,3,0.0000,10.0000,10,0%,1,73.1000,0%,0,64000,64000300
2016年全年度,1542030116,溪洲醫院,3,0.0000,24.0000,23,0%,1,70.6956,0%,0,64000,64000300
2017年上半年度,1542030116,溪洲醫院,3,0.0000,14.0000,14,0%,1,68.0000,7.14%,1,64000,64000300
2017年全年度,1542030116,溪洲醫院,3,0.0000,24.0000,22,0%,1,68.5909,4.55%,1,64000,64000300
2018年上半年度,1542030116,溪洲醫院,3,0.0000,7.0000,7,0%,1,73.2857,14.29%,1,64000,64000300
2018年全年度,1542030116,溪洲醫院,3,0.0000,17.0000,16,0%,1,72.7500,6.25%,1,64000,64000300
2019年上半年度,1542030116,溪洲醫院,3,0.0000,8.0000,8,0%,1,69.2500,0%,0,64000,64000300
2019年全年度,1542030116,溪洲醫院,3,0.0000,15.0000,15,0%,1,68.6000,0%,0,64000,64000300
2020年上半年度,1542030116,溪洲醫院,3,0.0000,9.0000,9,0%,1,71.3333,0%,0,64000,64000300
2020年全年度,1542030116,溪洲醫院,3,0.0000,19.0000,18,0%,1,72.7777,0%,0,64000,64000300
2021年上半年度,1542030116,溪洲醫院,3,0.0000,3.0000,3,0%,1,68.3333,33.33%,1,64000,64000300
2021年全年度,1542030116,溪洲醫院,3,0.0000,3.0000,3,0%,1,68.3333,33.33%,1,64000,64000300
2006年全年度,1542030116,溪洲醫院,3,0,16,14,0%,1,68.2857,0%,0,64000,64000300
2007年全年度,1542030116,溪洲醫院,3,0,23,22,0%,1,66.2727,18.18%,4,64000,64000300
2008年全年度,1542030116,溪洲醫院,3,0,23,21,0%,1,68.2857,0%,0,64000,64000300
2009年全年度,1542030116,溪洲醫院,3,0,39,39,0%,2,70.1794,2.56%,1,64000,64000300
2010年全年度,1542030116,溪洲醫院,3,0,30,30,0%,3,69.1333,0%,0,64000,64000300
2011年上半年度,1542050056,建佑醫院,3,0,36,34,0%,2,69.4411,5.88%,2,64000,64000130
2011年全年度,1542050056,建佑醫院,3,1,72,68,1.38%,2,69.1323,7.35%,5,64000,64000130
2012年上半年度,1542050056,建佑醫院,3,0,30,30,0%,1,69.5666,6.66%,2,64000,64000130
2012年全年度,1542050056,建佑醫院,3,0,53,52,0%,1,68.9807,5.77%,3,64000,64000130
2013年上半年度,1542050056,建佑醫院,3,0,26,26,0%,2,67.923,11.54%,3,64000,64000130
2013年全年度,1542050056,建佑醫院,3,1,65,61,1.54%,2,68.9836,8.20%,5,64000,64000130
2014年上半年度,1542050056,建佑醫院,3,0,28,28,0%,1,68.7857,3.57%,1,64000,64000130
2014年全年度,1542050056,建佑醫院,3,1.0000,63.0000,59,1.59%,2,70.2542,11.86%,7,64000,64000130
2015年上半年度,1542050056,建佑醫院,3,0.0000,31.0000,31,0%,1,73.2580,9.68%,3,64000,64000130
2015年全年度,1542050056,建佑醫院,3,0.0000,71.0000,67,0%,2,71.9701,14.93%,10,64000,64000130
2016年上半年度,1542050056,建佑醫院,3,0.0000,31.0000,30,0%,2,69.2666,6.67%,2,64000,64000130
2016年全年度,1542050056,建佑醫院,3,0.0000,68.0000,64,0%,2,69.1093,7.81%,5,64000,64000130
2017年上半年度,1542050056,建佑醫院,3,0.0000,38.0000,34,0%,2,72.0882,0%,0,64000,64000130
2017年全年度,1542050056,建佑醫院,3,0.0000,68.0000,63,0%,2,71.3333,4.76%,3,64000,64000130
2018年上半年度,1542050056,建佑醫院,3,0.0000,37.0000,36,0%,2,70.1111,8.33%,3,64000,64000130
2018年全年度,1542050056,建佑醫院,3,0.0000,61.0000,58,0%,2,70.5517,12.07%,7,64000,64000130
2019年上半年度,1542050056,建佑醫院,3,0.0000,35.0000,35,0%,2,70.8571,20%,7,64000,64000130
2019年全年度,1542050056,建佑醫院,3,0.0000,70.0000,69,0%,2,71.7246,13.04%,9,64000,64000130
2020年上半年度,1542050056,建佑醫院,3,0.0000,34.0000,33,0%,2,71.8484,12.12%,4,64000,64000130
2020年全年度,1542050056,建佑醫院,3,0.0000,71.0000,69,0%,2,71.6521,15.94%,11,64000,64000130
2021年上半年度,1542050056,建佑醫院,3,0.0000,33.0000,33,0%,2,70.3939,21.21%,7,64000,64000130
2021年全年度,1542050056,建佑醫院,3,0.0000,57.0000,55,0%,2,71.1636,21.82%,12,64000,64000130
2022年上半年度,1542050056,建佑醫院,3,0.0000,20.0000,20,0%,2,71.6500,25%,5,64000,64000130
2022年全年度,1542050056,建佑醫院,3,0.0000,51.0000,49,0%,3,72.0816,16.33%,8,64000,64000130
2023年上半年度,1542050056,建佑醫院,3,0.0000,30.0000,29,0%,2,71.6206,6.9%,2,64000,64000130
2023年全年度,1542050056,建佑醫院,3,0.0000,76.0000,72,0%,2,71.3750,8.33%,6,64000,64000130
2024年上半年度,1542050056,建佑醫院,3,0.0000,46.0000,45,0%,3,72.0000,13.33%,6,64000,64000130
2024年全年度,1542050056,建佑醫院,3,0.0000,95.0000,91,0%,3,71.4615,10.99%,10,64000,64000130
2025年上半年度,1542050056,建佑醫院,3,0.0000,46.0000,45,0%,3,73.2222,22.22%,10,64000,64000130
2006年全年度,1542050056,建佑醫院,3,1,67,64,1.49%,2,68.0312,6.25%,4,64000,64000130
2007年全年度,1542050056,建佑醫院,3,0,69,67,0%,3,69.2089,7.46%,5,64000,64000130
2008年全年度,1542050056,建佑醫院,3,0,61,61,0%,2,68.2131,13.11%,8,64000,64000130
2009年全年度,1542050056,建佑醫院,3,2,61,58,3.27%,4,68.4137,3.44%,2,64000,64000130
2010年全年度,1542050056,建佑醫院,3,1,67,63,1.49%,2,70.7777,1.58%,1,64000,64000130
2011年上半年度,1542051151,霖園醫院,3,0,1,1,0%,1,64,0%,0,64000,64000130
2011年全年度,1542051151,霖園醫院,3,0,1,1,0%,1,64,0%,0,64000,64000130
2017年全年度,1542051151,霖園醫院,3,0.0000,1.0000,1,0%,1,65.0000,0%,0,64000,64000130
2018年全年度,1542051151,霖園醫院,3,0.0000,1.0000,1,0%,1,54.0000,0%,0,64000,64000130
2019年全年度,1542051151,霖園醫院,3,0.0000,1.0000,1,0%,1,75.0000,0%,0,64000,64000130
2021年上半年度,1542051151,霖園醫院,3,0.0000,1.0000,1,0%,1,66.0000,0%,0,64000,64000130
2021年全年度,1542051151,霖園醫院,3,0.0000,1.0000,1,0%,1,66.0000,0%,0,64000,64000130
2008年全年度,1542051151,霖園醫院,3,0,1,1,0%,1,68,0%,0,64000,64000130
2009年全年度,1542051151,霖園醫院,3,0,4,4,0%,1,69.5,25%,1,64000,64000130
2010年全年度,1542051151,霖園醫院,3,0,3,3,0%,1,67.6666,0%,0,64000,64000130
2011年上半年度,1543010109,國仁醫院,3,0,34,32,0%,4,69.0937,3.12%,1,10013,10013010
2011年全年度,1543010109,國仁醫院,3,0,61,57,0%,5,68.9824,1.75%,1,10013,10013010
2012年上半年度,1543010109,國仁醫院,3,1,19,19,5.26%,3,68.421,5.26%,1,10013,10013010
2012年全年度,1543010109,國仁醫院,3,1,40,40,2.50%,4,69.25,10%,4,10013,10013010
2013年上半年度,1543010109,國仁醫院,3,0,20,20,0%,3,69.6,5%,1,10013,10013010
2013年全年度,1543010109,國仁醫院,3,1,39,39,2.56%,4,68.641,5.13%,2,10013,10013010
2014年上半年度,1543010109,國仁醫院,3,0,21,21,0%,4,67.3809,0%,0,10013,10013010
2014年全年度,1543010109,國仁醫院,3,0.0000,47.0000,47,0%,4,69.0212,2.13%,1,10013,10013010
2015年上半年度,1543010109,國仁醫院,3,1.0000,19.0000,19,5.26%,4,69.7368,5.26%,1,10013,10013010
2015年全年度,1543010109,國仁醫院,3,1.0000,44.0000,43,2.27%,4,68.2325,4.65%,2,10013,10013010
2016年上半年度,1543010109,國仁醫院,3,0.0000,32.0000,32,0%,4,69.4375,12.5%,4,10013,10013010
2016年全年度,1543010109,國仁醫院,3,0.0000,49.0000,48,0%,4,69.6458,10.42%,5,10013,10013010
2017年上半年度,1543010109,國仁醫院,3,0.0000,9.0000,9,0%,3,66.1111,22.22%,2,10013,10013010
2017年全年度,1543010109,國仁醫院,3,0.0000,30.0000,27,0%,4,68.3333,7.41%,2,10013,10013010
2018年上半年度,1543010109,國仁醫院,3,0.0000,15.0000,14,0%,3,70.4285,14.29%,2,10013,10013010
2018年全年度,1543010109,國仁醫院,3,0.0000,35.0000,33,0%,4,67.4545,18.18%,6,10013,10013010
2019年上半年度,1543010109,國仁醫院,3,0.0000,18.0000,17,0%,3,68.0000,5.88%,1,10013,10013010
2019年全年度,1543010109,國仁醫院,3,0.0000,50.0000,48,0%,4,69.1250,6.25%,3,10013,10013010
2020年上半年度,1543010109,國仁醫院,3,0.0000,17.0000,16,0%,2,68.4375,0%,0,10013,10013010
2020年全年度,1543010109,國仁醫院,3,0.0000,41.0000,38,0%,2,70.8421,13.16%,5,10013,10013010
2021年上半年度,1543010109,國仁醫院,3,0.0000,24.0000,24,0%,2,69.0833,8.33%,2,10013,10013010
2021年全年度,1543010109,國仁醫院,3,0.0000,46.0000,45,0%,2,70.0666,8.89%,4,10013,10013010
2022年上半年度,1543010109,國仁醫院,3,0.0000,20.0000,20,0%,2,71.3000,25%,5,10013,10013010
2022年全年度,1543010109,國仁醫院,3,0.0000,52.0000,50,0%,2,71.2600,18%,9,10013,10013010
2023年上半年度,1543010109,國仁醫院,3,0.0000,21.0000,21,0%,2,68.7142,4.76%,1,10013,10013010
2023年全年度,1543010109,國仁醫院,3,0.0000,46.0000,45,0%,2,68.1555,4.44%,2,10013,10013010
2024年上半年度,1543010109,國仁醫院,3,0.0000,28.0000,28,0%,2,70.7142,17.86%,5,10013,10013010
2024年全年度,1543010109,國仁醫院,3,0.0000,55.0000,52,0%,2,71.5384,13.46%,7,10013,10013010
2025年上半年度,1543010109,國仁醫院,3,0.0000,21.0000,21,0%,2,69.0476,19.05%,4,10013,10013010
2006年全年度,1543010109,國仁醫院,3,0,38,37,0%,4,69.1891,2.70%,1,10013,10013010
2007年全年度,1543010109,國仁醫院,3,0,46,45,0%,4,69,11.11%,5,10013,10013010
2008年全年度,1543010109,國仁醫院,3,1,41,39,2.43%,4,68.5128,7.69%,3,10013,10013010
2009年全年度,1543010109,國仁醫院,3,0,32,31,0%,4,68.7419,9.67%,3,10013,10013010
2010年全年度,1543010109,國仁醫院,3,0,28,28,0%,4,69.3571,3.57%,1,10013,10013010
2011年上半年度,1543020105,茂隆骨科醫院,3,0,50,49,0%,6,67.6326,10.20%,5,10013,10013020
2011年全年度,1543020105,茂隆骨科醫院,3,0,115,112,0%,6,67.8392,6.25%,7,10013,10013020
2012年上半年度,1543020105,茂隆骨科醫院,3,0,69,68,0%,5,68.4705,8.82%,6,10013,10013020
2012年全年度,1543020105,茂隆骨科醫院,3,0,124,115,0%,5,67.8695,8.70%,10,10013,10013020
2013年上半年度,1543020105,茂隆骨科醫院,3,0,46,44,0%,5,67.1363,9.09%,4,10013,10013020
2013年全年度,1543020105,茂隆骨科醫院,3,2,106,100,1.89%,5,66.89,10%,10,10013,10013020
2014年上半年度,1543020105,茂隆骨科醫院,3,0,63,62,0%,5,67.0967,4.84%,3,10013,10013020
2014年全年度,1543020105,茂隆骨科醫院,3,1.0000,113.0000,109,0.88%,5,67.6422,5.5%,6,10013,10013020
2015年上半年度,1543020105,茂隆骨科醫院,3,0.0000,56.0000,55,0%,5,69.6545,1.82%,1,10013,10013020
2015年全年度,1543020105,茂隆骨科醫院,3,0.0000,114.0000,111,0%,6,68.4144,3.6%,4,10013,10013020
2016年上半年度,1543020105,茂隆骨科醫院,3,0.0000,72.0000,68,0%,6,68.7941,5.88%,4,10013,10013020
2016年全年度,1543020105,茂隆骨科醫院,3,0.0000,133.0000,125,0%,7,68.4160,6.4%,8,10013,10013020
2017年上半年度,1543020105,茂隆骨科醫院,3,0.0000,64.0000,62,0%,7,68.5161,8.06%,5,10013,10013020
2017年全年度,1543020105,茂隆骨科醫院,3,0.0000,112.0000,109,0%,7,67.3394,4.59%,5,10013,10013020
2018年上半年度,1543020105,茂隆骨科醫院,3,0.0000,79.0000,78,0%,7,70.3076,14.1%,11,10013,10013020
2018年全年度,1543020105,茂隆骨科醫院,3,1.0000,165.0000,158,0.61%,7,69.0379,11.39%,18,10013,10013020
2019年上半年度,1543020105,茂隆骨科醫院,3,1.0000,63.0000,63,1.59%,7,68.7777,6.35%,4,10013,10013020
2019年全年度,1543020105,茂隆骨科醫院,3,3.0000,137.0000,132,2.19%,7,68.9469,6.82%,9,10013,10013020
2020年上半年度,1543020105,茂隆骨科醫院,3,1.0000,80.0000,78,1.25%,7,67.6666,16.67%,13,10013,10013020
2020年全年度,1543020105,茂隆骨科醫院,3,1.0000,185.0000,178,0.54%,7,68.8651,14.04%,25,10013,10013020
2021年上半年度,1543020105,茂隆骨科醫院,3,0.0000,55.0000,54,0%,8,67.8518,12.96%,7,10013,10013020
2021年全年度,1543020105,茂隆骨科醫院,3,0.0000,150.0000,143,0%,8,67.0000,12.59%,18,10013,10013020
2022年上半年度,1543020105,茂隆骨科醫院,3,0.0000,84.0000,81,0%,7,69.9135,7.41%,6,10013,10013020
2022年全年度,1543020105,茂隆骨科醫院,3,0.0000,170.0000,162,0%,7,69.8395,12.35%,20,10013,10013020
2023年上半年度,1543020105,茂隆骨科醫院,3,0.0000,91.0000,88,0%,7,69.1818,19.32%,17,10013,10013020
2023年全年度,1543020105,茂隆骨科醫院,3,0.0000,188.0000,175,0%,7,69.5542,14.29%,25,10013,10013020
2024年上半年度,1543020105,茂隆骨科醫院,3,0.0000,75.0000,74,0%,7,67.9729,12.16%,9,10013,10013020
2024年全年度,1543020105,茂隆骨科醫院,3,0.0000,182.0000,172,0%,7,68.1220,9.88%,17,10013,10013020
2025年上半年度,1543020105,茂隆骨科醫院,3,0.0000,78.0000,74,0%,7,68.9864,18.92%,14,10013,10013020
2006年全年度,1543020105,茂隆骨科醫院,3,0,78,76,0%,6,68,7.89%,6,10013,10013020
2007年全年度,1543020105,茂隆骨科醫院,3,0,70,68,0%,6,67.4411,5.88%,4,10013,10013020
2008年全年度,1543020105,茂隆骨科醫院,3,0,87,82,0%,6,69.0243,6.09%,5,10013,10013020
2009年全年度,1543020105,茂隆骨科醫院,3,0,89,85,0%,6,66.9882,5.88%,5,10013,10013020
2010年全年度,1543020105,茂隆骨科醫院,3,0,92,84,0%,6,67.2738,8.33%,7,10013,10013020
2015年全年度,1543110033,大新醫院,3,0.0000,1.0000,1,0%,1,67.0000,0%,0,10013,10013110
2016年上半年度,1543110033,大新醫院,3,0.0000,9.0000,9,0%,2,70.4444,22.22%,2,10013,10013110
2016年全年度,1543110033,大新醫院,3,0.0000,27.0000,26,0%,2,69.9615,15.38%,4,10013,10013110
2017年上半年度,1543110033,大新醫院,3,0.0000,9.0000,9,0%,3,77.6666,22.22%,2,10013,10013110
2017年全年度,1543110033,大新醫院,3,0.0000,19.0000,19,0%,3,74.0526,15.79%,3,10013,10013110
2018年上半年度,1543110033,大新醫院,3,0.0000,5.0000,5,0%,1,79.6000,0%,0,10013,10013110
2018年全年度,1543110033,大新醫院,3,0.0000,17.0000,15,0%,2,76.2000,6.67%,1,10013,10013110
2019年上半年度,1543110033,大新醫院,3,0.0000,11.0000,11,0%,3,70.6363,0%,0,10013,10013110
2019年全年度,1543110033,大新醫院,3,0.0000,25.0000,25,0%,3,71.5200,0%,0,10013,10013110
2020年上半年度,1543110033,大新醫院,3,0.0000,10.0000,9,0%,2,69.3333,11.11%,1,10013,10013110
2020年全年度,1543110033,大新醫院,3,0.0000,15.0000,14,0%,2,71.2857,14.29%,2,10013,10013110
2021年上半年度,1543110033,大新醫院,3,0.0000,2.0000,2,0%,1,74.5000,0%,0,10013,10013110
2021年全年度,1543110033,大新醫院,3,0.0000,8.0000,8,0%,2,71.5000,0%,0,10013,10013110
2022年上半年度,1543110033,大新醫院,3,0.0000,16.0000,14,0%,2,65.2142,14.29%,2,10013,10013110
2022年全年度,1543110033,大新醫院,3,0.0000,31.0000,29,0%,3,69.2068,17.24%,5,10013,10013110
2023年上半年度,1543110033,大新醫院,3,0.0000,8.0000,8,0%,1,64.2500,25%,2,10013,10013110
2023年全年度,1543110033,大新醫院,3,0.0000,15.0000,15,0%,3,68.6000,20%,3,10013,10013110
2024年上半年度,1543110033,大新醫院,3,0.0000,13.0000,13,0%,2,73.0000,15.38%,2,10013,10013110
2024年全年度,1543110033,大新醫院,3,0.0000,17.0000,17,0%,2,72.4705,11.76%,2,10013,10013110
2025年上半年度,1543110033,大新醫院,3,0.0000,5.0000,5,0%,3,75.4000,0%,0,10013,10013110
